nohup: ignoring input
2026-02-11 07:19:58.615255: I tensorflow/core/platform/cpu_feature_guard.cc:210] This TensorFlow binary is optimized to use available CPU instructions in performance-critical operations.
To enable the following instructions: AVX2 FMA, in other operations, rebuild TensorFlow with the appropriate compiler flags.
/opt/conda/envs/scMRDR/lib/python3.11/site-packages/anndata/_core/anndata.py:1811: UserWarning: Observation names are not unique. To make them unique, call `.obs_names_make_unique`.
  utils.warn_names_duplicates("obs")
Full data: 58868 cells x 10170 features
Subsampled to 50000 cells for HP search
Modalities: {'0': 25811, '2': 15366, '1': 8823}
Cell types (celltype): 10 classes
Features: RNA=1546, ATAC=8653, Protein=134 (caps: RNA=0, ATAC=0, Protein=0)
Metric eval subset: 10000 cells (SCMRDR_EVAL_SUBSAMPLE=10000)
PCR baselines on raw data: batch_r2=0.0163, modality_r2=0.0158
Search phase: coarse
Search config: {'gamma_min': 10.0, 'gamma_max': 500.0, 'lambda_min': 0.01, 'lambda_max': 5.0, 'lambda_sp_cls_min': 0.1, 'lambda_sp_cls_max': 10.0, 'lr_min': 0.0003, 'lr_max': 0.0015, 'dropout_min': 0.18, 'dropout_max': 0.3, 'latent_dim_choices': [16, 20, 32, 64], 'denoise_hidden_dim': 512, 'batch_size_choices': [128, 256], 'epoch_num': 180, 'patience': 20, 'num_warmup': 10, 'use_causal_dag': False}
Metric weights: {'nmi_kmeans': 1.0, 'ari_kmeans': 1.0, 'silhouette_label': 1.0, 'isolated_labels_asw': 0.8, 'isolated_labels_f1': 0.8, 'clisi': 1.0, 'batch_silhouette': 1.0, 'batch_ilisi': 1.0, 'batch_kbet': 1.0, 'batch_pcr_comparison': 1.0, 'modality_silhouette': 1.0, 'modality_ilisi': 1.0, 'modality_kbet': 1.0, 'graph_connectivity': 1.0, 'modality_pcr_comparison': 1.0}
/root/rivermind-data/scMRDR/optuna_search.py:756: ExperimentalWarning: TensorBoardCallback is experimental (supported from v2.0.0). The interface can change in the future.
  tb_callback = TensorBoardCallback(TB_LOG_DIR, metric_name="CompositeScore")
[I 2026-02-11 07:20:03,813] A new study created in RDB with name: scmrdr_bmmc_nmi_v2
Study has 0 existing trials; target total=100; remaining to run=100

============================================================
Trial 0: gamma=18.065, lambda_adv=3.611, lambda_sp_cls=0.269, lr=0.00058, dropout=0.30, latent_dim=64, denoise_hidden=512, batch_size=256
============================================================
using cuda
Training start!
epoch 1: loss = 15792.0948, Diff_loss = 15017.3813, preserve_loss = 42.8828, adv_loss = 0.0000, discri_loss = 0.0000, sp_cls = 0.1679
epoch 2: loss = 12905.5969, Diff_loss = 12895.5025, preserve_loss = 0.5588, adv_loss = 0.0000, discri_loss = 0.0000, sp_cls = 0.0013
epoch 3: loss = 12471.1511, Diff_loss = 12466.7893, preserve_loss = 0.2415, adv_loss = 0.0000, discri_loss = 0.0000, sp_cls = 0.0004
epoch 4: loss = 12246.4510, Diff_loss = 12243.9372, preserve_loss = 0.1392, adv_loss = 0.0000, discri_loss = 0.0000, sp_cls = 0.0002
epoch 5: loss = 12016.4816, Diff_loss = 12014.7860, preserve_loss = 0.0939, adv_loss = 0.0000, discri_loss = 0.0000, sp_cls = 0.0001
epoch 6: loss = 11958.3704, Diff_loss = 11957.0853, preserve_loss = 0.0711, adv_loss = 0.0000, discri_loss = 0.0000, sp_cls = 0.0001
epoch 7: loss = 11844.3693, Diff_loss = 11843.2844, preserve_loss = 0.0601, adv_loss = 0.0000, discri_loss = 0.0000, sp_cls = 0.0000
epoch 8: loss = 11505.7430, Diff_loss = 11504.8204, preserve_loss = 0.0511, adv_loss = 0.0000, discri_loss = 0.0000, sp_cls = 0.0000
epoch 9: loss = 11388.9974, Diff_loss = 11388.0232, preserve_loss = 0.0539, adv_loss = 0.0000, discri_loss = 0.0000, sp_cls = 0.0000
epoch 10: loss = 11203.6841, Diff_loss = 11202.7444, preserve_loss = 0.0520, adv_loss = 0.0000, discri_loss = 0.0000, sp_cls = 0.0000
epoch 11: loss = 11106.1998, Diff_loss = 11109.1090, preserve_loss = 0.0527, adv_loss = -1.0690, discri_loss = 1.0347, sp_cls = 0.0000
Validation loss decreased (inf --> 10673.999316).  Saving model ...
epoch 12: loss = 10801.0476, Diff_loss = 10803.6609, preserve_loss = 0.0589, adv_loss = -1.0184, discri_loss = 0.8908, sp_cls = 0.0001
Validation loss decreased (10673.999316 --> 10446.341553).  Saving model ...
epoch 13: loss = 10673.2095, Diff_loss = 10675.7660, preserve_loss = 0.0504, adv_loss = -0.9602, discri_loss = 0.7976, sp_cls = 0.0000
Validation loss decreased (10446.341553 --> 10299.884473).  Saving model ...
epoch 14: loss = 10469.4726, Diff_loss = 10471.9094, preserve_loss = 0.0470, adv_loss = -0.9100, discri_loss = 0.7547, sp_cls = 0.0000
Validation loss decreased (10299.884473 --> 10170.250684).  Saving model ...
epoch 15: loss = 10355.4829, Diff_loss = 10357.7072, preserve_loss = 0.0490, adv_loss = -0.8609, discri_loss = 0.7088, sp_cls = 0.0001
Validation loss decreased (10170.250684 --> 10044.111084).  Saving model ...
epoch 16: loss = 10253.0885, Diff_loss = 10255.0777, preserve_loss = 0.0539, adv_loss = -0.8203, discri_loss = 0.6626, sp_cls = 0.0000
Validation loss decreased (10044.111084 --> 9954.737939).  Saving model ...
epoch 17: loss = 10123.1965, Diff_loss = 10125.0055, preserve_loss = 0.0587, adv_loss = -0.7946, discri_loss = 0.6733, sp_cls = 0.0000
Validation loss decreased (9954.737939 --> 9876.753809).  Saving model ...
epoch 18: loss = 10135.1459, Diff_loss = 10136.8980, preserve_loss = 0.0592, adv_loss = -0.7813, discri_loss = 0.6705, sp_cls = 0.0000
Validation loss decreased (9876.753809 --> 9816.230371).  Saving model ...
epoch 19: loss = 9944.2342, Diff_loss = 9945.9832, preserve_loss = 0.0572, adv_loss = -0.7707, discri_loss = 0.6683, sp_cls = 0.0001
Validation loss decreased (9816.230371 --> 9750.875293).  Saving model ...
epoch 20: loss = 10003.4645, Diff_loss = 10005.2048, preserve_loss = 0.0555, adv_loss = -0.7594, discri_loss = 0.6649, sp_cls = 0.0000
Validation loss decreased (9750.875293 --> 9691.340967).  Saving model ...
epoch 21: loss = 9897.4528, Diff_loss = 9899.2589, preserve_loss = 0.0497, adv_loss = -0.7489, discri_loss = 0.6593, sp_cls = 0.0000
Validation loss decreased (9691.340967 --> 9626.086230).  Saving model ...
epoch 22: loss = 9820.6251, Diff_loss = 9822.3864, preserve_loss = 0.0516, adv_loss = -0.7461, discri_loss = 0.6759, sp_cls = 0.0000
Validation loss decreased (9626.086230 --> 9572.550195).  Saving model ...
epoch 23: loss = 9724.3073, Diff_loss = 9726.0555, preserve_loss = 0.0527, adv_loss = -0.7475, discri_loss = 0.6727, sp_cls = 0.0001
Validation loss decreased (9572.550195 --> 9559.612061).  Saving model ...
epoch 24: loss = 9709.7602, Diff_loss = 9711.5402, preserve_loss = 0.0503, adv_loss = -0.7447, discri_loss = 0.6696, sp_cls = 0.0001
Validation loss decreased (9559.612061 --> 9514.984424).  Saving model ...
epoch 25: loss = 9642.5979, Diff_loss = 9644.4191, preserve_loss = 0.0480, adv_loss = -0.7445, discri_loss = 0.6796, sp_cls = 0.0001
Validation loss decreased (9514.984424 --> 9457.451270).  Saving model ...
epoch 26: loss = 9719.3801, Diff_loss = 9721.1544, preserve_loss = 0.0509, adv_loss = -0.7459, discri_loss = 0.6773, sp_cls = 0.0000
Validation loss decreased (9457.451270 --> 9440.526416).  Saving model ...
epoch 27: loss = 9586.7533, Diff_loss = 9588.5387, preserve_loss = 0.0510, adv_loss = -0.7494, discri_loss = 0.6898, sp_cls = 0.0000
Validation loss decreased (9440.526416 --> 9428.911230).  Saving model ...
epoch 28: loss = 9495.9592, Diff_loss = 9497.7672, preserve_loss = 0.0492, adv_loss = -0.7470, discri_loss = 0.6832, sp_cls = 0.0000
Validation loss decreased (9428.911230 --> 9428.185840).  Saving model ...
epoch 29: loss = 9442.2693, Diff_loss = 9444.0771, preserve_loss = 0.0500, adv_loss = -0.7505, discri_loss = 0.6806, sp_cls = 0.0000
Validation loss decreased (9428.185840 --> 9377.406592).  Saving model ...
epoch 30: loss = 9414.3825, Diff_loss = 9416.2318, preserve_loss = 0.0480, adv_loss = -0.7520, discri_loss = 0.6972, sp_cls = 0.0000
Validation loss decreased (9377.406592 --> 9336.288721).  Saving model ...
epoch 31: loss = 9573.1648, Diff_loss = 9574.9875, preserve_loss = 0.0493, adv_loss = -0.7513, discri_loss = 0.6863, sp_cls = 0.0000
EarlyStopping counter: 1 / 20
epoch 32: loss = 9452.7542, Diff_loss = 9454.5606, preserve_loss = 0.0500, adv_loss = -0.7502, discri_loss = 0.6786, sp_cls = 0.0001
Validation loss decreased (9336.288721 --> 9321.153076).  Saving model ...
epoch 33: loss = 9385.2262, Diff_loss = 9387.0440, preserve_loss = 0.0501, adv_loss = -0.7539, discri_loss = 0.6902, sp_cls = 0.0000
EarlyStopping counter: 1 / 20
epoch 34: loss = 9415.6974, Diff_loss = 9417.5383, preserve_loss = 0.0497, adv_loss = -0.7583, discri_loss = 0.7031, sp_cls = 0.0001
Validation loss decreased (9321.153076 --> 9286.799609).  Saving model ...
epoch 35: loss = 9423.8488, Diff_loss = 9425.6566, preserve_loss = 0.0520, adv_loss = -0.7606, discri_loss = 0.7040, sp_cls = 0.0001
Validation loss decreased (9286.799609 --> 9274.866895).  Saving model ...
epoch 36: loss = 9415.5377, Diff_loss = 9417.3396, preserve_loss = 0.0525, adv_loss = -0.7615, discri_loss = 0.7036, sp_cls = 0.0001
EarlyStopping counter: 1 / 20
epoch 37: loss = 9445.2036, Diff_loss = 9447.0714, preserve_loss = 0.0492, adv_loss = -0.7634, discri_loss = 0.7029, sp_cls = 0.0000
Validation loss decreased (9274.866895 --> 9248.488770).  Saving model ...
epoch 38: loss = 9351.5347, Diff_loss = 9353.3826, preserve_loss = 0.0511, adv_loss = -0.7674, discri_loss = 0.7105, sp_cls = 0.0001
EarlyStopping counter: 1 / 20
epoch 39: loss = 9413.2985, Diff_loss = 9415.1119, preserve_loss = 0.0525, adv_loss = -0.7650, discri_loss = 0.7027, sp_cls = 0.0000
Validation loss decreased (9248.488770 --> 9225.433936).  Saving model ...
epoch 40: loss = 9371.8082, Diff_loss = 9373.6473, preserve_loss = 0.0513, adv_loss = -0.7659, discri_loss = 0.7060, sp_cls = 0.0000
inference: loss = 9042.2954, Diff_loss = 9044.3755, preserve_loss = 0.0308, adv_loss = -0.7303
All results recorded in adata.
EarlyStopping counter: 1 / 20
epoch 41: loss = 9354.6096, Diff_loss = 9356.4186, preserve_loss = 0.0535, adv_loss = -0.7687, discri_loss = 0.7079, sp_cls = 0.0000
EarlyStopping counter: 2 / 20
epoch 42: loss = 9281.8450, Diff_loss = 9283.6795, preserve_loss = 0.0516, adv_loss = -0.7661, discri_loss = 0.6994, sp_cls = 0.0001
Validation loss decreased (9225.433936 --> 9212.638037).  Saving model ...
epoch 43: loss = 9316.6645, Diff_loss = 9318.4797, preserve_loss = 0.0525, adv_loss = -0.7651, discri_loss = 0.7033, sp_cls = 0.0001
Validation loss decreased (9212.638037 --> 9209.848340).  Saving model ...
epoch 44: loss = 9241.5355, Diff_loss = 9243.3586, preserve_loss = 0.0523, adv_loss = -0.7662, discri_loss = 0.7083, sp_cls = 0.0001
Validation loss decreased (9209.848340 --> 9188.651318).  Saving model ...
epoch 45: loss = 9279.0100, Diff_loss = 9280.8417, preserve_loss = 0.0517, adv_loss = -0.7658, discri_loss = 0.7081, sp_cls = 0.0001
EarlyStopping counter: 1 / 20
epoch 46: loss = 9321.8639, Diff_loss = 9323.6696, preserve_loss = 0.0526, adv_loss = -0.7630, discri_loss = 0.6953, sp_cls = 0.0001
Validation loss decreased (9188.651318 --> 9186.538867).  Saving model ...
epoch 47: loss = 9211.2505, Diff_loss = 9213.0731, preserve_loss = 0.0524, adv_loss = -0.7667, discri_loss = 0.7099, sp_cls = 0.0001
Validation loss decreased (9186.538867 --> 9170.738232).  Saving model ...
epoch 48: loss = 9324.5146, Diff_loss = 9326.3578, preserve_loss = 0.0515, adv_loss = -0.7680, discri_loss = 0.7092, sp_cls = 0.0001
Validation loss decreased (9170.738232 --> 9146.533301).  Saving model ...
epoch 49: loss = 9298.5936, Diff_loss = 9300.4523, preserve_loss = 0.0510, adv_loss = -0.7699, discri_loss = 0.7088, sp_cls = 0.0001
EarlyStopping counter: 1 / 20
epoch 50: loss = 9277.8321, Diff_loss = 9279.6528, preserve_loss = 0.0525, adv_loss = -0.7669, discri_loss = 0.7047, sp_cls = 0.0000
inference: loss = 8940.9715, Diff_loss = 8942.9681, preserve_loss = 0.0319, adv_loss = -0.7123
All results recorded in adata.
EarlyStopping counter: 2 / 20
epoch 51: loss = 9205.5212, Diff_loss = 9207.3822, preserve_loss = 0.0503, adv_loss = -0.7671, discri_loss = 0.7057, sp_cls = 0.0000
EarlyStopping counter: 3 / 20
epoch 52: loss = 9236.4962, Diff_loss = 9238.3564, preserve_loss = 0.0503, adv_loss = -0.7667, discri_loss = 0.7059, sp_cls = 0.0001
Validation loss decreased (9146.533301 --> 9131.001660).  Saving model ...
epoch 53: loss = 9160.5136, Diff_loss = 9162.3765, preserve_loss = 0.0499, adv_loss = -0.7653, discri_loss = 0.6979, sp_cls = 0.0001
EarlyStopping counter: 1 / 20
epoch 54: loss = 9215.5164, Diff_loss = 9217.3638, preserve_loss = 0.0502, adv_loss = -0.7627, discri_loss = 0.7012, sp_cls = 0.0000
EarlyStopping counter: 2 / 20
epoch 55: loss = 9270.3639, Diff_loss = 9272.1876, preserve_loss = 0.0509, adv_loss = -0.7596, discri_loss = 0.6907, sp_cls = 0.0000
EarlyStopping counter: 3 / 20
epoch 56: loss = 9143.3619, Diff_loss = 9145.1820, preserve_loss = 0.0513, adv_loss = -0.7605, discri_loss = 0.6968, sp_cls = 0.0002
EarlyStopping counter: 4 / 20
epoch 57: loss = 9217.2593, Diff_loss = 9219.0342, preserve_loss = 0.0527, adv_loss = -0.7551, discri_loss = 0.6930, sp_cls = 0.0001
Validation loss decreased (9131.001660 --> 9124.195801).  Saving model ...
epoch 58: loss = 9212.6259, Diff_loss = 9214.4359, preserve_loss = 0.0508, adv_loss = -0.7551, discri_loss = 0.6904, sp_cls = 0.0001
EarlyStopping counter: 1 / 20
epoch 59: loss = 9147.3657, Diff_loss = 9149.1557, preserve_loss = 0.0514, adv_loss = -0.7529, discri_loss = 0.6851, sp_cls = 0.0001
EarlyStopping counter: 2 / 20
epoch 60: loss = 9115.5428, Diff_loss = 9117.3299, preserve_loss = 0.0509, adv_loss = -0.7497, discri_loss = 0.6846, sp_cls = 0.0003
inference: loss = 8895.8083, Diff_loss = 8897.7661, preserve_loss = 0.0302, adv_loss = -0.6933
All results recorded in adata.
EarlyStopping counter: 3 / 20
epoch 61: loss = 9132.0557, Diff_loss = 9133.8501, preserve_loss = 0.0498, adv_loss = -0.7462, discri_loss = 0.6800, sp_cls = 0.0001
EarlyStopping counter: 4 / 20
epoch 62: loss = 9208.1434, Diff_loss = 9209.9191, preserve_loss = 0.0509, adv_loss = -0.7461, discri_loss = 0.6750, sp_cls = 0.0001
EarlyStopping counter: 5 / 20
epoch 63: loss = 9124.5583, Diff_loss = 9126.3416, preserve_loss = 0.0499, adv_loss = -0.7436, discri_loss = 0.6803, sp_cls = 0.0001
EarlyStopping counter: 6 / 20
epoch 64: loss = 9133.6162, Diff_loss = 9135.3940, preserve_loss = 0.0500, adv_loss = -0.7422, discri_loss = 0.6751, sp_cls = 0.0003
Validation loss decreased (9124.195801 --> 9123.561182).  Saving model ...
epoch 65: loss = 9223.8315, Diff_loss = 9225.5916, preserve_loss = 0.0506, adv_loss = -0.7408, discri_loss = 0.6732, sp_cls = 0.0001
Validation loss decreased (9123.561182 --> 9121.457520).  Saving model ...
epoch 66: loss = 9256.4624, Diff_loss = 9258.1997, preserve_loss = 0.0511, adv_loss = -0.7369, discri_loss = 0.6667, sp_cls = 0.0001
EarlyStopping counter: 1 / 20
epoch 67: loss = 9108.2940, Diff_loss = 9110.0471, preserve_loss = 0.0502, adv_loss = -0.7368, discri_loss = 0.6700, sp_cls = 0.0000
EarlyStopping counter: 2 / 20
epoch 68: loss = 9065.3596, Diff_loss = 9067.1101, preserve_loss = 0.0500, adv_loss = -0.7347, discri_loss = 0.6657, sp_cls = 0.0002
EarlyStopping counter: 3 / 20
epoch 69: loss = 9172.2318, Diff_loss = 9173.9745, preserve_loss = 0.0502, adv_loss = -0.7336, discri_loss = 0.6613, sp_cls = 0.0000
Validation loss decreased (9121.457520 --> 9107.242139).  Saving model ...
epoch 70: loss = 9159.0613, Diff_loss = 9160.7991, preserve_loss = 0.0500, adv_loss = -0.7312, discri_loss = 0.6627, sp_cls = 0.0001
inference: loss = 8878.7856, Diff_loss = 8880.6494, preserve_loss = 0.0292, adv_loss = -0.6621
All results recorded in adata.
EarlyStopping counter: 1 / 20
epoch 71: loss = 9167.8677, Diff_loss = 9169.5928, preserve_loss = 0.0503, adv_loss = -0.7295, discri_loss = 0.6593, sp_cls = 0.0002
Validation loss decreased (9107.242139 --> 9106.984863).  Saving model ...
epoch 72: loss = 9136.8914, Diff_loss = 9138.6320, preserve_loss = 0.0493, adv_loss = -0.7286, discri_loss = 0.6609, sp_cls = 0.0000
EarlyStopping counter: 1 / 20
epoch 73: loss = 9169.5698, Diff_loss = 9171.2711, preserve_loss = 0.0511, adv_loss = -0.7270, discri_loss = 0.6612, sp_cls = 0.0001
EarlyStopping counter: 2 / 20
epoch 74: loss = 9163.7584, Diff_loss = 9165.4786, preserve_loss = 0.0501, adv_loss = -0.7269, discri_loss = 0.6584, sp_cls = 0.0001
EarlyStopping counter: 3 / 20
epoch 75: loss = 9083.5015, Diff_loss = 9085.2213, preserve_loss = 0.0496, adv_loss = -0.7243, discri_loss = 0.6577, sp_cls = 0.0001
EarlyStopping counter: 4 / 20
epoch 76: loss = 9210.7657, Diff_loss = 9212.4731, preserve_loss = 0.0499, adv_loss = -0.7226, discri_loss = 0.6556, sp_cls = 0.0001
EarlyStopping counter: 5 / 20
epoch 77: loss = 9117.3606, Diff_loss = 9119.0384, preserve_loss = 0.0500, adv_loss = -0.7149, discri_loss = 0.6431, sp_cls = 0.0001
EarlyStopping counter: 6 / 20
epoch 78: loss = 9098.3417, Diff_loss = 9100.0536, preserve_loss = 0.0486, adv_loss = -0.7170, discri_loss = 0.6526, sp_cls = 0.0001
EarlyStopping counter: 7 / 20
epoch 79: loss = 9267.7019, Diff_loss = 9269.3950, preserve_loss = 0.0493, adv_loss = -0.7155, discri_loss = 0.6495, sp_cls = 0.0000
EarlyStopping counter: 8 / 20
epoch 80: loss = 9117.5675, Diff_loss = 9119.2794, preserve_loss = 0.0481, adv_loss = -0.7146, discri_loss = 0.6460, sp_cls = 0.0000
inference: loss = 8888.9243, Diff_loss = 8890.7317, preserve_loss = 0.0302, adv_loss = -0.6514
All results recorded in adata.
EarlyStopping counter: 9 / 20
epoch 81: loss = 9174.4906, Diff_loss = 9176.2127, preserve_loss = 0.0474, adv_loss = -0.7141, discri_loss = 0.6569, sp_cls = 0.0001
EarlyStopping counter: 10 / 20
epoch 82: loss = 9143.2702, Diff_loss = 9144.9930, preserve_loss = 0.0479, adv_loss = -0.7168, discri_loss = 0.6498, sp_cls = 0.0001
EarlyStopping counter: 11 / 20
epoch 83: loss = 9151.7931, Diff_loss = 9153.4736, preserve_loss = 0.0501, adv_loss = -0.7162, discri_loss = 0.6504, sp_cls = 0.0003
EarlyStopping counter: 12 / 20
epoch 84: loss = 9080.1230, Diff_loss = 9081.8111, preserve_loss = 0.0494, adv_loss = -0.7148, discri_loss = 0.6556, sp_cls = 0.0001
EarlyStopping counter: 13 / 20
epoch 85: loss = 9210.9860, Diff_loss = 9212.6706, preserve_loss = 0.0490, adv_loss = -0.7116, discri_loss = 0.6482, sp_cls = 0.0001
EarlyStopping counter: 14 / 20
epoch 86: loss = 9305.1599, Diff_loss = 9306.8370, preserve_loss = 0.0491, adv_loss = -0.7099, discri_loss = 0.6427, sp_cls = 0.0002
EarlyStopping counter: 15 / 20
epoch 87: loss = 9161.5772, Diff_loss = 9163.2724, preserve_loss = 0.0480, adv_loss = -0.7095, discri_loss = 0.6475, sp_cls = 0.0000
EarlyStopping counter: 16 / 20
epoch 88: loss = 9179.7036, Diff_loss = 9181.4111, preserve_loss = 0.0479, adv_loss = -0.7122, discri_loss = 0.6504, sp_cls = 0.0001
EarlyStopping counter: 17 / 20
epoch 89: loss = 9265.0873, Diff_loss = 9266.7925, preserve_loss = 0.0475, adv_loss = -0.7100, discri_loss = 0.6452, sp_cls = 0.0003
EarlyStopping counter: 18 / 20
epoch 90: loss = 9141.2929, Diff_loss = 9143.0148, preserve_loss = 0.0467, adv_loss = -0.7106, discri_loss = 0.6480, sp_cls = 0.0001
inference: loss = 8899.1866, Diff_loss = 8901.0413, preserve_loss = 0.0278, adv_loss = -0.6529
All results recorded in adata.
EarlyStopping counter: 19 / 20
epoch 91: loss = 9275.5611, Diff_loss = 9277.2645, preserve_loss = 0.0478, adv_loss = -0.7110, discri_loss = 0.6472, sp_cls = 0.0001
EarlyStopping counter: 20 / 20
Early stopping at epoch 91
Training finished!
inference: loss = 8880.2669, Diff_loss = 8882.1137, preserve_loss = 0.0315, adv_loss = -0.6690
All results recorded in adata.
>>> Trial 0 score=0.5338
    [Bio] NMI=0.5178, ARI=0.4196, label_ASW=0.5390, cLISI=0.9567, iso_ASW=0.5340, iso_F1=0.6717
    [Batch] sil=0.9672, iLISI=0.2905, kBET=0.0708, PCR=0.0000
    [Modality] sil=0.9968, iLISI=0.3138, kBET=0.1572, PCR=0.6741, graph_conn=0.9251
[I 2026-02-11 07:43:26,656] Trial 0 finished with value: 0.533776571313135 and parameters: {'gamma': 18.06476594604226, 'lambda_adv': 3.6111967449819296, 'lr': 0.0005795993398928401, 'dropout_rate': 0.2955547476566177, 'latent_dim': 64, 'lambda_sp_cls': 0.2692596680182344, 'batch_size': 256}. Best is trial 0 with value: 0.533776571313135.
WARNING: All log messages before absl::InitializeLog() is called are written to STDERR
W0000 00:00:1770795807.184950   26638 gpu_device.cc:2342] Cannot dlopen some GPU libraries. Please make sure the missing libraries mentioned above are installed properly if you would like to use GPU. Follow the guide at https://www.tensorflow.org/install/gpu for how to download and setup the required libraries for your platform.
Skipping registering GPU devices...

============================================================
Trial 1: gamma=140.609, lambda_adv=0.025, lambda_sp_cls=7.076, lr=0.00048, dropout=0.28, latent_dim=32, denoise_hidden=512, batch_size=256
============================================================
using cuda
Training start!
epoch 1: loss = 16864.2889, Diff_loss = 15079.7389, preserve_loss = 12.6701, adv_loss = 0.0000, discri_loss = 0.0000, sp_cls = 0.4279
epoch 2: loss = 13010.8471, Diff_loss = 12997.4799, preserve_loss = 0.0927, adv_loss = 0.0000, discri_loss = 0.0000, sp_cls = 0.0478
epoch 3: loss = 12669.8105, Diff_loss = 12663.7679, preserve_loss = 0.0422, adv_loss = 0.0000, discri_loss = 0.0000, sp_cls = 0.0150
epoch 4: loss = 12219.8706, Diff_loss = 12216.4789, preserve_loss = 0.0238, adv_loss = 0.0000, discri_loss = 0.0000, sp_cls = 0.0070
epoch 5: loss = 12068.4772, Diff_loss = 12066.3006, preserve_loss = 0.0153, adv_loss = 0.0000, discri_loss = 0.0000, sp_cls = 0.0040
epoch 6: loss = 11927.1404, Diff_loss = 11925.5567, preserve_loss = 0.0111, adv_loss = 0.0000, discri_loss = 0.0000, sp_cls = 0.0027
epoch 7: loss = 11824.7470, Diff_loss = 11823.4358, preserve_loss = 0.0092, adv_loss = 0.0000, discri_loss = 0.0000, sp_cls = 0.0019
epoch 8: loss = 11755.3320, Diff_loss = 11754.1473, preserve_loss = 0.0083, adv_loss = 0.0000, discri_loss = 0.0000, sp_cls = 0.0016
epoch 9: loss = 11622.0804, Diff_loss = 11620.9922, preserve_loss = 0.0077, adv_loss = 0.0000, discri_loss = 0.0000, sp_cls = 0.0014
epoch 10: loss = 11441.9690, Diff_loss = 11440.7777, preserve_loss = 0.0084, adv_loss = 0.0000, discri_loss = 0.0000, sp_cls = 0.0014
epoch 11: loss = 11191.0976, Diff_loss = 11189.9444, preserve_loss = 0.0083, adv_loss = -1.0560, discri_loss = 1.1048, sp_cls = 0.0014
Validation loss decreased (inf --> 10801.904639).  Saving model ...
epoch 12: loss = 11079.0676, Diff_loss = 11077.9771, preserve_loss = 0.0079, adv_loss = -1.0291, discri_loss = 0.9429, sp_cls = 0.0009
Validation loss decreased (10801.904639 --> 10589.637500).  Saving model ...
epoch 13: loss = 10810.3347, Diff_loss = 10809.4615, preserve_loss = 0.0063, adv_loss = -0.9963, discri_loss = 0.8838, sp_cls = 0.0009
Validation loss decreased (10589.637500 --> 10411.501855).  Saving model ...
epoch 14: loss = 10654.1410, Diff_loss = 10653.3730, preserve_loss = 0.0056, adv_loss = -0.9576, discri_loss = 0.8337, sp_cls = 0.0005
Validation loss decreased (10411.501855 --> 10255.679736).  Saving model ...
epoch 15: loss = 10492.9941, Diff_loss = 10492.2634, preserve_loss = 0.0053, adv_loss = -0.9274, discri_loss = 0.8036, sp_cls = 0.0003
Validation loss decreased (10255.679736 --> 10129.493555).  Saving model ...
epoch 16: loss = 10357.3453, Diff_loss = 10356.6480, preserve_loss = 0.0051, adv_loss = -0.8957, discri_loss = 0.7635, sp_cls = 0.0004
Validation loss decreased (10129.493555 --> 10019.859375).  Saving model ...
epoch 17: loss = 10153.9637, Diff_loss = 10153.2321, preserve_loss = 0.0053, adv_loss = -0.8709, discri_loss = 0.7575, sp_cls = 0.0003
Validation loss decreased (10019.859375 --> 9925.150879).  Saving model ...
epoch 18: loss = 10104.4457, Diff_loss = 10103.6465, preserve_loss = 0.0058, adv_loss = -0.8433, discri_loss = 0.7264, sp_cls = 0.0004
Validation loss decreased (9925.150879 --> 9831.979980).  Saving model ...
epoch 19: loss = 10071.6890, Diff_loss = 10070.8480, preserve_loss = 0.0061, adv_loss = -0.8264, discri_loss = 0.7203, sp_cls = 0.0004
Validation loss decreased (9831.979980 --> 9765.533887).  Saving model ...
epoch 20: loss = 9979.3128, Diff_loss = 9978.4082, preserve_loss = 0.0066, adv_loss = -0.8133, discri_loss = 0.7139, sp_cls = 0.0003
Validation loss decreased (9765.533887 --> 9689.944678).  Saving model ...
epoch 21: loss = 9880.7315, Diff_loss = 9879.8119, preserve_loss = 0.0067, adv_loss = -0.7953, discri_loss = 0.7078, sp_cls = 0.0002
Validation loss decreased (9689.944678 --> 9657.985791).  Saving model ...
epoch 22: loss = 9761.2167, Diff_loss = 9760.3119, preserve_loss = 0.0066, adv_loss = -0.7864, discri_loss = 0.6989, sp_cls = 0.0002
Validation loss decreased (9657.985791 --> 9611.093213).  Saving model ...
epoch 23: loss = 9717.7399, Diff_loss = 9716.8694, preserve_loss = 0.0063, adv_loss = -0.7715, discri_loss = 0.6877, sp_cls = 0.0002
Validation loss decreased (9611.093213 --> 9570.313672).  Saving model ...
epoch 24: loss = 9638.6440, Diff_loss = 9637.7461, preserve_loss = 0.0065, adv_loss = -0.7666, discri_loss = 0.6825, sp_cls = 0.0001
Validation loss decreased (9570.313672 --> 9547.483105).  Saving model ...
epoch 25: loss = 9636.1663, Diff_loss = 9635.2989, preserve_loss = 0.0063, adv_loss = -0.7535, discri_loss = 0.6698, sp_cls = 0.0002
Validation loss decreased (9547.483105 --> 9490.377490).  Saving model ...
epoch 26: loss = 9667.2242, Diff_loss = 9666.3704, preserve_loss = 0.0062, adv_loss = -0.7500, discri_loss = 0.6837, sp_cls = 0.0002
Validation loss decreased (9490.377490 --> 9464.617236).  Saving model ...
epoch 27: loss = 9458.5142, Diff_loss = 9457.6935, preserve_loss = 0.0060, adv_loss = -0.7446, discri_loss = 0.6815, sp_cls = 0.0002
Validation loss decreased (9464.617236 --> 9422.109229).  Saving model ...
epoch 28: loss = 9612.6805, Diff_loss = 9611.8213, preserve_loss = 0.0062, adv_loss = -0.7360, discri_loss = 0.6633, sp_cls = 0.0001
Validation loss decreased (9422.109229 --> 9421.774072).  Saving model ...
epoch 29: loss = 9511.0609, Diff_loss = 9510.2413, preserve_loss = 0.0060, adv_loss = -0.7386, discri_loss = 0.6706, sp_cls = 0.0002
Validation loss decreased (9421.774072 --> 9387.968115).  Saving model ...
epoch 30: loss = 9510.9390, Diff_loss = 9510.1103, preserve_loss = 0.0060, adv_loss = -0.7321, discri_loss = 0.6730, sp_cls = 0.0001
Validation loss decreased (9387.968115 --> 9360.573193).  Saving model ...
epoch 31: loss = 9508.5330, Diff_loss = 9507.6622, preserve_loss = 0.0063, adv_loss = -0.7314, discri_loss = 0.6711, sp_cls = 0.0001
Validation loss decreased (9360.573193 --> 9345.955908).  Saving model ...
epoch 32: loss = 9458.2895, Diff_loss = 9457.5080, preserve_loss = 0.0057, adv_loss = -0.7256, discri_loss = 0.6719, sp_cls = 0.0001
Validation loss decreased (9345.955908 --> 9333.177930).  Saving model ...
epoch 33: loss = 9364.1582, Diff_loss = 9363.3105, preserve_loss = 0.0061, adv_loss = -0.7290, discri_loss = 0.6694, sp_cls = 0.0001
Validation loss decreased (9333.177930 --> 9325.978320).  Saving model ...
epoch 34: loss = 9446.1985, Diff_loss = 9445.3967, preserve_loss = 0.0058, adv_loss = -0.7228, discri_loss = 0.6523, sp_cls = 0.0003
Validation loss decreased (9325.978320 --> 9320.840820).  Saving model ...
epoch 35: loss = 9457.5139, Diff_loss = 9456.6771, preserve_loss = 0.0061, adv_loss = -0.7175, discri_loss = 0.6549, sp_cls = 0.0001
Validation loss decreased (9320.840820 --> 9282.625537).  Saving model ...
epoch 36: loss = 9387.2830, Diff_loss = 9386.5066, preserve_loss = 0.0056, adv_loss = -0.7183, discri_loss = 0.6670, sp_cls = 0.0001
EarlyStopping counter: 1 / 20
epoch 37: loss = 9401.8861, Diff_loss = 9401.1143, preserve_loss = 0.0056, adv_loss = -0.7172, discri_loss = 0.6568, sp_cls = 0.0001
Validation loss decreased (9282.625537 --> 9272.682520).  Saving model ...
epoch 38: loss = 9412.9350, Diff_loss = 9412.1415, preserve_loss = 0.0058, adv_loss = -0.7202, discri_loss = 0.6633, sp_cls = 0.0001
Validation loss decreased (9272.682520 --> 9245.251025).  Saving model ...
epoch 39: loss = 9398.6599, Diff_loss = 9397.8787, preserve_loss = 0.0057, adv_loss = -0.7188, discri_loss = 0.6572, sp_cls = 0.0004
EarlyStopping counter: 1 / 20
epoch 40: loss = 9464.6800, Diff_loss = 9463.9055, preserve_loss = 0.0056, adv_loss = -0.7154, discri_loss = 0.6561, sp_cls = 0.0001
inference: loss = 9075.3987, Diff_loss = 9074.8061, preserve_loss = 0.0043, adv_loss = -0.6538
All results recorded in adata.
Validation loss decreased (9245.251025 --> 9229.639990).  Saving model ...
epoch 41: loss = 9346.0433, Diff_loss = 9345.2727, preserve_loss = 0.0056, adv_loss = -0.7121, discri_loss = 0.6470, sp_cls = 0.0003
EarlyStopping counter: 1 / 20
epoch 42: loss = 9304.1252, Diff_loss = 9303.3680, preserve_loss = 0.0055, adv_loss = -0.7130, discri_loss = 0.6581, sp_cls = 0.0002
Validation loss decreased (9229.639990 --> 9201.307080).  Saving model ...
epoch 43: loss = 9389.6355, Diff_loss = 9388.8903, preserve_loss = 0.0054, adv_loss = -0.7095, discri_loss = 0.6502, sp_cls = 0.0002
Validation loss decreased (9201.307080 --> 9198.365381).  Saving model ...
epoch 44: loss = 9297.9706, Diff_loss = 9297.2415, preserve_loss = 0.0053, adv_loss = -0.7085, discri_loss = 0.6521, sp_cls = 0.0002
EarlyStopping counter: 1 / 20
epoch 45: loss = 9291.0492, Diff_loss = 9290.3023, preserve_loss = 0.0054, adv_loss = -0.7101, discri_loss = 0.6527, sp_cls = 0.0002
Validation loss decreased (9198.365381 --> 9180.005176).  Saving model ...
epoch 46: loss = 9326.9381, Diff_loss = 9326.1907, preserve_loss = 0.0054, adv_loss = -0.7088, discri_loss = 0.6513, sp_cls = 0.0002
EarlyStopping counter: 1 / 20
epoch 47: loss = 9185.3431, Diff_loss = 9184.6132, preserve_loss = 0.0053, adv_loss = -0.7100, discri_loss = 0.6536, sp_cls = 0.0003
EarlyStopping counter: 2 / 20
epoch 48: loss = 9213.3998, Diff_loss = 9212.6657, preserve_loss = 0.0053, adv_loss = -0.7098, discri_loss = 0.6548, sp_cls = 0.0002
EarlyStopping counter: 3 / 20
epoch 49: loss = 9226.4278, Diff_loss = 9225.7279, preserve_loss = 0.0051, adv_loss = -0.7064, discri_loss = 0.6480, sp_cls = 0.0003
EarlyStopping counter: 4 / 20
epoch 50: loss = 9235.4874, Diff_loss = 9234.7920, preserve_loss = 0.0051, adv_loss = -0.7075, discri_loss = 0.6404, sp_cls = 0.0003
inference: loss = 8952.4470, Diff_loss = 8951.9358, preserve_loss = 0.0037, adv_loss = -0.6457
All results recorded in adata.
Validation loss decreased (9180.005176 --> 9135.827490).  Saving model ...
epoch 51: loss = 9338.5517, Diff_loss = 9337.8278, preserve_loss = 0.0053, adv_loss = -0.6999, discri_loss = 0.6388, sp_cls = 0.0002
EarlyStopping counter: 1 / 20
epoch 52: loss = 9129.8589, Diff_loss = 9129.1679, preserve_loss = 0.0050, adv_loss = -0.7027, discri_loss = 0.6499, sp_cls = 0.0002
EarlyStopping counter: 2 / 20
epoch 53: loss = 9181.2476, Diff_loss = 9180.5572, preserve_loss = 0.0050, adv_loss = -0.7001, discri_loss = 0.6433, sp_cls = 0.0002
EarlyStopping counter: 3 / 20
epoch 54: loss = 9122.5023, Diff_loss = 9121.7978, preserve_loss = 0.0051, adv_loss = -0.6995, discri_loss = 0.6390, sp_cls = 0.0003
EarlyStopping counter: 4 / 20
epoch 55: loss = 9207.4124, Diff_loss = 9206.7110, preserve_loss = 0.0051, adv_loss = -0.6982, discri_loss = 0.6444, sp_cls = 0.0003
EarlyStopping counter: 5 / 20
epoch 56: loss = 9248.8485, Diff_loss = 9248.1456, preserve_loss = 0.0051, adv_loss = -0.6937, discri_loss = 0.6326, sp_cls = 0.0003
EarlyStopping counter: 6 / 20
epoch 57: loss = 9214.6553, Diff_loss = 9213.9885, preserve_loss = 0.0048, adv_loss = -0.6924, discri_loss = 0.6386, sp_cls = 0.0003
EarlyStopping counter: 7 / 20
epoch 58: loss = 9253.1832, Diff_loss = 9252.5142, preserve_loss = 0.0049, adv_loss = -0.6989, discri_loss = 0.6422, sp_cls = 0.0002
Validation loss decreased (9135.827490 --> 9126.224219).  Saving model ...
epoch 59: loss = 9169.8534, Diff_loss = 9169.1651, preserve_loss = 0.0050, adv_loss = -0.6927, discri_loss = 0.6304, sp_cls = 0.0002
EarlyStopping counter: 1 / 20
epoch 60: loss = 9207.9221, Diff_loss = 9207.2359, preserve_loss = 0.0050, adv_loss = -0.6864, discri_loss = 0.6248, sp_cls = 0.0002
inference: loss = 8902.1847, Diff_loss = 8901.7307, preserve_loss = 0.0033, adv_loss = -0.6289
All results recorded in adata.
EarlyStopping counter: 2 / 20
epoch 61: loss = 9185.1732, Diff_loss = 9184.5099, preserve_loss = 0.0048, adv_loss = -0.6876, discri_loss = 0.6289, sp_cls = 0.0002
EarlyStopping counter: 3 / 20
epoch 62: loss = 9160.3335, Diff_loss = 9159.6617, preserve_loss = 0.0049, adv_loss = -0.6860, discri_loss = 0.6316, sp_cls = 0.0002
EarlyStopping counter: 4 / 20
epoch 63: loss = 9169.4679, Diff_loss = 9168.8156, preserve_loss = 0.0047, adv_loss = -0.6837, discri_loss = 0.6174, sp_cls = 0.0002
EarlyStopping counter: 5 / 20
epoch 64: loss = 9171.2889, Diff_loss = 9170.6280, preserve_loss = 0.0048, adv_loss = -0.6810, discri_loss = 0.6170, sp_cls = 0.0002
EarlyStopping counter: 6 / 20
epoch 65: loss = 9308.3224, Diff_loss = 9307.6553, preserve_loss = 0.0049, adv_loss = -0.6757, discri_loss = 0.6147, sp_cls = 0.0002
EarlyStopping counter: 7 / 20
epoch 66: loss = 9207.7971, Diff_loss = 9207.1342, preserve_loss = 0.0048, adv_loss = -0.6765, discri_loss = 0.6137, sp_cls = 0.0002
Validation loss decreased (9126.224219 --> 9095.182666).  Saving model ...
epoch 67: loss = 9184.1793, Diff_loss = 9183.5136, preserve_loss = 0.0048, adv_loss = -0.6723, discri_loss = 0.6113, sp_cls = 0.0003
EarlyStopping counter: 1 / 20
epoch 68: loss = 9243.8938, Diff_loss = 9243.2146, preserve_loss = 0.0049, adv_loss = -0.6704, discri_loss = 0.6094, sp_cls = 0.0003
EarlyStopping counter: 2 / 20
epoch 69: loss = 9230.7971, Diff_loss = 9230.1304, preserve_loss = 0.0048, adv_loss = -0.6691, discri_loss = 0.6084, sp_cls = 0.0002
EarlyStopping counter: 3 / 20
epoch 70: loss = 9148.8167, Diff_loss = 9148.1648, preserve_loss = 0.0047, adv_loss = -0.6686, discri_loss = 0.6047, sp_cls = 0.0003
inference: loss = 8899.2526, Diff_loss = 8898.7757, preserve_loss = 0.0035, adv_loss = -0.6061
All results recorded in adata.
EarlyStopping counter: 4 / 20
epoch 71: loss = 9083.8496, Diff_loss = 9083.2017, preserve_loss = 0.0047, adv_loss = -0.6662, discri_loss = 0.6071, sp_cls = 0.0002
EarlyStopping counter: 5 / 20
epoch 72: loss = 9175.8290, Diff_loss = 9175.1584, preserve_loss = 0.0049, adv_loss = -0.6671, discri_loss = 0.6063, sp_cls = 0.0005
EarlyStopping counter: 6 / 20
epoch 73: loss = 9244.7091, Diff_loss = 9244.0435, preserve_loss = 0.0048, adv_loss = -0.6668, discri_loss = 0.6081, sp_cls = 0.0004
EarlyStopping counter: 7 / 20
epoch 74: loss = 9159.0921, Diff_loss = 9158.4492, preserve_loss = 0.0047, adv_loss = -0.6663, discri_loss = 0.6048, sp_cls = 0.0004
EarlyStopping counter: 8 / 20
epoch 75: loss = 9229.8016, Diff_loss = 9229.1459, preserve_loss = 0.0048, adv_loss = -0.6607, discri_loss = 0.5977, sp_cls = 0.0002
EarlyStopping counter: 9 / 20
epoch 76: loss = 9186.1933, Diff_loss = 9185.5435, preserve_loss = 0.0047, adv_loss = -0.6605, discri_loss = 0.6015, sp_cls = 0.0002
EarlyStopping counter: 10 / 20
epoch 77: loss = 9214.3428, Diff_loss = 9213.6823, preserve_loss = 0.0048, adv_loss = -0.6580, discri_loss = 0.5972, sp_cls = 0.0002
EarlyStopping counter: 11 / 20
epoch 78: loss = 9150.7845, Diff_loss = 9150.1264, preserve_loss = 0.0048, adv_loss = -0.6573, discri_loss = 0.5990, sp_cls = 0.0002
EarlyStopping counter: 12 / 20
epoch 79: loss = 9198.5258, Diff_loss = 9197.8730, preserve_loss = 0.0047, adv_loss = -0.6595, discri_loss = 0.6016, sp_cls = 0.0002
EarlyStopping counter: 13 / 20
epoch 80: loss = 9141.6005, Diff_loss = 9140.9370, preserve_loss = 0.0048, adv_loss = -0.6596, discri_loss = 0.6069, sp_cls = 0.0005
inference: loss = 8896.2745, Diff_loss = 8895.8312, preserve_loss = 0.0033, adv_loss = -0.5977
All results recorded in adata.
EarlyStopping counter: 14 / 20
epoch 81: loss = 9183.6056, Diff_loss = 9182.9395, preserve_loss = 0.0048, adv_loss = -0.6573, discri_loss = 0.5976, sp_cls = 0.0004
EarlyStopping counter: 15 / 20
epoch 82: loss = 9144.1743, Diff_loss = 9143.5042, preserve_loss = 0.0049, adv_loss = -0.6555, discri_loss = 0.5991, sp_cls = 0.0002
EarlyStopping counter: 16 / 20
epoch 83: loss = 9109.0232, Diff_loss = 9108.3688, preserve_loss = 0.0048, adv_loss = -0.6543, discri_loss = 0.5917, sp_cls = 0.0002
EarlyStopping counter: 17 / 20
epoch 84: loss = 9244.0657, Diff_loss = 9243.4043, preserve_loss = 0.0048, adv_loss = -0.6551, discri_loss = 0.5982, sp_cls = 0.0003
EarlyStopping counter: 18 / 20
epoch 85: loss = 9125.1130, Diff_loss = 9124.4728, preserve_loss = 0.0047, adv_loss = -0.6549, discri_loss = 0.5949, sp_cls = 0.0003
EarlyStopping counter: 19 / 20
epoch 86: loss = 9108.4769, Diff_loss = 9107.8037, preserve_loss = 0.0049, adv_loss = -0.6537, discri_loss = 0.5967, sp_cls = 0.0002
EarlyStopping counter: 20 / 20
Early stopping at epoch 86
Training finished!
inference: loss = 8894.1046, Diff_loss = 8893.6516, preserve_loss = 0.0033, adv_loss = -0.6160
All results recorded in adata.
>>> Trial 1 score=0.4862
    [Bio] NMI=0.5163, ARI=0.4300, label_ASW=0.5320, cLISI=0.9557, iso_ASW=0.5133, iso_F1=0.3551
    [Batch] sil=0.9627, iLISI=0.2756, kBET=0.0585, PCR=0.0000
    [Modality] sil=0.9999, iLISI=0.2551, kBET=0.1079, PCR=0.4128, graph_conn=0.8977
[I 2026-02-11 08:05:13,925] Trial 1 finished with value: 0.48622681172507115 and parameters: {'gamma': 140.60892426873383, 'lambda_adv': 0.024576467664087137, 'lr': 0.00048143365435102505, 'dropout_rate': 0.2774992987263801, 'latent_dim': 32, 'lambda_sp_cls': 7.075749661081052, 'batch_size': 256}. Best is trial 0 with value: 0.533776571313135.

============================================================
Trial 2: gamma=18.521, lambda_adv=2.690, lambda_sp_cls=0.267, lr=0.00109, dropout=0.20, latent_dim=16, denoise_hidden=512, batch_size=128
============================================================
using cuda
Training start!
epoch 1: loss = 13678.1263, Diff_loss = 13654.2276, preserve_loss = 1.2872, adv_loss = 0.0000, discri_loss = 0.0000, sp_cls = 0.2147
epoch 2: loss = 12165.6168, Diff_loss = 12164.9712, preserve_loss = 0.0348, adv_loss = 0.0000, discri_loss = 0.0000, sp_cls = 0.0030
epoch 3: loss = 11453.8551, Diff_loss = 11453.5290, preserve_loss = 0.0176, adv_loss = 0.0000, discri_loss = 0.0000, sp_cls = 0.0010
epoch 4: loss = 11263.0536, Diff_loss = 11262.7768, preserve_loss = 0.0149, adv_loss = 0.0000, discri_loss = 0.0000, sp_cls = 0.0004
epoch 5: loss = 10897.7980, Diff_loss = 10897.3915, preserve_loss = 0.0219, adv_loss = 0.0000, discri_loss = 0.0000, sp_cls = 0.0003
epoch 6: loss = 10785.7601, Diff_loss = 10785.3290, preserve_loss = 0.0233, adv_loss = 0.0000, discri_loss = 0.0000, sp_cls = 0.0002
epoch 7: loss = 10609.1889, Diff_loss = 10608.6410, preserve_loss = 0.0296, adv_loss = 0.0000, discri_loss = 0.0000, sp_cls = 0.0001
epoch 8: loss = 10642.0349, Diff_loss = 10640.7391, preserve_loss = 0.0700, adv_loss = 0.0000, discri_loss = 0.0000, sp_cls = 0.0009
epoch 9: loss = 10360.5614, Diff_loss = 10359.9800, preserve_loss = 0.0314, adv_loss = 0.0000, discri_loss = 0.0000, sp_cls = 0.0001
epoch 10: loss = 10348.2328, Diff_loss = 10347.5514, preserve_loss = 0.0368, adv_loss = 0.0000, discri_loss = 0.0000, sp_cls = 0.0001
epoch 11: loss = 10270.8990, Diff_loss = 10272.5397, preserve_loss = 0.0508, adv_loss = -0.9593, discri_loss = 0.8414, sp_cls = 0.0000
Validation loss decreased (inf --> 10008.924487).  Saving model ...
epoch 12: loss = 10138.6832, Diff_loss = 10139.4440, preserve_loss = 0.0729, adv_loss = -0.7846, discri_loss = 0.6542, sp_cls = 0.0000
Validation loss decreased (10008.924487 --> 9895.094995).  Saving model ...
epoch 13: loss = 10150.2363, Diff_loss = 10150.3160, preserve_loss = 0.0976, adv_loss = -0.7016, discri_loss = 0.6111, sp_cls = 0.0000
Validation loss decreased (9895.094995 --> 9861.411255).  Saving model ...
epoch 14: loss = 10064.9776, Diff_loss = 10064.7268, preserve_loss = 0.1109, adv_loss = -0.6704, discri_loss = 0.5862, sp_cls = 0.0000
Validation loss decreased (9861.411255 --> 9771.137036).  Saving model ...
epoch 15: loss = 9999.4014, Diff_loss = 9998.8730, preserve_loss = 0.1212, adv_loss = -0.6380, discri_loss = 0.5722, sp_cls = 0.0000
Validation loss decreased (9771.137036 --> 9727.218616).  Saving model ...
epoch 16: loss = 9952.6159, Diff_loss = 9952.1680, preserve_loss = 0.1167, adv_loss = -0.6366, discri_loss = 0.5681, sp_cls = 0.0000
Validation loss decreased (9727.218616 --> 9701.508826).  Saving model ...
epoch 17: loss = 9882.3499, Diff_loss = 9881.9578, preserve_loss = 0.1138, adv_loss = -0.6377, discri_loss = 0.5844, sp_cls = 0.0000
Validation loss decreased (9701.508826 --> 9659.167456).  Saving model ...
epoch 18: loss = 9834.0078, Diff_loss = 9833.5379, preserve_loss = 0.1172, adv_loss = -0.6323, discri_loss = 0.5763, sp_cls = 0.0001
Validation loss decreased (9659.167456 --> 9608.281677).  Saving model ...
epoch 19: loss = 9801.9281, Diff_loss = 9801.6408, preserve_loss = 0.1075, adv_loss = -0.6330, discri_loss = 0.5837, sp_cls = 0.0000
Validation loss decreased (9608.281677 --> 9578.640161).  Saving model ...
epoch 20: loss = 9678.8652, Diff_loss = 9678.5084, preserve_loss = 0.1119, adv_loss = -0.6377, discri_loss = 0.5938, sp_cls = 0.0001
Validation loss decreased (9578.640161 --> 9554.188464).  Saving model ...
epoch 21: loss = 9822.3991, Diff_loss = 9822.1364, preserve_loss = 0.1062, adv_loss = -0.6336, discri_loss = 0.5887, sp_cls = 0.0000
Validation loss decreased (9554.188464 --> 9552.911584).  Saving model ...
epoch 22: loss = 9716.5409, Diff_loss = 9716.3040, preserve_loss = 0.1041, adv_loss = -0.6284, discri_loss = 0.5856, sp_cls = 0.0000
Validation loss decreased (9552.911584 --> 9516.340796).  Saving model ...
epoch 23: loss = 9648.4104, Diff_loss = 9648.2139, preserve_loss = 0.1013, adv_loss = -0.6241, discri_loss = 0.5818, sp_cls = 0.0000
Validation loss decreased (9516.340796 --> 9506.881604).  Saving model ...
epoch 24: loss = 9578.7909, Diff_loss = 9578.6799, preserve_loss = 0.0959, adv_loss = -0.6189, discri_loss = 0.5842, sp_cls = 0.0000
Validation loss decreased (9506.881604 --> 9447.667444).  Saving model ...
epoch 25: loss = 9497.4238, Diff_loss = 9497.3129, preserve_loss = 0.0959, adv_loss = -0.6193, discri_loss = 0.5860, sp_cls = 0.0000
EarlyStopping counter: 1 / 20
epoch 26: loss = 9489.9610, Diff_loss = 9489.8284, preserve_loss = 0.0979, adv_loss = -0.6245, discri_loss = 0.5915, sp_cls = 0.0000
EarlyStopping counter: 2 / 20
epoch 27: loss = 9565.5854, Diff_loss = 9565.5333, preserve_loss = 0.0936, adv_loss = -0.6248, discri_loss = 0.6003, sp_cls = 0.0000
EarlyStopping counter: 3 / 20
epoch 28: loss = 9472.7629, Diff_loss = 9472.8355, preserve_loss = 0.0894, adv_loss = -0.6423, discri_loss = 0.6106, sp_cls = 0.0000
Validation loss decreased (9447.667444 --> 9398.356653).  Saving model ...
epoch 29: loss = 9441.4218, Diff_loss = 9441.5172, preserve_loss = 0.0865, adv_loss = -0.6309, discri_loss = 0.6015, sp_cls = 0.0000
Validation loss decreased (9398.356653 --> 9379.060107).  Saving model ...
epoch 30: loss = 9565.6848, Diff_loss = 9565.6636, preserve_loss = 0.0932, adv_loss = -0.6340, discri_loss = 0.6028, sp_cls = 0.0000
Validation loss decreased (9379.060107 --> 9371.800745).  Saving model ...
epoch 31: loss = 9462.1137, Diff_loss = 9462.1778, preserve_loss = 0.0887, adv_loss = -0.6343, discri_loss = 0.6015, sp_cls = 0.0000
Validation loss decreased (9371.800745 --> 9339.821729).  Saving model ...
epoch 32: loss = 9327.0440, Diff_loss = 9327.1395, preserve_loss = 0.0876, adv_loss = -0.6384, discri_loss = 0.6096, sp_cls = 0.0000
Validation loss decreased (9339.821729 --> 9326.824207).  Saving model ...
epoch 33: loss = 9306.5248, Diff_loss = 9306.6556, preserve_loss = 0.0862, adv_loss = -0.6422, discri_loss = 0.6113, sp_cls = 0.0000
Validation loss decreased (9326.824207 --> 9312.513135).  Saving model ...
epoch 34: loss = 9358.3582, Diff_loss = 9358.5003, preserve_loss = 0.0855, adv_loss = -0.6415, discri_loss = 0.6067, sp_cls = 0.0001
Validation loss decreased (9312.513135 --> 9311.676343).  Saving model ...
epoch 35: loss = 9357.1203, Diff_loss = 9357.2601, preserve_loss = 0.0854, adv_loss = -0.6401, discri_loss = 0.6131, sp_cls = 0.0000
EarlyStopping counter: 1 / 20
epoch 36: loss = 9264.4357, Diff_loss = 9264.6365, preserve_loss = 0.0838, adv_loss = -0.6516, discri_loss = 0.6236, sp_cls = 0.0001
Validation loss decreased (9311.676343 --> 9271.418945).  Saving model ...
epoch 37: loss = 9256.5617, Diff_loss = 9256.7844, preserve_loss = 0.0818, adv_loss = -0.6461, discri_loss = 0.6134, sp_cls = 0.0001
Validation loss decreased (9271.418945 --> 9271.141248).  Saving model ...
epoch 38: loss = 9285.5097, Diff_loss = 9285.7323, preserve_loss = 0.0821, adv_loss = -0.6477, discri_loss = 0.6178, sp_cls = 0.0000
Validation loss decreased (9271.141248 --> 9261.366687).  Saving model ...
epoch 39: loss = 9186.6070, Diff_loss = 9186.8474, preserve_loss = 0.0815, adv_loss = -0.6507, discri_loss = 0.6193, sp_cls = 0.0000
EarlyStopping counter: 1 / 20
epoch 40: loss = 9215.1368, Diff_loss = 9215.3946, preserve_loss = 0.0805, adv_loss = -0.6501, discri_loss = 0.6165, sp_cls = 0.0001
inference: loss = 9006.8063, Diff_loss = 9007.2974, preserve_loss = 0.0608, adv_loss = -0.6012
All results recorded in adata.
Validation loss decreased (9261.366687 --> 9231.558765).  Saving model ...
epoch 41: loss = 9138.3803, Diff_loss = 9138.6367, preserve_loss = 0.0812, adv_loss = -0.6544, discri_loss = 0.6284, sp_cls = 0.0000
Validation loss decreased (9231.558765 --> 9224.429968).  Saving model ...
epoch 42: loss = 9259.1517, Diff_loss = 9259.4261, preserve_loss = 0.0799, adv_loss = -0.6518, discri_loss = 0.6211, sp_cls = 0.0000
Validation loss decreased (9224.429968 --> 9216.968591).  Saving model ...
epoch 43: loss = 9251.2415, Diff_loss = 9251.5320, preserve_loss = 0.0796, adv_loss = -0.6561, discri_loss = 0.6282, sp_cls = 0.0000
EarlyStopping counter: 1 / 20
epoch 44: loss = 9179.5793, Diff_loss = 9179.8330, preserve_loss = 0.0808, adv_loss = -0.6503, discri_loss = 0.6208, sp_cls = 0.0000
Validation loss decreased (9216.968591 --> 9187.435803).  Saving model ...
epoch 45: loss = 9209.2772, Diff_loss = 9209.5351, preserve_loss = 0.0809, adv_loss = -0.6527, discri_loss = 0.6223, sp_cls = 0.0000
EarlyStopping counter: 1 / 20
epoch 46: loss = 9130.1860, Diff_loss = 9130.4595, preserve_loss = 0.0800, adv_loss = -0.6522, discri_loss = 0.6141, sp_cls = 0.0000
EarlyStopping counter: 2 / 20
epoch 47: loss = 9101.8795, Diff_loss = 9102.1807, preserve_loss = 0.0775, adv_loss = -0.6455, discri_loss = 0.6178, sp_cls = 0.0000
Validation loss decreased (9187.435803 --> 9182.300024).  Saving model ...
epoch 48: loss = 9147.6877, Diff_loss = 9148.0292, preserve_loss = 0.0762, adv_loss = -0.6512, discri_loss = 0.6233, sp_cls = 0.0003
Validation loss decreased (9182.300024 --> 9171.398596).  Saving model ...
epoch 49: loss = 9174.2699, Diff_loss = 9174.5772, preserve_loss = 0.0778, adv_loss = -0.6498, discri_loss = 0.6207, sp_cls = 0.0001
Validation loss decreased (9171.398596 --> 9154.416602).  Saving model ...
epoch 50: loss = 9170.4711, Diff_loss = 9170.7846, preserve_loss = 0.0784, adv_loss = -0.6560, discri_loss = 0.6182, sp_cls = 0.0000
inference: loss = 8887.5481, Diff_loss = 8888.1584, preserve_loss = 0.0538, adv_loss = -0.5973
All results recorded in adata.
Validation loss decreased (9154.416602 --> 9148.913440).  Saving model ...
epoch 51: loss = 9194.1757, Diff_loss = 9194.4997, preserve_loss = 0.0774, adv_loss = -0.6534, discri_loss = 0.6205, sp_cls = 0.0000
EarlyStopping counter: 1 / 20
epoch 52: loss = 9129.1445, Diff_loss = 9129.4636, preserve_loss = 0.0775, adv_loss = -0.6521, discri_loss = 0.6208, sp_cls = 0.0001
EarlyStopping counter: 2 / 20
epoch 53: loss = 9173.0171, Diff_loss = 9173.3210, preserve_loss = 0.0780, adv_loss = -0.6499, discri_loss = 0.6107, sp_cls = 0.0001
Validation loss decreased (9148.913440 --> 9144.616260).  Saving model ...
epoch 54: loss = 9163.7508, Diff_loss = 9164.0962, preserve_loss = 0.0760, adv_loss = -0.6514, discri_loss = 0.6236, sp_cls = 0.0000
EarlyStopping counter: 1 / 20
epoch 55: loss = 9102.1113, Diff_loss = 9102.4427, preserve_loss = 0.0766, adv_loss = -0.6504, discri_loss = 0.6219, sp_cls = 0.0000
EarlyStopping counter: 2 / 20
epoch 56: loss = 9034.2124, Diff_loss = 9034.5805, preserve_loss = 0.0745, adv_loss = -0.6499, discri_loss = 0.6129, sp_cls = 0.0001
Validation loss decreased (9144.616260 --> 9134.395911).  Saving model ...
epoch 57: loss = 9104.8369, Diff_loss = 9105.1850, preserve_loss = 0.0754, adv_loss = -0.6487, discri_loss = 0.6187, sp_cls = 0.0001
Validation loss decreased (9134.395911 --> 9131.975830).  Saving model ...
epoch 58: loss = 9098.7081, Diff_loss = 9099.0253, preserve_loss = 0.0766, adv_loss = -0.6454, discri_loss = 0.6112, sp_cls = 0.0001
EarlyStopping counter: 1 / 20
epoch 59: loss = 9117.5270, Diff_loss = 9117.8679, preserve_loss = 0.0753, adv_loss = -0.6453, discri_loss = 0.6100, sp_cls = 0.0000
EarlyStopping counter: 2 / 20
epoch 60: loss = 9102.8513, Diff_loss = 9103.1984, preserve_loss = 0.0750, adv_loss = -0.6451, discri_loss = 0.6118, sp_cls = 0.0000
inference: loss = 8826.8107, Diff_loss = 8827.3502, preserve_loss = 0.0550, adv_loss = -0.5792
All results recorded in adata.
EarlyStopping counter: 3 / 20
epoch 61: loss = 9083.4011, Diff_loss = 9083.7502, preserve_loss = 0.0750, adv_loss = -0.6462, discri_loss = 0.6123, sp_cls = 0.0001
Validation loss decreased (9131.975830 --> 9107.513037).  Saving model ...
epoch 62: loss = 9093.6629, Diff_loss = 9093.9895, preserve_loss = 0.0755, adv_loss = -0.6412, discri_loss = 0.6052, sp_cls = 0.0002
Validation loss decreased (9107.513037 --> 9106.382959).  Saving model ...
epoch 63: loss = 9143.8746, Diff_loss = 9144.1810, preserve_loss = 0.0763, adv_loss = -0.6389, discri_loss = 0.6037, sp_cls = 0.0003
EarlyStopping counter: 1 / 20
epoch 64: loss = 9103.2731, Diff_loss = 9103.5566, preserve_loss = 0.0771, adv_loss = -0.6359, discri_loss = 0.6019, sp_cls = 0.0002
EarlyStopping counter: 2 / 20
epoch 65: loss = 9079.5731, Diff_loss = 9079.8828, preserve_loss = 0.0754, adv_loss = -0.6341, discri_loss = 0.5992, sp_cls = 0.0000
EarlyStopping counter: 3 / 20
epoch 66: loss = 9177.6133, Diff_loss = 9177.9103, preserve_loss = 0.0763, adv_loss = -0.6353, discri_loss = 0.6014, sp_cls = 0.0001
EarlyStopping counter: 4 / 20
epoch 67: loss = 9090.9309, Diff_loss = 9091.2274, preserve_loss = 0.0761, adv_loss = -0.6341, discri_loss = 0.6025, sp_cls = 0.0001
EarlyStopping counter: 5 / 20
epoch 68: loss = 9136.7732, Diff_loss = 9137.0626, preserve_loss = 0.0760, adv_loss = -0.6304, discri_loss = 0.5922, sp_cls = 0.0001
EarlyStopping counter: 6 / 20
epoch 69: loss = 9096.5318, Diff_loss = 9096.8279, preserve_loss = 0.0752, adv_loss = -0.6279, discri_loss = 0.5903, sp_cls = 0.0001
Validation loss decreased (9106.382959 --> 9100.207690).  Saving model ...
epoch 70: loss = 9025.8806, Diff_loss = 9026.1737, preserve_loss = 0.0747, adv_loss = -0.6231, discri_loss = 0.5888, sp_cls = 0.0000
inference: loss = 8817.1716, Diff_loss = 8817.6850, preserve_loss = 0.0527, adv_loss = -0.5535
All results recorded in adata.
EarlyStopping counter: 1 / 20
epoch 71: loss = 9100.0847, Diff_loss = 9100.3560, preserve_loss = 0.0762, adv_loss = -0.6251, discri_loss = 0.5900, sp_cls = 0.0001
EarlyStopping counter: 2 / 20
epoch 72: loss = 9111.6218, Diff_loss = 9111.9018, preserve_loss = 0.0753, adv_loss = -0.6225, discri_loss = 0.5868, sp_cls = 0.0001
EarlyStopping counter: 3 / 20
epoch 73: loss = 9083.0037, Diff_loss = 9083.2859, preserve_loss = 0.0750, adv_loss = -0.6209, discri_loss = 0.5842, sp_cls = 0.0002
EarlyStopping counter: 4 / 20
epoch 74: loss = 9112.3207, Diff_loss = 9112.5865, preserve_loss = 0.0757, adv_loss = -0.6203, discri_loss = 0.5867, sp_cls = 0.0000
EarlyStopping counter: 5 / 20
epoch 75: loss = 9061.0680, Diff_loss = 9061.3483, preserve_loss = 0.0747, adv_loss = -0.6183, discri_loss = 0.5769, sp_cls = 0.0000
EarlyStopping counter: 6 / 20
epoch 76: loss = 9040.2158, Diff_loss = 9040.4852, preserve_loss = 0.0746, adv_loss = -0.6138, discri_loss = 0.5848, sp_cls = 0.0002
EarlyStopping counter: 7 / 20
epoch 77: loss = 9098.1113, Diff_loss = 9098.3809, preserve_loss = 0.0751, adv_loss = -0.6175, discri_loss = 0.5844, sp_cls = 0.0001
EarlyStopping counter: 8 / 20
epoch 78: loss = 9025.9556, Diff_loss = 9026.2097, preserve_loss = 0.0752, adv_loss = -0.6124, discri_loss = 0.5793, sp_cls = 0.0001
EarlyStopping counter: 9 / 20
epoch 79: loss = 9096.0891, Diff_loss = 9096.3587, preserve_loss = 0.0745, adv_loss = -0.6133, discri_loss = 0.5803, sp_cls = 0.0001
EarlyStopping counter: 10 / 20
epoch 80: loss = 9119.0209, Diff_loss = 9119.2958, preserve_loss = 0.0743, adv_loss = -0.6137, discri_loss = 0.5864, sp_cls = 0.0000
inference: loss = 8823.3385, Diff_loss = 8823.7697, preserve_loss = 0.0560, adv_loss = -0.5456
All results recorded in adata.
EarlyStopping counter: 11 / 20
epoch 81: loss = 9039.8424, Diff_loss = 9040.1074, preserve_loss = 0.0743, adv_loss = -0.6101, discri_loss = 0.5797, sp_cls = 0.0000
EarlyStopping counter: 12 / 20
epoch 82: loss = 9031.5262, Diff_loss = 9031.8135, preserve_loss = 0.0731, adv_loss = -0.6100, discri_loss = 0.5797, sp_cls = 0.0000
EarlyStopping counter: 13 / 20
epoch 83: loss = 9196.7205, Diff_loss = 9196.9813, preserve_loss = 0.0740, adv_loss = -0.6060, discri_loss = 0.5725, sp_cls = 0.0002
EarlyStopping counter: 14 / 20
epoch 84: loss = 9157.0557, Diff_loss = 9157.3348, preserve_loss = 0.0740, adv_loss = -0.6131, discri_loss = 0.5853, sp_cls = 0.0000
EarlyStopping counter: 15 / 20
epoch 85: loss = 9102.8317, Diff_loss = 9103.0938, preserve_loss = 0.0750, adv_loss = -0.6136, discri_loss = 0.5804, sp_cls = 0.0001
EarlyStopping counter: 16 / 20
epoch 86: loss = 9113.8545, Diff_loss = 9114.1583, preserve_loss = 0.0723, adv_loss = -0.6108, discri_loss = 0.5897, sp_cls = 0.0001
EarlyStopping counter: 17 / 20
epoch 87: loss = 9112.9285, Diff_loss = 9113.2365, preserve_loss = 0.0723, adv_loss = -0.6120, discri_loss = 0.5800, sp_cls = 0.0001
EarlyStopping counter: 18 / 20
epoch 88: loss = 9051.2611, Diff_loss = 9051.5968, preserve_loss = 0.0702, adv_loss = -0.6083, discri_loss = 0.5822, sp_cls = 0.0001
EarlyStopping counter: 19 / 20
epoch 89: loss = 9186.7800, Diff_loss = 9187.0550, preserve_loss = 0.0728, adv_loss = -0.6031, discri_loss = 0.5706, sp_cls = 0.0000
EarlyStopping counter: 20 / 20
Early stopping at epoch 89
Training finished!
inference: loss = 8822.7181, Diff_loss = 8823.2283, preserve_loss = 0.0517, adv_loss = -0.5457
All results recorded in adata.
>>> Trial 2 score=0.5029
    [Bio] NMI=0.5154, ARI=0.4118, label_ASW=0.5384, cLISI=0.9534, iso_ASW=0.5040, iso_F1=0.1011
    [Batch] sil=0.9578, iLISI=0.2782, kBET=0.0624, PCR=0.0000
    [Modality] sil=0.9989, iLISI=0.3374, kBET=0.1945, PCR=0.6934, graph_conn=0.9171
[I 2026-02-11 08:48:14,526] Trial 2 finished with value: 0.5029363918304266 and parameters: {'gamma': 18.521276782996587, 'lambda_adv': 2.6904784909695656, 'lr': 0.001094797590314011, 'dropout_rate': 0.1992516212378551, 'latent_dim': 16, 'lambda_sp_cls': 0.26693099705471, 'batch_size': 128}. Best is trial 0 with value: 0.533776571313135.

============================================================
Trial 3: gamma=16.728, lambda_adv=0.171, lambda_sp_cls=0.131, lr=0.00087, dropout=0.22, latent_dim=16, denoise_hidden=512, batch_size=128
============================================================
using cuda
Training start!
epoch 1: loss = 13707.7565, Diff_loss = 13673.4354, preserve_loss = 2.0494, adv_loss = 0.0000, discri_loss = 0.0000, sp_cls = 0.2939
epoch 2: loss = 12085.1922, Diff_loss = 12084.2634, preserve_loss = 0.0555, adv_loss = 0.0000, discri_loss = 0.0000, sp_cls = 0.0050
epoch 3: loss = 11827.6812, Diff_loss = 11826.9828, preserve_loss = 0.0418, adv_loss = 0.0000, discri_loss = 0.0000, sp_cls = 0.0019
epoch 4: loss = 11436.4458, Diff_loss = 11435.1937, preserve_loss = 0.0748, adv_loss = 0.0000, discri_loss = 0.0000, sp_cls = 0.0013
epoch 5: loss = 11105.3628, Diff_loss = 11103.9411, preserve_loss = 0.0850, adv_loss = 0.0000, discri_loss = 0.0000, sp_cls = 0.0009
epoch 6: loss = 10979.0191, Diff_loss = 10977.3815, preserve_loss = 0.0979, adv_loss = 0.0000, discri_loss = 0.0000, sp_cls = 0.0008
epoch 7: loss = 10877.7572, Diff_loss = 10876.0771, preserve_loss = 0.1004, adv_loss = 0.0000, discri_loss = 0.0000, sp_cls = 0.0006
epoch 8: loss = 10737.1765, Diff_loss = 10735.6563, preserve_loss = 0.0909, adv_loss = 0.0000, discri_loss = 0.0000, sp_cls = 0.0004
epoch 9: loss = 10558.0164, Diff_loss = 10556.6396, preserve_loss = 0.0823, adv_loss = 0.0000, discri_loss = 0.0000, sp_cls = 0.0004
epoch 10: loss = 10478.0648, Diff_loss = 10476.7629, preserve_loss = 0.0778, adv_loss = 0.0000, discri_loss = 0.0000, sp_cls = 0.0003
epoch 11: loss = 10325.8243, Diff_loss = 10324.7853, preserve_loss = 0.0725, adv_loss = -1.0141, discri_loss = 0.9309, sp_cls = 0.0002
Validation loss decreased (inf --> 10060.658386).  Saving model ...
epoch 12: loss = 10296.5761, Diff_loss = 10295.5015, preserve_loss = 0.0731, adv_loss = -0.8636, discri_loss = 0.7055, sp_cls = 0.0001
Validation loss decreased (10060.658386 --> 9959.492114).  Saving model ...
epoch 13: loss = 10114.5644, Diff_loss = 10113.3112, preserve_loss = 0.0826, adv_loss = -0.7574, discri_loss = 0.6196, sp_cls = 0.0001
Validation loss decreased (9959.492114 --> 9881.658276).  Saving model ...
epoch 14: loss = 10086.4258, Diff_loss = 10085.2117, preserve_loss = 0.0796, adv_loss = -0.6904, discri_loss = 0.5899, sp_cls = 0.0001
Validation loss decreased (9881.658276 --> 9811.683667).  Saving model ...
epoch 15: loss = 10077.4559, Diff_loss = 10076.2859, preserve_loss = 0.0764, adv_loss = -0.6366, discri_loss = 0.5365, sp_cls = 0.0001
Validation loss decreased (9811.683667 --> 9757.766333).  Saving model ...
epoch 16: loss = 9947.8312, Diff_loss = 9946.8148, preserve_loss = 0.0670, adv_loss = -0.6162, discri_loss = 0.5396, sp_cls = 0.0002
Validation loss decreased (9757.766333 --> 9726.063318).  Saving model ...
epoch 17: loss = 9866.0745, Diff_loss = 9865.2283, preserve_loss = 0.0568, adv_loss = -0.6050, discri_loss = 0.5397, sp_cls = 0.0001
Validation loss decreased (9726.063318 --> 9682.517200).  Saving model ...
epoch 18: loss = 9812.3621, Diff_loss = 9811.5797, preserve_loss = 0.0529, adv_loss = -0.5982, discri_loss = 0.5318, sp_cls = 0.0001
Validation loss decreased (9682.517200 --> 9643.400403).  Saving model ...
epoch 19: loss = 9742.8706, Diff_loss = 9742.2008, preserve_loss = 0.0461, adv_loss = -0.5936, discri_loss = 0.5294, sp_cls = 0.0002
Validation loss decreased (9643.400403 --> 9594.370117).  Saving model ...
epoch 20: loss = 9702.4428, Diff_loss = 9701.8636, preserve_loss = 0.0406, adv_loss = -0.5815, discri_loss = 0.5146, sp_cls = 0.0001
Validation loss decreased (9594.370117 --> 9551.675830).  Saving model ...
epoch 21: loss = 9763.2675, Diff_loss = 9762.7441, preserve_loss = 0.0373, adv_loss = -0.5919, discri_loss = 0.5392, sp_cls = 0.0000
Validation loss decreased (9551.675830 --> 9496.242383).  Saving model ...
epoch 22: loss = 9684.5587, Diff_loss = 9684.0802, preserve_loss = 0.0345, adv_loss = -0.5809, discri_loss = 0.5158, sp_cls = 0.0001
Validation loss decreased (9496.242383 --> 9478.845679).  Saving model ...
epoch 23: loss = 9508.0114, Diff_loss = 9507.5345, preserve_loss = 0.0343, adv_loss = -0.5719, discri_loss = 0.5187, sp_cls = 0.0001
Validation loss decreased (9478.845679 --> 9439.632874).  Saving model ...
epoch 24: loss = 9576.8748, Diff_loss = 9576.4156, preserve_loss = 0.0332, adv_loss = -0.5616, discri_loss = 0.5012, sp_cls = 0.0001
Validation loss decreased (9439.632874 --> 9425.862073).  Saving model ...
epoch 25: loss = 9463.8164, Diff_loss = 9463.4001, preserve_loss = 0.0307, adv_loss = -0.5649, discri_loss = 0.5073, sp_cls = 0.0000
Validation loss decreased (9425.862073 --> 9389.872559).  Saving model ...
epoch 26: loss = 9494.5054, Diff_loss = 9494.0969, preserve_loss = 0.0301, adv_loss = -0.5542, discri_loss = 0.4896, sp_cls = 0.0001
Validation loss decreased (9389.872559 --> 9386.213904).  Saving model ...
epoch 27: loss = 9472.3966, Diff_loss = 9471.9681, preserve_loss = 0.0312, adv_loss = -0.5440, discri_loss = 0.4986, sp_cls = 0.0000
Validation loss decreased (9386.213904 --> 9378.616187).  Saving model ...
epoch 28: loss = 9453.1567, Diff_loss = 9452.7240, preserve_loss = 0.0316, adv_loss = -0.5570, discri_loss = 0.5198, sp_cls = 0.0000
Validation loss decreased (9378.616187 --> 9334.030347).  Saving model ...
epoch 29: loss = 9451.2207, Diff_loss = 9450.8276, preserve_loss = 0.0292, adv_loss = -0.5615, discri_loss = 0.5157, sp_cls = 0.0000
Validation loss decreased (9334.030347 --> 9302.194531).  Saving model ...
epoch 30: loss = 9388.9928, Diff_loss = 9388.5914, preserve_loss = 0.0296, adv_loss = -0.5537, discri_loss = 0.5051, sp_cls = 0.0000
EarlyStopping counter: 1 / 20
epoch 31: loss = 9354.5437, Diff_loss = 9354.1372, preserve_loss = 0.0299, adv_loss = -0.5466, discri_loss = 0.4989, sp_cls = 0.0000
EarlyStopping counter: 2 / 20
epoch 32: loss = 9434.7239, Diff_loss = 9434.3319, preserve_loss = 0.0289, adv_loss = -0.5390, discri_loss = 0.5032, sp_cls = 0.0001
Validation loss decreased (9302.194531 --> 9286.385095).  Saving model ...
epoch 33: loss = 9317.1531, Diff_loss = 9316.7680, preserve_loss = 0.0286, adv_loss = -0.5427, discri_loss = 0.5034, sp_cls = 0.0000
Validation loss decreased (9286.385095 --> 9276.708508).  Saving model ...
epoch 34: loss = 9344.3044, Diff_loss = 9343.9101, preserve_loss = 0.0292, adv_loss = -0.5519, discri_loss = 0.5239, sp_cls = 0.0000
Validation loss decreased (9276.708508 --> 9265.195227).  Saving model ...
epoch 35: loss = 9399.4892, Diff_loss = 9399.1009, preserve_loss = 0.0289, adv_loss = -0.5566, discri_loss = 0.5235, sp_cls = 0.0000
Validation loss decreased (9265.195227 --> 9251.363843).  Saving model ...
epoch 36: loss = 9272.5361, Diff_loss = 9272.1548, preserve_loss = 0.0285, adv_loss = -0.5547, discri_loss = 0.5181, sp_cls = 0.0001
Validation loss decreased (9251.363843 --> 9247.813562).  Saving model ...
epoch 37: loss = 9261.5018, Diff_loss = 9261.1261, preserve_loss = 0.0282, adv_loss = -0.5656, discri_loss = 0.5355, sp_cls = 0.0000
Validation loss decreased (9247.813562 --> 9216.345349).  Saving model ...
epoch 38: loss = 9330.8410, Diff_loss = 9330.4653, preserve_loss = 0.0282, adv_loss = -0.5602, discri_loss = 0.5227, sp_cls = 0.0000
Validation loss decreased (9216.345349 --> 9191.426172).  Saving model ...
epoch 39: loss = 9273.7868, Diff_loss = 9273.4298, preserve_loss = 0.0271, adv_loss = -0.5634, discri_loss = 0.5283, sp_cls = 0.0000
EarlyStopping counter: 1 / 20
epoch 40: loss = 9212.8585, Diff_loss = 9212.5144, preserve_loss = 0.0263, adv_loss = -0.5590, discri_loss = 0.5139, sp_cls = 0.0000
inference: loss = 9023.0428, Diff_loss = 9022.7472, preserve_loss = 0.0226, adv_loss = -0.4862
All results recorded in adata.
EarlyStopping counter: 2 / 20
epoch 41: loss = 9319.6245, Diff_loss = 9319.2678, preserve_loss = 0.0270, adv_loss = -0.5606, discri_loss = 0.5290, sp_cls = 0.0000
EarlyStopping counter: 3 / 20
epoch 42: loss = 9249.2668, Diff_loss = 9248.9077, preserve_loss = 0.0272, adv_loss = -0.5611, discri_loss = 0.5328, sp_cls = 0.0000
EarlyStopping counter: 4 / 20
epoch 43: loss = 9299.5949, Diff_loss = 9299.2349, preserve_loss = 0.0273, adv_loss = -0.5691, discri_loss = 0.5482, sp_cls = 0.0000
EarlyStopping counter: 5 / 20
epoch 44: loss = 9260.4022, Diff_loss = 9260.0543, preserve_loss = 0.0267, adv_loss = -0.5757, discri_loss = 0.5472, sp_cls = 0.0000
EarlyStopping counter: 6 / 20
epoch 45: loss = 9259.5567, Diff_loss = 9259.2092, preserve_loss = 0.0266, adv_loss = -0.5700, discri_loss = 0.5358, sp_cls = 0.0000
EarlyStopping counter: 7 / 20
epoch 46: loss = 9172.0127, Diff_loss = 9171.6798, preserve_loss = 0.0257, adv_loss = -0.5725, discri_loss = 0.5482, sp_cls = 0.0000
Validation loss decreased (9191.426172 --> 9188.782812).  Saving model ...
epoch 47: loss = 9168.1559, Diff_loss = 9167.8203, preserve_loss = 0.0259, adv_loss = -0.5697, discri_loss = 0.5355, sp_cls = 0.0000
EarlyStopping counter: 1 / 20
epoch 48: loss = 9166.1567, Diff_loss = 9165.8229, preserve_loss = 0.0258, adv_loss = -0.5703, discri_loss = 0.5385, sp_cls = 0.0000
Validation loss decreased (9188.782812 --> 9131.765747).  Saving model ...
epoch 49: loss = 9275.8530, Diff_loss = 9275.5123, preserve_loss = 0.0262, adv_loss = -0.5673, discri_loss = 0.5278, sp_cls = 0.0001
EarlyStopping counter: 1 / 20
epoch 50: loss = 9227.9059, Diff_loss = 9227.5549, preserve_loss = 0.0268, adv_loss = -0.5683, discri_loss = 0.5352, sp_cls = 0.0000
inference: loss = 8922.2781, Diff_loss = 8921.9579, preserve_loss = 0.0242, adv_loss = -0.4922
All results recorded in adata.
EarlyStopping counter: 2 / 20
epoch 51: loss = 9183.2271, Diff_loss = 9182.8789, preserve_loss = 0.0266, adv_loss = -0.5651, discri_loss = 0.5316, sp_cls = 0.0001
EarlyStopping counter: 3 / 20
epoch 52: loss = 9186.6523, Diff_loss = 9186.3010, preserve_loss = 0.0268, adv_loss = -0.5673, discri_loss = 0.5340, sp_cls = 0.0000
EarlyStopping counter: 4 / 20
epoch 53: loss = 9275.1961, Diff_loss = 9274.8454, preserve_loss = 0.0267, adv_loss = -0.5658, discri_loss = 0.5319, sp_cls = 0.0000
EarlyStopping counter: 5 / 20
epoch 54: loss = 9194.7081, Diff_loss = 9194.3659, preserve_loss = 0.0262, adv_loss = -0.5671, discri_loss = 0.5356, sp_cls = 0.0000
EarlyStopping counter: 6 / 20
epoch 55: loss = 9077.0497, Diff_loss = 9076.7030, preserve_loss = 0.0265, adv_loss = -0.5688, discri_loss = 0.5357, sp_cls = 0.0000
EarlyStopping counter: 7 / 20
epoch 56: loss = 9175.3876, Diff_loss = 9175.0371, preserve_loss = 0.0267, adv_loss = -0.5658, discri_loss = 0.5350, sp_cls = 0.0000
Validation loss decreased (9131.765747 --> 9121.815674).  Saving model ...
epoch 57: loss = 9173.9122, Diff_loss = 9173.5842, preserve_loss = 0.0254, adv_loss = -0.5629, discri_loss = 0.5344, sp_cls = 0.0000
EarlyStopping counter: 1 / 20
epoch 58: loss = 9219.3894, Diff_loss = 9219.0520, preserve_loss = 0.0259, adv_loss = -0.5636, discri_loss = 0.5338, sp_cls = 0.0000
EarlyStopping counter: 2 / 20
epoch 59: loss = 9161.8187, Diff_loss = 9161.4775, preserve_loss = 0.0262, adv_loss = -0.5649, discri_loss = 0.5332, sp_cls = 0.0002
EarlyStopping counter: 3 / 20
epoch 60: loss = 9178.6845, Diff_loss = 9178.3520, preserve_loss = 0.0257, adv_loss = -0.5659, discri_loss = 0.5316, sp_cls = 0.0001
inference: loss = 8879.6819, Diff_loss = 8879.3963, preserve_loss = 0.0220, adv_loss = -0.4826
All results recorded in adata.
EarlyStopping counter: 4 / 20
epoch 61: loss = 9148.0424, Diff_loss = 9147.7057, preserve_loss = 0.0259, adv_loss = -0.5675, discri_loss = 0.5384, sp_cls = 0.0000
EarlyStopping counter: 5 / 20
epoch 62: loss = 9187.9793, Diff_loss = 9187.6522, preserve_loss = 0.0253, adv_loss = -0.5666, discri_loss = 0.5292, sp_cls = 0.0001
EarlyStopping counter: 6 / 20
epoch 63: loss = 9132.0420, Diff_loss = 9131.7070, preserve_loss = 0.0258, adv_loss = -0.5614, discri_loss = 0.5311, sp_cls = 0.0000
Validation loss decreased (9121.815674 --> 9114.799500).  Saving model ...
epoch 64: loss = 9217.3633, Diff_loss = 9217.0284, preserve_loss = 0.0258, adv_loss = -0.5629, discri_loss = 0.5292, sp_cls = 0.0000
EarlyStopping counter: 1 / 20
epoch 65: loss = 9202.0339, Diff_loss = 9201.6915, preserve_loss = 0.0262, adv_loss = -0.5598, discri_loss = 0.5294, sp_cls = 0.0001
EarlyStopping counter: 2 / 20
epoch 66: loss = 9086.0866, Diff_loss = 9085.7516, preserve_loss = 0.0257, adv_loss = -0.5564, discri_loss = 0.5209, sp_cls = 0.0000
EarlyStopping counter: 3 / 20
epoch 67: loss = 9098.9668, Diff_loss = 9098.6268, preserve_loss = 0.0260, adv_loss = -0.5561, discri_loss = 0.5218, sp_cls = 0.0001
EarlyStopping counter: 4 / 20
epoch 68: loss = 9101.2197, Diff_loss = 9100.8816, preserve_loss = 0.0259, adv_loss = -0.5580, discri_loss = 0.5227, sp_cls = 0.0000
EarlyStopping counter: 5 / 20
epoch 69: loss = 9120.7525, Diff_loss = 9120.4188, preserve_loss = 0.0256, adv_loss = -0.5547, discri_loss = 0.5190, sp_cls = 0.0001
EarlyStopping counter: 6 / 20
epoch 70: loss = 9189.5187, Diff_loss = 9189.1754, preserve_loss = 0.0261, adv_loss = -0.5512, discri_loss = 0.5174, sp_cls = 0.0001
inference: loss = 8869.5374, Diff_loss = 8869.2336, preserve_loss = 0.0229, adv_loss = -0.4665
All results recorded in adata.
EarlyStopping counter: 7 / 20
epoch 71: loss = 9138.3407, Diff_loss = 9137.9989, preserve_loss = 0.0260, adv_loss = -0.5491, discri_loss = 0.5192, sp_cls = 0.0000
EarlyStopping counter: 8 / 20
epoch 72: loss = 9094.8924, Diff_loss = 9094.5444, preserve_loss = 0.0264, adv_loss = -0.5511, discri_loss = 0.5184, sp_cls = 0.0000
EarlyStopping counter: 9 / 20
epoch 73: loss = 9093.3175, Diff_loss = 9092.9695, preserve_loss = 0.0264, adv_loss = -0.5504, discri_loss = 0.5155, sp_cls = 0.0000
EarlyStopping counter: 10 / 20
epoch 74: loss = 9199.3796, Diff_loss = 9199.0338, preserve_loss = 0.0262, adv_loss = -0.5451, discri_loss = 0.5107, sp_cls = 0.0002
EarlyStopping counter: 11 / 20
epoch 75: loss = 9115.9373, Diff_loss = 9115.5957, preserve_loss = 0.0260, adv_loss = -0.5453, discri_loss = 0.5185, sp_cls = 0.0001
EarlyStopping counter: 12 / 20
epoch 76: loss = 9108.1472, Diff_loss = 9107.8152, preserve_loss = 0.0254, adv_loss = -0.5471, discri_loss = 0.5135, sp_cls = 0.0000
EarlyStopping counter: 13 / 20
epoch 77: loss = 9134.3596, Diff_loss = 9134.0203, preserve_loss = 0.0259, adv_loss = -0.5502, discri_loss = 0.5225, sp_cls = 0.0000
EarlyStopping counter: 14 / 20
epoch 78: loss = 9222.8370, Diff_loss = 9222.5043, preserve_loss = 0.0255, adv_loss = -0.5474, discri_loss = 0.5121, sp_cls = 0.0000
EarlyStopping counter: 15 / 20
epoch 79: loss = 9187.1411, Diff_loss = 9186.8018, preserve_loss = 0.0258, adv_loss = -0.5432, discri_loss = 0.5151, sp_cls = 0.0002
EarlyStopping counter: 16 / 20
epoch 80: loss = 9210.3805, Diff_loss = 9210.0472, preserve_loss = 0.0255, adv_loss = -0.5453, discri_loss = 0.5142, sp_cls = 0.0000
inference: loss = 8870.2533, Diff_loss = 8869.9432, preserve_loss = 0.0232, adv_loss = -0.4542
All results recorded in adata.
Validation loss decreased (9114.799500 --> 9095.375183).  Saving model ...
epoch 81: loss = 9124.8517, Diff_loss = 9124.5191, preserve_loss = 0.0254, adv_loss = -0.5442, discri_loss = 0.5087, sp_cls = 0.0001
EarlyStopping counter: 1 / 20
epoch 82: loss = 9164.9710, Diff_loss = 9164.6488, preserve_loss = 0.0248, adv_loss = -0.5451, discri_loss = 0.5160, sp_cls = 0.0001
EarlyStopping counter: 2 / 20
epoch 83: loss = 9178.0242, Diff_loss = 9177.6940, preserve_loss = 0.0253, adv_loss = -0.5401, discri_loss = 0.5061, sp_cls = 0.0000
EarlyStopping counter: 3 / 20
epoch 84: loss = 9165.1123, Diff_loss = 9164.7970, preserve_loss = 0.0243, adv_loss = -0.5369, discri_loss = 0.5077, sp_cls = 0.0001
EarlyStopping counter: 4 / 20
epoch 85: loss = 9054.3821, Diff_loss = 9054.0751, preserve_loss = 0.0239, adv_loss = -0.5390, discri_loss = 0.5041, sp_cls = 0.0001
EarlyStopping counter: 5 / 20
epoch 86: loss = 9141.7313, Diff_loss = 9141.4346, preserve_loss = 0.0232, adv_loss = -0.5374, discri_loss = 0.5053, sp_cls = 0.0000
EarlyStopping counter: 6 / 20
epoch 87: loss = 9144.0079, Diff_loss = 9143.6922, preserve_loss = 0.0243, adv_loss = -0.5338, discri_loss = 0.5004, sp_cls = 0.0001
EarlyStopping counter: 7 / 20
epoch 88: loss = 9075.2089, Diff_loss = 9074.9078, preserve_loss = 0.0235, adv_loss = -0.5385, discri_loss = 0.5119, sp_cls = 0.0001
EarlyStopping counter: 8 / 20
epoch 89: loss = 9082.1387, Diff_loss = 9081.8344, preserve_loss = 0.0236, adv_loss = -0.5325, discri_loss = 0.5043, sp_cls = 0.0001
EarlyStopping counter: 9 / 20
epoch 90: loss = 9172.3405, Diff_loss = 9172.0453, preserve_loss = 0.0231, adv_loss = -0.5333, discri_loss = 0.5033, sp_cls = 0.0001
inference: loss = 8898.9822, Diff_loss = 8898.7346, preserve_loss = 0.0194, adv_loss = -0.4511
All results recorded in adata.
EarlyStopping counter: 10 / 20
epoch 91: loss = 9180.9947, Diff_loss = 9180.7054, preserve_loss = 0.0227, adv_loss = -0.5314, discri_loss = 0.5043, sp_cls = 0.0002
EarlyStopping counter: 11 / 20
epoch 92: loss = 9113.2815, Diff_loss = 9112.9836, preserve_loss = 0.0232, adv_loss = -0.5278, discri_loss = 0.4985, sp_cls = 0.0001
EarlyStopping counter: 12 / 20
epoch 93: loss = 9129.8499, Diff_loss = 9129.5542, preserve_loss = 0.0231, adv_loss = -0.5307, discri_loss = 0.5016, sp_cls = 0.0001
EarlyStopping counter: 13 / 20
epoch 94: loss = 9174.2862, Diff_loss = 9174.0030, preserve_loss = 0.0223, adv_loss = -0.5281, discri_loss = 0.4969, sp_cls = 0.0001
EarlyStopping counter: 14 / 20
epoch 95: loss = 9279.9727, Diff_loss = 9279.6944, preserve_loss = 0.0220, adv_loss = -0.5270, discri_loss = 0.5006, sp_cls = 0.0001
EarlyStopping counter: 15 / 20
epoch 96: loss = 9182.6247, Diff_loss = 9182.3422, preserve_loss = 0.0223, adv_loss = -0.5302, discri_loss = 0.5090, sp_cls = 0.0000
EarlyStopping counter: 16 / 20
epoch 97: loss = 9212.9872, Diff_loss = 9212.6995, preserve_loss = 0.0226, adv_loss = -0.5298, discri_loss = 0.5066, sp_cls = 0.0001
EarlyStopping counter: 17 / 20
epoch 98: loss = 9176.0451, Diff_loss = 9175.7627, preserve_loss = 0.0223, adv_loss = -0.5283, discri_loss = 0.5033, sp_cls = 0.0000
EarlyStopping counter: 18 / 20
epoch 99: loss = 9252.3048, Diff_loss = 9252.0274, preserve_loss = 0.0220, adv_loss = -0.5316, discri_loss = 0.5119, sp_cls = 0.0001
EarlyStopping counter: 19 / 20
epoch 100: loss = 9118.3230, Diff_loss = 9118.0336, preserve_loss = 0.0227, adv_loss = -0.5334, discri_loss = 0.5030, sp_cls = 0.0001
inference: loss = 8943.9573, Diff_loss = 8943.7299, preserve_loss = 0.0182, adv_loss = -0.4496
All results recorded in adata.
EarlyStopping counter: 20 / 20
Early stopping at epoch 100
Training finished!
inference: loss = 8867.5079, Diff_loss = 8867.1978, preserve_loss = 0.0232, adv_loss = -0.4542
All results recorded in adata.
>>> Trial 3 score=0.4828
    [Bio] NMI=0.4481, ARI=0.3614, label_ASW=0.5214, cLISI=0.9422, iso_ASW=0.5225, iso_F1=0.3220
    [Batch] sil=0.9641, iLISI=0.2812, kBET=0.0592, PCR=0.0000
    [Modality] sil=0.9997, iLISI=0.2794, kBET=0.1196, PCR=0.4574, graph_conn=0.9396
[I 2026-02-11 09:37:59,224] Trial 3 finished with value: 0.48279893018713177 and parameters: {'gamma': 16.727939533603653, 'lambda_adv': 0.17072864247426536, 'lr': 0.0008674037380484131, 'dropout_rate': 0.2187508542910852, 'latent_dim': 16, 'lambda_sp_cls': 0.13140217980026694, 'batch_size': 128}. Best is trial 0 with value: 0.533776571313135.

============================================================
Trial 4: gamma=131.386, lambda_adv=0.079, lambda_sp_cls=0.468, lr=0.00073, dropout=0.24, latent_dim=32, denoise_hidden=512, batch_size=256
============================================================
using cuda
Training start!
epoch 1: loss = 15922.3464, Diff_loss = 14651.7152, preserve_loss = 9.6696, adv_loss = 0.0000, discri_loss = 0.0000, sp_cls = 0.3745
epoch 2: loss = 12751.1043, Diff_loss = 12745.4362, preserve_loss = 0.0431, adv_loss = 0.0000, discri_loss = 0.0000, sp_cls = 0.0084
epoch 3: loss = 12303.4944, Diff_loss = 12301.4217, preserve_loss = 0.0158, adv_loss = 0.0000, discri_loss = 0.0000, sp_cls = 0.0023
epoch 4: loss = 11966.7912, Diff_loss = 11965.7325, preserve_loss = 0.0081, adv_loss = 0.0000, discri_loss = 0.0000, sp_cls = 0.0011
epoch 5: loss = 11891.8753, Diff_loss = 11891.2029, preserve_loss = 0.0051, adv_loss = 0.0000, discri_loss = 0.0000, sp_cls = 0.0006
epoch 6: loss = 11517.2033, Diff_loss = 11516.7033, preserve_loss = 0.0038, adv_loss = 0.0000, discri_loss = 0.0000, sp_cls = 0.0004
epoch 7: loss = 11400.4365, Diff_loss = 11400.0250, preserve_loss = 0.0031, adv_loss = 0.0000, discri_loss = 0.0000, sp_cls = 0.0003
epoch 8: loss = 11200.3302, Diff_loss = 11197.0650, preserve_loss = 0.0248, adv_loss = 0.0000, discri_loss = 0.0000, sp_cls = 0.0013
epoch 9: loss = 11048.3777, Diff_loss = 11047.9558, preserve_loss = 0.0032, adv_loss = 0.0000, discri_loss = 0.0000, sp_cls = 0.0009
epoch 10: loss = 11185.1753, Diff_loss = 11184.6086, preserve_loss = 0.0043, adv_loss = 0.0000, discri_loss = 0.0000, sp_cls = 0.0004
epoch 11: loss = 10890.5599, Diff_loss = 10889.8142, preserve_loss = 0.0063, adv_loss = -1.0666, discri_loss = 1.0546, sp_cls = 0.0002
Validation loss decreased (inf --> 10436.379248).  Saving model ...
epoch 12: loss = 10605.2901, Diff_loss = 10604.3359, preserve_loss = 0.0079, adv_loss = -1.0149, discri_loss = 0.9122, sp_cls = 0.0003
Validation loss decreased (10436.379248 --> 10249.039648).  Saving model ...
epoch 13: loss = 10397.5999, Diff_loss = 10396.6780, preserve_loss = 0.0076, adv_loss = -0.9624, discri_loss = 0.8460, sp_cls = 0.0002
Validation loss decreased (10249.039648 --> 10102.174072).  Saving model ...
epoch 14: loss = 10254.5505, Diff_loss = 10253.4222, preserve_loss = 0.0091, adv_loss = -0.9076, discri_loss = 0.7860, sp_cls = 0.0001
Validation loss decreased (10102.174072 --> 9998.080029).  Saving model ...
epoch 15: loss = 10214.5824, Diff_loss = 10213.4349, preserve_loss = 0.0093, adv_loss = -0.8731, discri_loss = 0.7804, sp_cls = 0.0001
Validation loss decreased (9998.080029 --> 9905.381152).  Saving model ...
epoch 16: loss = 10087.0389, Diff_loss = 10086.0785, preserve_loss = 0.0078, adv_loss = -0.8416, discri_loss = 0.7463, sp_cls = 0.0001
Validation loss decreased (9905.381152 --> 9839.530811).  Saving model ...
epoch 17: loss = 10041.4729, Diff_loss = 10040.5674, preserve_loss = 0.0074, adv_loss = -0.8170, discri_loss = 0.7324, sp_cls = 0.0001
Validation loss decreased (9839.530811 --> 9767.520068).  Saving model ...
epoch 18: loss = 9916.2261, Diff_loss = 9915.4316, preserve_loss = 0.0065, adv_loss = -0.8026, discri_loss = 0.7183, sp_cls = 0.0002
Validation loss decreased (9767.520068 --> 9691.655615).  Saving model ...
epoch 19: loss = 9943.9646, Diff_loss = 9943.1989, preserve_loss = 0.0063, adv_loss = -0.8036, discri_loss = 0.7355, sp_cls = 0.0000
Validation loss decreased (9691.655615 --> 9652.016455).  Saving model ...
epoch 20: loss = 9792.5770, Diff_loss = 9791.9100, preserve_loss = 0.0055, adv_loss = -0.7830, discri_loss = 0.7012, sp_cls = 0.0001
Validation loss decreased (9652.016455 --> 9588.262109).  Saving model ...
epoch 21: loss = 9819.0944, Diff_loss = 9818.3648, preserve_loss = 0.0060, adv_loss = -0.7718, discri_loss = 0.6902, sp_cls = 0.0000
Validation loss decreased (9588.262109 --> 9561.239648).  Saving model ...
epoch 22: loss = 9685.5402, Diff_loss = 9684.8855, preserve_loss = 0.0054, adv_loss = -0.7577, discri_loss = 0.6807, sp_cls = 0.0000
Validation loss decreased (9561.239648 --> 9529.188428).  Saving model ...
epoch 23: loss = 9613.0039, Diff_loss = 9612.3601, preserve_loss = 0.0054, adv_loss = -0.7558, discri_loss = 0.6831, sp_cls = 0.0000
Validation loss decreased (9529.188428 --> 9478.196533).  Saving model ...
epoch 24: loss = 9642.3865, Diff_loss = 9641.7471, preserve_loss = 0.0053, adv_loss = -0.7484, discri_loss = 0.6821, sp_cls = 0.0000
Validation loss decreased (9478.196533 --> 9455.135254).  Saving model ...
epoch 25: loss = 9600.2505, Diff_loss = 9599.5761, preserve_loss = 0.0056, adv_loss = -0.7476, discri_loss = 0.6851, sp_cls = 0.0000
Validation loss decreased (9455.135254 --> 9418.309082).  Saving model ...
epoch 26: loss = 9612.0953, Diff_loss = 9611.4555, preserve_loss = 0.0053, adv_loss = -0.7494, discri_loss = 0.6910, sp_cls = 0.0000
Validation loss decreased (9418.309082 --> 9417.212549).  Saving model ...
epoch 27: loss = 9539.5359, Diff_loss = 9538.8995, preserve_loss = 0.0053, adv_loss = -0.7505, discri_loss = 0.6918, sp_cls = 0.0001
Validation loss decreased (9417.212549 --> 9354.216895).  Saving model ...
epoch 28: loss = 9524.0464, Diff_loss = 9523.4153, preserve_loss = 0.0053, adv_loss = -0.7451, discri_loss = 0.6830, sp_cls = 0.0000
Validation loss decreased (9354.216895 --> 9351.359961).  Saving model ...
epoch 29: loss = 9398.3486, Diff_loss = 9397.6856, preserve_loss = 0.0055, adv_loss = -0.7468, discri_loss = 0.6867, sp_cls = 0.0000
EarlyStopping counter: 1 / 20
epoch 30: loss = 9484.0378, Diff_loss = 9483.4039, preserve_loss = 0.0053, adv_loss = -0.7435, discri_loss = 0.6811, sp_cls = 0.0000
Validation loss decreased (9351.359961 --> 9333.428857).  Saving model ...
epoch 31: loss = 9383.0100, Diff_loss = 9382.3964, preserve_loss = 0.0051, adv_loss = -0.7433, discri_loss = 0.6885, sp_cls = 0.0000
Validation loss decreased (9333.428857 --> 9294.930420).  Saving model ...
epoch 32: loss = 9442.8760, Diff_loss = 9442.2600, preserve_loss = 0.0051, adv_loss = -0.7411, discri_loss = 0.6869, sp_cls = 0.0000
Validation loss decreased (9294.930420 --> 9275.322705).  Saving model ...
epoch 33: loss = 9419.1196, Diff_loss = 9418.5006, preserve_loss = 0.0052, adv_loss = -0.7416, discri_loss = 0.6884, sp_cls = 0.0000
Validation loss decreased (9275.322705 --> 9273.002881).  Saving model ...
epoch 34: loss = 9343.5696, Diff_loss = 9342.9458, preserve_loss = 0.0052, adv_loss = -0.7409, discri_loss = 0.6832, sp_cls = 0.0000
Validation loss decreased (9273.002881 --> 9247.631787).  Saving model ...
epoch 35: loss = 9440.0266, Diff_loss = 9439.3951, preserve_loss = 0.0053, adv_loss = -0.7485, discri_loss = 0.6959, sp_cls = 0.0000
EarlyStopping counter: 1 / 20
epoch 36: loss = 9324.0680, Diff_loss = 9323.4587, preserve_loss = 0.0051, adv_loss = -0.7439, discri_loss = 0.6923, sp_cls = 0.0000
EarlyStopping counter: 2 / 20
epoch 37: loss = 9349.7445, Diff_loss = 9349.1534, preserve_loss = 0.0050, adv_loss = -0.7528, discri_loss = 0.7004, sp_cls = 0.0000
Validation loss decreased (9247.631787 --> 9214.014063).  Saving model ...
epoch 38: loss = 9331.4566, Diff_loss = 9330.8497, preserve_loss = 0.0051, adv_loss = -0.7469, discri_loss = 0.6902, sp_cls = 0.0000
Validation loss decreased (9214.014063 --> 9195.432471).  Saving model ...
epoch 39: loss = 9330.5467, Diff_loss = 9329.9726, preserve_loss = 0.0048, adv_loss = -0.7479, discri_loss = 0.6989, sp_cls = 0.0000
EarlyStopping counter: 1 / 20
epoch 40: loss = 9286.4601, Diff_loss = 9285.8760, preserve_loss = 0.0049, adv_loss = -0.7440, discri_loss = 0.6857, sp_cls = 0.0000
inference: loss = 9014.4178, Diff_loss = 9014.0204, preserve_loss = 0.0035, adv_loss = -0.7218
All results recorded in adata.
EarlyStopping counter: 2 / 20
epoch 41: loss = 9189.8752, Diff_loss = 9189.2883, preserve_loss = 0.0049, adv_loss = -0.7467, discri_loss = 0.6876, sp_cls = 0.0000
EarlyStopping counter: 3 / 20
epoch 42: loss = 9310.0855, Diff_loss = 9309.5166, preserve_loss = 0.0048, adv_loss = -0.7414, discri_loss = 0.6885, sp_cls = 0.0000
Validation loss decreased (9195.432471 --> 9193.489111).  Saving model ...
epoch 43: loss = 9280.7499, Diff_loss = 9280.1948, preserve_loss = 0.0047, adv_loss = -0.7374, discri_loss = 0.6782, sp_cls = 0.0000
Validation loss decreased (9193.489111 --> 9164.441504).  Saving model ...
epoch 44: loss = 9273.9993, Diff_loss = 9273.4324, preserve_loss = 0.0048, adv_loss = -0.7375, discri_loss = 0.6859, sp_cls = 0.0002
EarlyStopping counter: 1 / 20
epoch 45: loss = 9194.6900, Diff_loss = 9194.1453, preserve_loss = 0.0046, adv_loss = -0.7360, discri_loss = 0.6821, sp_cls = 0.0000
EarlyStopping counter: 2 / 20
epoch 46: loss = 9247.1856, Diff_loss = 9246.6214, preserve_loss = 0.0047, adv_loss = -0.7347, discri_loss = 0.6858, sp_cls = 0.0000
EarlyStopping counter: 3 / 20
epoch 47: loss = 9216.0266, Diff_loss = 9215.4777, preserve_loss = 0.0046, adv_loss = -0.7328, discri_loss = 0.6767, sp_cls = 0.0000
Validation loss decreased (9164.441504 --> 9148.030518).  Saving model ...
epoch 48: loss = 9223.5727, Diff_loss = 9223.0229, preserve_loss = 0.0046, adv_loss = -0.7268, discri_loss = 0.6798, sp_cls = 0.0000
EarlyStopping counter: 1 / 20
epoch 49: loss = 9214.7950, Diff_loss = 9214.2395, preserve_loss = 0.0047, adv_loss = -0.7259, discri_loss = 0.6752, sp_cls = 0.0000
EarlyStopping counter: 2 / 20
epoch 50: loss = 9237.2539, Diff_loss = 9236.7027, preserve_loss = 0.0046, adv_loss = -0.7288, discri_loss = 0.6835, sp_cls = 0.0000
inference: loss = 8906.4622, Diff_loss = 8906.0685, preserve_loss = 0.0034, adv_loss = -0.7070
All results recorded in adata.
Validation loss decreased (9148.030518 --> 9146.656006).  Saving model ...
epoch 51: loss = 9209.1597, Diff_loss = 9208.6129, preserve_loss = 0.0046, adv_loss = -0.7241, discri_loss = 0.6702, sp_cls = 0.0000
EarlyStopping counter: 1 / 20
epoch 52: loss = 9142.0073, Diff_loss = 9141.4688, preserve_loss = 0.0045, adv_loss = -0.7206, discri_loss = 0.6715, sp_cls = 0.0000
Validation loss decreased (9146.656006 --> 9132.840137).  Saving model ...
epoch 53: loss = 9093.6527, Diff_loss = 9093.1117, preserve_loss = 0.0046, adv_loss = -0.7188, discri_loss = 0.6691, sp_cls = 0.0000
EarlyStopping counter: 1 / 20
epoch 54: loss = 9191.9483, Diff_loss = 9191.4055, preserve_loss = 0.0046, adv_loss = -0.7176, discri_loss = 0.6730, sp_cls = 0.0000
EarlyStopping counter: 2 / 20
epoch 55: loss = 9167.6197, Diff_loss = 9167.0727, preserve_loss = 0.0046, adv_loss = -0.7188, discri_loss = 0.6711, sp_cls = 0.0000
Validation loss decreased (9132.840137 --> 9112.314404).  Saving model ...
epoch 56: loss = 9130.8752, Diff_loss = 9130.3473, preserve_loss = 0.0044, adv_loss = -0.7152, discri_loss = 0.6714, sp_cls = 0.0000
EarlyStopping counter: 1 / 20
epoch 57: loss = 9198.9697, Diff_loss = 9198.4475, preserve_loss = 0.0044, adv_loss = -0.7149, discri_loss = 0.6676, sp_cls = 0.0000
Validation loss decreased (9112.314404 --> 9109.602197).  Saving model ...
epoch 58: loss = 9136.1313, Diff_loss = 9135.6016, preserve_loss = 0.0045, adv_loss = -0.7088, discri_loss = 0.6627, sp_cls = 0.0000
EarlyStopping counter: 1 / 20
epoch 59: loss = 9182.2346, Diff_loss = 9181.7107, preserve_loss = 0.0044, adv_loss = -0.7129, discri_loss = 0.6682, sp_cls = 0.0000
EarlyStopping counter: 2 / 20
epoch 60: loss = 9127.4197, Diff_loss = 9126.9048, preserve_loss = 0.0043, adv_loss = -0.7121, discri_loss = 0.6656, sp_cls = 0.0000
inference: loss = 8865.5943, Diff_loss = 8865.2557, preserve_loss = 0.0030, adv_loss = -0.6770
All results recorded in adata.
Validation loss decreased (9109.602197 --> 9089.010693).  Saving model ...
epoch 61: loss = 9164.9411, Diff_loss = 9164.4261, preserve_loss = 0.0043, adv_loss = -0.7072, discri_loss = 0.6562, sp_cls = 0.0000
EarlyStopping counter: 1 / 20
epoch 62: loss = 9120.9358, Diff_loss = 9120.4108, preserve_loss = 0.0044, adv_loss = -0.7015, discri_loss = 0.6544, sp_cls = 0.0000
EarlyStopping counter: 2 / 20
epoch 63: loss = 9052.5888, Diff_loss = 9052.0742, preserve_loss = 0.0043, adv_loss = -0.6994, discri_loss = 0.6541, sp_cls = 0.0000
EarlyStopping counter: 3 / 20
epoch 64: loss = 9073.0359, Diff_loss = 9072.5209, preserve_loss = 0.0043, adv_loss = -0.7015, discri_loss = 0.6546, sp_cls = 0.0000
EarlyStopping counter: 4 / 20
epoch 65: loss = 9083.1883, Diff_loss = 9082.6753, preserve_loss = 0.0043, adv_loss = -0.6999, discri_loss = 0.6492, sp_cls = 0.0000
EarlyStopping counter: 5 / 20
epoch 66: loss = 8996.2442, Diff_loss = 8995.7427, preserve_loss = 0.0042, adv_loss = -0.6994, discri_loss = 0.6536, sp_cls = 0.0000
EarlyStopping counter: 6 / 20
epoch 67: loss = 9080.8519, Diff_loss = 9080.3461, preserve_loss = 0.0043, adv_loss = -0.6923, discri_loss = 0.6434, sp_cls = 0.0000
EarlyStopping counter: 7 / 20
epoch 68: loss = 9167.7438, Diff_loss = 9167.2295, preserve_loss = 0.0043, adv_loss = -0.6918, discri_loss = 0.6416, sp_cls = 0.0000
EarlyStopping counter: 8 / 20
epoch 69: loss = 9124.2581, Diff_loss = 9123.7417, preserve_loss = 0.0043, adv_loss = -0.6890, discri_loss = 0.6324, sp_cls = 0.0000
EarlyStopping counter: 9 / 20
epoch 70: loss = 9170.9552, Diff_loss = 9170.4342, preserve_loss = 0.0044, adv_loss = -0.6860, discri_loss = 0.6412, sp_cls = 0.0000
inference: loss = 8859.1552, Diff_loss = 8858.7892, preserve_loss = 0.0032, adv_loss = -0.6485
All results recorded in adata.
EarlyStopping counter: 10 / 20
epoch 71: loss = 9097.1840, Diff_loss = 9096.6788, preserve_loss = 0.0043, adv_loss = -0.6846, discri_loss = 0.6365, sp_cls = 0.0000
EarlyStopping counter: 11 / 20
epoch 72: loss = 9105.9670, Diff_loss = 9105.4481, preserve_loss = 0.0044, adv_loss = -0.6860, discri_loss = 0.6395, sp_cls = 0.0000
EarlyStopping counter: 12 / 20
epoch 73: loss = 9123.8726, Diff_loss = 9123.3513, preserve_loss = 0.0044, adv_loss = -0.6823, discri_loss = 0.6321, sp_cls = 0.0000
EarlyStopping counter: 13 / 20
epoch 74: loss = 9113.5303, Diff_loss = 9113.0137, preserve_loss = 0.0043, adv_loss = -0.6810, discri_loss = 0.6283, sp_cls = 0.0000
EarlyStopping counter: 14 / 20
epoch 75: loss = 9141.7094, Diff_loss = 9141.1919, preserve_loss = 0.0043, adv_loss = -0.6816, discri_loss = 0.6321, sp_cls = 0.0000
EarlyStopping counter: 15 / 20
epoch 76: loss = 9127.0054, Diff_loss = 9126.4991, preserve_loss = 0.0043, adv_loss = -0.6828, discri_loss = 0.6392, sp_cls = 0.0000
EarlyStopping counter: 16 / 20
epoch 77: loss = 9164.3993, Diff_loss = 9163.8975, preserve_loss = 0.0042, adv_loss = -0.6817, discri_loss = 0.6374, sp_cls = 0.0000
EarlyStopping counter: 17 / 20
epoch 78: loss = 9051.4210, Diff_loss = 9050.9328, preserve_loss = 0.0041, adv_loss = -0.6773, discri_loss = 0.6269, sp_cls = 0.0000
EarlyStopping counter: 18 / 20
epoch 79: loss = 9104.9554, Diff_loss = 9104.4477, preserve_loss = 0.0043, adv_loss = -0.6778, discri_loss = 0.6294, sp_cls = 0.0001
EarlyStopping counter: 19 / 20
epoch 80: loss = 9162.4604, Diff_loss = 9161.9528, preserve_loss = 0.0043, adv_loss = -0.6749, discri_loss = 0.6238, sp_cls = 0.0000
inference: loss = 8861.9552, Diff_loss = 8861.5643, preserve_loss = 0.0034, adv_loss = -0.6363
All results recorded in adata.
EarlyStopping counter: 20 / 20
Early stopping at epoch 80
Training finished!
inference: loss = 8867.7244, Diff_loss = 8867.3859, preserve_loss = 0.0030, adv_loss = -0.6770
All results recorded in adata.
>>> Trial 4 score=0.5380
    [Bio] NMI=0.5514, ARI=0.4501, label_ASW=0.5372, cLISI=0.9498, iso_ASW=0.5182, iso_F1=0.5145
    [Batch] sil=0.9662, iLISI=0.2997, kBET=0.0747, PCR=0.0000
    [Modality] sil=0.9977, iLISI=0.3484, kBET=0.2075, PCR=0.7625, graph_conn=0.8836
[I 2026-02-11 10:00:25,078] Trial 4 finished with value: 0.5380202016347155 and parameters: {'gamma': 131.3859922327771, 'lambda_adv': 0.07904575657146895, 'lr': 0.0007279028827701645, 'dropout_rate': 0.2389688689254036, 'latent_dim': 32, 'lambda_sp_cls': 0.46835455150223826, 'batch_size': 256}. Best is trial 4 with value: 0.5380202016347155.

============================================================
Trial 5: gamma=59.496, lambda_adv=0.126, lambda_sp_cls=0.418, lr=0.00045, dropout=0.25, latent_dim=64, denoise_hidden=512, batch_size=128
============================================================
using cuda
Training start!
epoch 1: loss = 14686.7887, Diff_loss = 14178.7728, preserve_loss = 8.5378, adv_loss = 0.0000, discri_loss = 0.0000, sp_cls = 0.1249
epoch 2: loss = 12690.3166, Diff_loss = 12684.5942, preserve_loss = 0.0962, adv_loss = 0.0000, discri_loss = 0.0000, sp_cls = 0.0026
epoch 3: loss = 12236.4936, Diff_loss = 12233.3955, preserve_loss = 0.0521, adv_loss = 0.0000, discri_loss = 0.0000, sp_cls = 0.0008
epoch 4: loss = 12028.0203, Diff_loss = 12026.5468, preserve_loss = 0.0248, adv_loss = 0.0000, discri_loss = 0.0000, sp_cls = 0.0004
epoch 5: loss = 11756.4353, Diff_loss = 11755.5852, preserve_loss = 0.0143, adv_loss = 0.0000, discri_loss = 0.0000, sp_cls = 0.0002
epoch 6: loss = 11489.2996, Diff_loss = 11488.6557, preserve_loss = 0.0108, adv_loss = 0.0000, discri_loss = 0.0000, sp_cls = 0.0000
epoch 7: loss = 11269.8646, Diff_loss = 11269.3965, preserve_loss = 0.0079, adv_loss = 0.0000, discri_loss = 0.0000, sp_cls = 0.0000
epoch 8: loss = 11118.1697, Diff_loss = 11117.7902, preserve_loss = 0.0064, adv_loss = 0.0000, discri_loss = 0.0000, sp_cls = 0.0000
epoch 9: loss = 10938.7551, Diff_loss = 10938.4030, preserve_loss = 0.0059, adv_loss = 0.0000, discri_loss = 0.0000, sp_cls = 0.0000
epoch 10: loss = 10834.8820, Diff_loss = 10834.5242, preserve_loss = 0.0060, adv_loss = 0.0000, discri_loss = 0.0000, sp_cls = 0.0000
epoch 11: loss = 10672.3300, Diff_loss = 10672.1101, preserve_loss = 0.0059, adv_loss = -1.0531, discri_loss = 0.9887, sp_cls = 0.0000
Validation loss decreased (inf --> 10296.482275).  Saving model ...
epoch 12: loss = 10409.9647, Diff_loss = 10409.5483, preserve_loss = 0.0091, adv_loss = -0.9771, discri_loss = 0.8287, sp_cls = 0.0001
Validation loss decreased (10296.482275 --> 10158.062695).  Saving model ...
epoch 13: loss = 10324.0642, Diff_loss = 10323.7031, preserve_loss = 0.0080, adv_loss = -0.8982, discri_loss = 0.7181, sp_cls = 0.0000
Validation loss decreased (10158.062695 --> 9980.743884).  Saving model ...
epoch 14: loss = 10166.4486, Diff_loss = 10165.8412, preserve_loss = 0.0119, adv_loss = -0.8199, discri_loss = 0.6615, sp_cls = 0.0000
Validation loss decreased (9980.743884 --> 9917.392993).  Saving model ...
epoch 15: loss = 9967.7226, Diff_loss = 9967.0219, preserve_loss = 0.0134, adv_loss = -0.7746, discri_loss = 0.6375, sp_cls = 0.0000
Validation loss decreased (9917.392993 --> 9789.695642).  Saving model ...
epoch 16: loss = 9993.7660, Diff_loss = 9993.0670, preserve_loss = 0.0133, adv_loss = -0.7418, discri_loss = 0.6298, sp_cls = 0.0000
Validation loss decreased (9789.695642 --> 9761.692090).  Saving model ...
epoch 17: loss = 9926.5485, Diff_loss = 9925.8648, preserve_loss = 0.0130, adv_loss = -0.7111, discri_loss = 0.6003, sp_cls = 0.0000
Validation loss decreased (9761.692090 --> 9678.993469).  Saving model ...
epoch 18: loss = 9807.4282, Diff_loss = 9806.7765, preserve_loss = 0.0124, adv_loss = -0.6886, discri_loss = 0.5981, sp_cls = 0.0000
Validation loss decreased (9678.993469 --> 9608.741992).  Saving model ...
epoch 19: loss = 9712.1760, Diff_loss = 9711.5617, preserve_loss = 0.0118, adv_loss = -0.6746, discri_loss = 0.5982, sp_cls = 0.0000
Validation loss decreased (9608.741992 --> 9571.890491).  Saving model ...
epoch 20: loss = 9740.7434, Diff_loss = 9740.1763, preserve_loss = 0.0110, adv_loss = -0.6760, discri_loss = 0.6037, sp_cls = 0.0000
Validation loss decreased (9571.890491 --> 9522.332849).  Saving model ...
epoch 21: loss = 9627.9793, Diff_loss = 9627.4674, preserve_loss = 0.0100, adv_loss = -0.6762, discri_loss = 0.6238, sp_cls = 0.0000
Validation loss decreased (9522.332849 --> 9464.863708).  Saving model ...
epoch 22: loss = 9584.9303, Diff_loss = 9584.4133, preserve_loss = 0.0101, adv_loss = -0.6802, discri_loss = 0.6258, sp_cls = 0.0000
EarlyStopping counter: 1 / 20
epoch 23: loss = 9561.2084, Diff_loss = 9560.6736, preserve_loss = 0.0104, adv_loss = -0.6754, discri_loss = 0.6103, sp_cls = 0.0000
Validation loss decreased (9464.863708 --> 9403.412842).  Saving model ...
epoch 24: loss = 9491.3729, Diff_loss = 9490.8462, preserve_loss = 0.0103, adv_loss = -0.6690, discri_loss = 0.6058, sp_cls = 0.0000
Validation loss decreased (9403.412842 --> 9393.534644).  Saving model ...
epoch 25: loss = 9548.7083, Diff_loss = 9548.1328, preserve_loss = 0.0111, adv_loss = -0.6681, discri_loss = 0.6068, sp_cls = 0.0000
Validation loss decreased (9393.534644 --> 9335.070984).  Saving model ...
epoch 26: loss = 9572.8915, Diff_loss = 9572.2894, preserve_loss = 0.0115, adv_loss = -0.6711, discri_loss = 0.6269, sp_cls = 0.0000
EarlyStopping counter: 1 / 20
epoch 27: loss = 9530.9446, Diff_loss = 9530.2923, preserve_loss = 0.0124, adv_loss = -0.6765, discri_loss = 0.6311, sp_cls = 0.0000
Validation loss decreased (9335.070984 --> 9332.900574).  Saving model ...
epoch 28: loss = 9473.5059, Diff_loss = 9472.8012, preserve_loss = 0.0133, adv_loss = -0.6766, discri_loss = 0.6198, sp_cls = 0.0000
Validation loss decreased (9332.900574 --> 9304.560352).  Saving model ...
epoch 29: loss = 9437.4774, Diff_loss = 9436.7211, preserve_loss = 0.0142, adv_loss = -0.6838, discri_loss = 0.6331, sp_cls = 0.0000
Validation loss decreased (9304.560352 --> 9286.118030).  Saving model ...
epoch 30: loss = 9473.6359, Diff_loss = 9472.8877, preserve_loss = 0.0140, adv_loss = -0.6871, discri_loss = 0.6355, sp_cls = 0.0000
EarlyStopping counter: 1 / 20
epoch 31: loss = 9348.4909, Diff_loss = 9347.6755, preserve_loss = 0.0151, adv_loss = -0.6812, discri_loss = 0.6264, sp_cls = 0.0001
Validation loss decreased (9286.118030 --> 9274.442639).  Saving model ...
epoch 32: loss = 9405.1085, Diff_loss = 9404.3211, preserve_loss = 0.0147, adv_loss = -0.6818, discri_loss = 0.6199, sp_cls = 0.0000
EarlyStopping counter: 1 / 20
epoch 33: loss = 9346.5740, Diff_loss = 9345.7321, preserve_loss = 0.0156, adv_loss = -0.6899, discri_loss = 0.6332, sp_cls = 0.0000
Validation loss decreased (9274.442639 --> 9220.428796).  Saving model ...
epoch 34: loss = 9275.2016, Diff_loss = 9274.3449, preserve_loss = 0.0158, adv_loss = -0.6846, discri_loss = 0.6324, sp_cls = 0.0000
EarlyStopping counter: 1 / 20
epoch 35: loss = 9383.1882, Diff_loss = 9382.2804, preserve_loss = 0.0167, adv_loss = -0.6868, discri_loss = 0.6302, sp_cls = 0.0000
Validation loss decreased (9220.428796 --> 9217.377881).  Saving model ...
epoch 36: loss = 9303.8727, Diff_loss = 9302.9769, preserve_loss = 0.0165, adv_loss = -0.6939, discri_loss = 0.6441, sp_cls = 0.0000
EarlyStopping counter: 1 / 20
epoch 37: loss = 9328.0930, Diff_loss = 9327.1611, preserve_loss = 0.0171, adv_loss = -0.6993, discri_loss = 0.6438, sp_cls = 0.0000
Validation loss decreased (9217.377881 --> 9195.741248).  Saving model ...
epoch 38: loss = 9303.8023, Diff_loss = 9302.8637, preserve_loss = 0.0173, adv_loss = -0.7009, discri_loss = 0.6388, sp_cls = 0.0000
Validation loss decreased (9195.741248 --> 9185.942529).  Saving model ...
epoch 39: loss = 9270.3273, Diff_loss = 9269.3605, preserve_loss = 0.0177, adv_loss = -0.6987, discri_loss = 0.6306, sp_cls = 0.0000
EarlyStopping counter: 1 / 20
epoch 40: loss = 9234.9923, Diff_loss = 9233.9862, preserve_loss = 0.0184, adv_loss = -0.6961, discri_loss = 0.6337, sp_cls = 0.0000
inference: loss = 8964.2760, Diff_loss = 8963.6177, preserve_loss = 0.0124, adv_loss = -0.6377
All results recorded in adata.
EarlyStopping counter: 2 / 20
epoch 41: loss = 9286.9139, Diff_loss = 9285.8702, preserve_loss = 0.0190, adv_loss = -0.6960, discri_loss = 0.6293, sp_cls = 0.0000
EarlyStopping counter: 3 / 20
epoch 42: loss = 9309.6512, Diff_loss = 9308.5764, preserve_loss = 0.0195, adv_loss = -0.6958, discri_loss = 0.6296, sp_cls = 0.0001
Validation loss decreased (9185.942529 --> 9170.322485).  Saving model ...
epoch 43: loss = 9203.1012, Diff_loss = 9202.0425, preserve_loss = 0.0193, adv_loss = -0.6994, discri_loss = 0.6372, sp_cls = 0.0000
Validation loss decreased (9170.322485 --> 9156.064563).  Saving model ...
epoch 44: loss = 9184.5796, Diff_loss = 9183.4869, preserve_loss = 0.0198, adv_loss = -0.6983, discri_loss = 0.6325, sp_cls = 0.0000
EarlyStopping counter: 1 / 20
epoch 45: loss = 9196.5502, Diff_loss = 9195.4727, preserve_loss = 0.0196, adv_loss = -0.6983, discri_loss = 0.6301, sp_cls = 0.0001
Validation loss decreased (9156.064563 --> 9142.271021).  Saving model ...
epoch 46: loss = 9138.6948, Diff_loss = 9137.6245, preserve_loss = 0.0195, adv_loss = -0.7031, discri_loss = 0.6413, sp_cls = 0.0000
EarlyStopping counter: 1 / 20
epoch 47: loss = 9200.4143, Diff_loss = 9199.2978, preserve_loss = 0.0203, adv_loss = -0.7043, discri_loss = 0.6414, sp_cls = 0.0000
EarlyStopping counter: 2 / 20
epoch 48: loss = 9157.9951, Diff_loss = 9156.8966, preserve_loss = 0.0200, adv_loss = -0.7046, discri_loss = 0.6421, sp_cls = 0.0000
EarlyStopping counter: 3 / 20
epoch 49: loss = 9262.1236, Diff_loss = 9261.0326, preserve_loss = 0.0198, adv_loss = -0.7019, discri_loss = 0.6332, sp_cls = 0.0000
Validation loss decreased (9142.271021 --> 9115.799670).  Saving model ...
epoch 50: loss = 9145.0069, Diff_loss = 9143.9164, preserve_loss = 0.0198, adv_loss = -0.7029, discri_loss = 0.6269, sp_cls = 0.0000
inference: loss = 8856.0429, Diff_loss = 8855.4427, preserve_loss = 0.0114, adv_loss = -0.6319
All results recorded in adata.
EarlyStopping counter: 1 / 20
epoch 51: loss = 9127.6585, Diff_loss = 9126.6102, preserve_loss = 0.0191, adv_loss = -0.6989, discri_loss = 0.6299, sp_cls = 0.0000
EarlyStopping counter: 2 / 20
epoch 52: loss = 9172.9725, Diff_loss = 9171.9284, preserve_loss = 0.0190, adv_loss = -0.7011, discri_loss = 0.6327, sp_cls = 0.0000
Validation loss decreased (9115.799670 --> 9115.459985).  Saving model ...
epoch 53: loss = 9139.2851, Diff_loss = 9138.2218, preserve_loss = 0.0194, adv_loss = -0.7021, discri_loss = 0.6364, sp_cls = 0.0000
Validation loss decreased (9115.459985 --> 9091.580518).  Saving model ...
epoch 54: loss = 9099.4012, Diff_loss = 9098.3252, preserve_loss = 0.0196, adv_loss = -0.7018, discri_loss = 0.6400, sp_cls = 0.0000
EarlyStopping counter: 1 / 20
epoch 55: loss = 9137.9421, Diff_loss = 9136.8965, preserve_loss = 0.0191, adv_loss = -0.6996, discri_loss = 0.6238, sp_cls = 0.0000
EarlyStopping counter: 2 / 20
epoch 56: loss = 9144.2373, Diff_loss = 9143.1713, preserve_loss = 0.0194, adv_loss = -0.6994, discri_loss = 0.6274, sp_cls = 0.0000
Validation loss decreased (9091.580518 --> 9090.477649).  Saving model ...
epoch 57: loss = 9026.1732, Diff_loss = 9025.1201, preserve_loss = 0.0192, adv_loss = -0.6986, discri_loss = 0.6256, sp_cls = 0.0001
EarlyStopping counter: 1 / 20
epoch 58: loss = 9125.2988, Diff_loss = 9124.2484, preserve_loss = 0.0191, adv_loss = -0.6952, discri_loss = 0.6252, sp_cls = 0.0000
Validation loss decreased (9090.477649 --> 9069.658325).  Saving model ...
epoch 59: loss = 9068.7537, Diff_loss = 9067.6823, preserve_loss = 0.0195, adv_loss = -0.6924, discri_loss = 0.6167, sp_cls = 0.0000
EarlyStopping counter: 1 / 20
epoch 60: loss = 9037.3485, Diff_loss = 9036.3133, preserve_loss = 0.0189, adv_loss = -0.6885, discri_loss = 0.6144, sp_cls = 0.0000
inference: loss = 8809.4731, Diff_loss = 8808.8278, preserve_loss = 0.0122, adv_loss = -0.6166
All results recorded in adata.
EarlyStopping counter: 2 / 20
epoch 61: loss = 9154.0445, Diff_loss = 9152.9977, preserve_loss = 0.0191, adv_loss = -0.6879, discri_loss = 0.6145, sp_cls = 0.0000
EarlyStopping counter: 3 / 20
epoch 62: loss = 9062.0456, Diff_loss = 9061.0197, preserve_loss = 0.0187, adv_loss = -0.6857, discri_loss = 0.6170, sp_cls = 0.0000
EarlyStopping counter: 4 / 20
epoch 63: loss = 9076.2579, Diff_loss = 9075.2492, preserve_loss = 0.0184, adv_loss = -0.6851, discri_loss = 0.6090, sp_cls = 0.0000
EarlyStopping counter: 5 / 20
epoch 64: loss = 9168.8123, Diff_loss = 9167.7818, preserve_loss = 0.0188, adv_loss = -0.6818, discri_loss = 0.6044, sp_cls = 0.0000
EarlyStopping counter: 6 / 20
epoch 65: loss = 9147.9582, Diff_loss = 9146.9129, preserve_loss = 0.0190, adv_loss = -0.6800, discri_loss = 0.6027, sp_cls = 0.0001
EarlyStopping counter: 7 / 20
epoch 66: loss = 9191.6490, Diff_loss = 9190.5821, preserve_loss = 0.0194, adv_loss = -0.6760, discri_loss = 0.6008, sp_cls = 0.0000
Validation loss decreased (9069.658325 --> 9055.872961).  Saving model ...
epoch 67: loss = 9113.4731, Diff_loss = 9112.4327, preserve_loss = 0.0189, adv_loss = -0.6742, discri_loss = 0.6006, sp_cls = 0.0000
EarlyStopping counter: 1 / 20
epoch 68: loss = 9198.7475, Diff_loss = 9197.6759, preserve_loss = 0.0194, adv_loss = -0.6723, discri_loss = 0.5973, sp_cls = 0.0000
EarlyStopping counter: 2 / 20
epoch 69: loss = 8976.9801, Diff_loss = 8975.9534, preserve_loss = 0.0187, adv_loss = -0.6688, discri_loss = 0.5928, sp_cls = 0.0000
EarlyStopping counter: 3 / 20
epoch 70: loss = 9084.5649, Diff_loss = 9083.5336, preserve_loss = 0.0187, adv_loss = -0.6696, discri_loss = 0.5923, sp_cls = 0.0000
inference: loss = 8805.9340, Diff_loss = 8805.2608, preserve_loss = 0.0126, adv_loss = -0.5874
All results recorded in adata.
EarlyStopping counter: 4 / 20
epoch 71: loss = 9083.0962, Diff_loss = 9082.0868, preserve_loss = 0.0184, adv_loss = -0.6641, discri_loss = 0.5914, sp_cls = 0.0000
EarlyStopping counter: 5 / 20
epoch 72: loss = 9027.6529, Diff_loss = 9026.6211, preserve_loss = 0.0188, adv_loss = -0.6664, discri_loss = 0.5910, sp_cls = 0.0000
EarlyStopping counter: 6 / 20
epoch 73: loss = 9088.9180, Diff_loss = 9087.8991, preserve_loss = 0.0185, adv_loss = -0.6661, discri_loss = 0.5931, sp_cls = 0.0000
EarlyStopping counter: 7 / 20
epoch 74: loss = 9054.4509, Diff_loss = 9053.4281, preserve_loss = 0.0186, adv_loss = -0.6643, discri_loss = 0.5850, sp_cls = 0.0002
EarlyStopping counter: 8 / 20
epoch 75: loss = 9099.9307, Diff_loss = 9098.8928, preserve_loss = 0.0188, adv_loss = -0.6593, discri_loss = 0.5921, sp_cls = 0.0000
EarlyStopping counter: 9 / 20
epoch 76: loss = 9104.2941, Diff_loss = 9103.2634, preserve_loss = 0.0187, adv_loss = -0.6577, discri_loss = 0.5822, sp_cls = 0.0000
EarlyStopping counter: 10 / 20
epoch 77: loss = 9149.1892, Diff_loss = 9148.1501, preserve_loss = 0.0189, adv_loss = -0.6567, discri_loss = 0.5841, sp_cls = 0.0000
EarlyStopping counter: 11 / 20
epoch 78: loss = 9117.6032, Diff_loss = 9116.5593, preserve_loss = 0.0189, adv_loss = -0.6551, discri_loss = 0.5839, sp_cls = 0.0001
EarlyStopping counter: 12 / 20
epoch 79: loss = 9083.5065, Diff_loss = 9082.4927, preserve_loss = 0.0184, adv_loss = -0.6554, discri_loss = 0.5852, sp_cls = 0.0000
EarlyStopping counter: 13 / 20
epoch 80: loss = 9055.1154, Diff_loss = 9054.1114, preserve_loss = 0.0183, adv_loss = -0.6540, discri_loss = 0.5813, sp_cls = 0.0001
inference: loss = 8805.8139, Diff_loss = 8805.1489, preserve_loss = 0.0124, adv_loss = -0.5595
All results recorded in adata.
EarlyStopping counter: 14 / 20
epoch 81: loss = 9133.6517, Diff_loss = 9132.6166, preserve_loss = 0.0188, adv_loss = -0.6508, discri_loss = 0.5822, sp_cls = 0.0000
EarlyStopping counter: 15 / 20
epoch 82: loss = 9112.3331, Diff_loss = 9111.3321, preserve_loss = 0.0182, adv_loss = -0.6445, discri_loss = 0.5717, sp_cls = 0.0000
EarlyStopping counter: 16 / 20
epoch 83: loss = 9017.9653, Diff_loss = 9016.9789, preserve_loss = 0.0179, adv_loss = -0.6473, discri_loss = 0.5772, sp_cls = 0.0000
EarlyStopping counter: 17 / 20
epoch 84: loss = 8994.7157, Diff_loss = 8993.7200, preserve_loss = 0.0181, adv_loss = -0.6461, discri_loss = 0.5801, sp_cls = 0.0000
EarlyStopping counter: 18 / 20
epoch 85: loss = 9079.0195, Diff_loss = 9078.0286, preserve_loss = 0.0180, adv_loss = -0.6471, discri_loss = 0.5798, sp_cls = 0.0000
EarlyStopping counter: 19 / 20
epoch 86: loss = 9198.4006, Diff_loss = 9197.3583, preserve_loss = 0.0189, adv_loss = -0.6455, discri_loss = 0.5819, sp_cls = 0.0000
EarlyStopping counter: 20 / 20
Early stopping at epoch 86
Training finished!
inference: loss = 8810.5671, Diff_loss = 8809.8769, preserve_loss = 0.0129, adv_loss = -0.5978
All results recorded in adata.
>>> Trial 5 score=0.5373
    [Bio] NMI=0.5846, ARI=0.4783, label_ASW=0.5311, cLISI=0.9557, iso_ASW=0.5152, iso_F1=0.4807
    [Batch] sil=0.9706, iLISI=0.2880, kBET=0.0624, PCR=0.0000
    [Modality] sil=0.9991, iLISI=0.3312, kBET=0.1904, PCR=0.7223, graph_conn=0.9345
[I 2026-02-11 10:43:44,857] Trial 5 finished with value: 0.5373115302252492 and parameters: {'gamma': 59.49603074389088, 'lambda_adv': 0.12588927074949866, 'lr': 0.0004466417308581463, 'dropout_rate': 0.24579307343160628, 'latent_dim': 64, 'lambda_sp_cls': 0.41780242675502155, 'batch_size': 128}. Best is trial 4 with value: 0.5380202016347155.

============================================================
Trial 6: gamma=16.788, lambda_adv=4.087, lambda_sp_cls=1.992, lr=0.00135, dropout=0.20, latent_dim=32, denoise_hidden=512, batch_size=256
============================================================
using cuda
Training start!
epoch 1: loss = 14642.4199, Diff_loss = 14503.6379, preserve_loss = 8.2417, adv_loss = 0.0000, discri_loss = 0.0000, sp_cls = 0.2113
epoch 2: loss = 12434.6414, Diff_loss = 12433.6222, preserve_loss = 0.0605, adv_loss = 0.0000, discri_loss = 0.0000, sp_cls = 0.0013
epoch 3: loss = 11965.4470, Diff_loss = 11964.8785, preserve_loss = 0.0338, adv_loss = 0.0000, discri_loss = 0.0000, sp_cls = 0.0004
epoch 4: loss = 11691.3728, Diff_loss = 11689.9584, preserve_loss = 0.0842, adv_loss = 0.0000, discri_loss = 0.0000, sp_cls = 0.0005
epoch 5: loss = 11338.1687, Diff_loss = 11337.5873, preserve_loss = 0.0346, adv_loss = 0.0000, discri_loss = 0.0000, sp_cls = 0.0001
epoch 6: loss = 10963.2839, Diff_loss = 10962.7694, preserve_loss = 0.0306, adv_loss = 0.0000, discri_loss = 0.0000, sp_cls = 0.0001
epoch 7: loss = 10967.8640, Diff_loss = 10967.0796, preserve_loss = 0.0467, adv_loss = 0.0000, discri_loss = 0.0000, sp_cls = 0.0001
epoch 8: loss = 10790.9096, Diff_loss = 10789.8004, preserve_loss = 0.0661, adv_loss = 0.0000, discri_loss = 0.0000, sp_cls = 0.0001
epoch 9: loss = 10703.7988, Diff_loss = 10702.5777, preserve_loss = 0.0727, adv_loss = 0.0000, discri_loss = 0.0000, sp_cls = 0.0000
epoch 10: loss = 10676.4214, Diff_loss = 10675.0817, preserve_loss = 0.0798, adv_loss = 0.0000, discri_loss = 0.0000, sp_cls = 0.0002
epoch 11: loss = 10442.0826, Diff_loss = 10445.0107, preserve_loss = 0.0719, adv_loss = -1.0120, discri_loss = 0.8867, sp_cls = 0.0001
Validation loss decreased (inf --> 10105.284033).  Saving model ...
epoch 12: loss = 10291.7997, Diff_loss = 10293.9629, preserve_loss = 0.0743, adv_loss = -0.8344, discri_loss = 0.6627, sp_cls = 0.0000
Validation loss decreased (10105.284033 --> 9977.959814).  Saving model ...
epoch 13: loss = 10119.5596, Diff_loss = 10121.3798, preserve_loss = 0.0769, adv_loss = -0.7612, discri_loss = 0.6391, sp_cls = 0.0001
Validation loss decreased (9977.959814 --> 9899.267773).  Saving model ...
epoch 14: loss = 10139.9945, Diff_loss = 10141.3242, preserve_loss = 0.0910, adv_loss = -0.6993, discri_loss = 0.5754, sp_cls = 0.0000
Validation loss decreased (9899.267773 --> 9847.619922).  Saving model ...
epoch 15: loss = 10118.7573, Diff_loss = 10119.8275, preserve_loss = 0.0987, adv_loss = -0.6676, discri_loss = 0.5679, sp_cls = 0.0000
Validation loss decreased (9847.619922 --> 9773.036084).  Saving model ...
epoch 16: loss = 10007.1111, Diff_loss = 10008.2380, preserve_loss = 0.0924, adv_loss = -0.6555, discri_loss = 0.5772, sp_cls = 0.0000
Validation loss decreased (9773.036084 --> 9723.516016).  Saving model ...
epoch 17: loss = 9953.7600, Diff_loss = 9954.9829, preserve_loss = 0.0833, adv_loss = -0.6413, discri_loss = 0.5610, sp_cls = 0.0000
Validation loss decreased (9723.516016 --> 9669.342480).  Saving model ...
epoch 18: loss = 9937.9046, Diff_loss = 9939.0375, preserve_loss = 0.0846, adv_loss = -0.6249, discri_loss = 0.5369, sp_cls = 0.0000
EarlyStopping counter: 1 / 20
epoch 19: loss = 9748.8576, Diff_loss = 9750.0772, preserve_loss = 0.0784, adv_loss = -0.6204, discri_loss = 0.5480, sp_cls = 0.0000
Validation loss decreased (9669.342480 --> 9639.210449).  Saving model ...
epoch 20: loss = 9796.5699, Diff_loss = 9797.8586, preserve_loss = 0.0740, adv_loss = -0.6193, discri_loss = 0.5415, sp_cls = 0.0001
Validation loss decreased (9639.210449 --> 9605.854639).  Saving model ...
epoch 21: loss = 9714.2419, Diff_loss = 9715.6251, preserve_loss = 0.0710, adv_loss = -0.6300, discri_loss = 0.5572, sp_cls = 0.0000
Validation loss decreased (9605.854639 --> 9586.374902).  Saving model ...
epoch 22: loss = 9761.8250, Diff_loss = 9763.2051, preserve_loss = 0.0677, adv_loss = -0.6158, discri_loss = 0.5340, sp_cls = 0.0000
Validation loss decreased (9586.374902 --> 9567.737646).  Saving model ...
epoch 23: loss = 9747.9346, Diff_loss = 9749.3155, preserve_loss = 0.0685, adv_loss = -0.6193, discri_loss = 0.5494, sp_cls = 0.0001
Validation loss decreased (9567.737646 --> 9539.311816).  Saving model ...
epoch 24: loss = 9654.7130, Diff_loss = 9656.1124, preserve_loss = 0.0671, adv_loss = -0.6180, discri_loss = 0.5487, sp_cls = 0.0000
Validation loss decreased (9539.311816 --> 9499.731445).  Saving model ...
epoch 25: loss = 9657.2154, Diff_loss = 9658.6358, preserve_loss = 0.0652, adv_loss = -0.6156, discri_loss = 0.5438, sp_cls = 0.0000
Validation loss decreased (9499.731445 --> 9498.136133).  Saving model ...
epoch 26: loss = 9611.9401, Diff_loss = 9613.4284, preserve_loss = 0.0623, adv_loss = -0.6203, discri_loss = 0.5520, sp_cls = 0.0000
Validation loss decreased (9498.136133 --> 9460.216553).  Saving model ...
epoch 27: loss = 9612.3853, Diff_loss = 9613.8759, preserve_loss = 0.0612, adv_loss = -0.6163, discri_loss = 0.5471, sp_cls = 0.0000
EarlyStopping counter: 1 / 20
epoch 28: loss = 9668.2651, Diff_loss = 9669.6750, preserve_loss = 0.0645, adv_loss = -0.6099, discri_loss = 0.5446, sp_cls = 0.0000
Validation loss decreased (9460.216553 --> 9458.308154).  Saving model ...
epoch 29: loss = 9512.1649, Diff_loss = 9513.6507, preserve_loss = 0.0606, adv_loss = -0.6123, discri_loss = 0.5421, sp_cls = 0.0000
Validation loss decreased (9458.308154 --> 9409.477100).  Saving model ...
epoch 30: loss = 9517.3081, Diff_loss = 9518.8320, preserve_loss = 0.0588, adv_loss = -0.6145, discri_loss = 0.5504, sp_cls = 0.0000
EarlyStopping counter: 1 / 20
epoch 31: loss = 9501.4912, Diff_loss = 9503.0253, preserve_loss = 0.0581, adv_loss = -0.6141, discri_loss = 0.5429, sp_cls = 0.0000
Validation loss decreased (9409.477100 --> 9408.044287).  Saving model ...
epoch 32: loss = 9496.6200, Diff_loss = 9498.0522, preserve_loss = 0.0602, adv_loss = -0.5978, discri_loss = 0.5359, sp_cls = 0.0000
Validation loss decreased (9408.044287 --> 9390.742090).  Saving model ...
epoch 33: loss = 9523.5475, Diff_loss = 9525.0018, preserve_loss = 0.0598, adv_loss = -0.6014, discri_loss = 0.5469, sp_cls = 0.0000
Validation loss decreased (9390.742090 --> 9354.535156).  Saving model ...
epoch 34: loss = 9464.0723, Diff_loss = 9465.4987, preserve_loss = 0.0602, adv_loss = -0.5964, discri_loss = 0.5389, sp_cls = 0.0000
Validation loss decreased (9354.535156 --> 9353.825879).  Saving model ...
epoch 35: loss = 9474.2954, Diff_loss = 9475.6487, preserve_loss = 0.0625, adv_loss = -0.5879, discri_loss = 0.5311, sp_cls = 0.0000
Validation loss decreased (9353.825879 --> 9350.069971).  Saving model ...
epoch 36: loss = 9416.4188, Diff_loss = 9417.8157, preserve_loss = 0.0611, adv_loss = -0.5929, discri_loss = 0.5340, sp_cls = 0.0000
Validation loss decreased (9350.069971 --> 9327.223877).  Saving model ...
epoch 37: loss = 9437.7337, Diff_loss = 9439.0759, preserve_loss = 0.0640, adv_loss = -0.5912, discri_loss = 0.5451, sp_cls = 0.0000
Validation loss decreased (9327.223877 --> 9313.419678).  Saving model ...
epoch 38: loss = 9394.2616, Diff_loss = 9395.6157, preserve_loss = 0.0631, adv_loss = -0.5906, discri_loss = 0.5425, sp_cls = 0.0000
EarlyStopping counter: 1 / 20
epoch 39: loss = 9350.1051, Diff_loss = 9351.4130, preserve_loss = 0.0659, adv_loss = -0.5908, discri_loss = 0.5399, sp_cls = 0.0000
EarlyStopping counter: 2 / 20
epoch 40: loss = 9320.7642, Diff_loss = 9322.0287, preserve_loss = 0.0668, adv_loss = -0.5841, discri_loss = 0.5391, sp_cls = 0.0001
inference: loss = 9077.7810, Diff_loss = 9079.1272, preserve_loss = 0.0480, adv_loss = -0.5268
All results recorded in adata.
Validation loss decreased (9313.419678 --> 9291.047119).  Saving model ...
epoch 41: loss = 9296.2389, Diff_loss = 9297.4779, preserve_loss = 0.0685, adv_loss = -0.5846, discri_loss = 0.5419, sp_cls = 0.0000
Validation loss decreased (9291.047119 --> 9288.153711).  Saving model ...
epoch 42: loss = 9318.0092, Diff_loss = 9319.2494, preserve_loss = 0.0701, adv_loss = -0.5914, discri_loss = 0.5497, sp_cls = 0.0000
Validation loss decreased (9288.153711 --> 9276.472852).  Saving model ...
epoch 43: loss = 9343.3477, Diff_loss = 9344.6047, preserve_loss = 0.0696, adv_loss = -0.5934, discri_loss = 0.5539, sp_cls = 0.0000
Validation loss decreased (9276.472852 --> 9263.585449).  Saving model ...
epoch 44: loss = 9180.9468, Diff_loss = 9182.2261, preserve_loss = 0.0682, adv_loss = -0.5931, discri_loss = 0.5438, sp_cls = 0.0000
EarlyStopping counter: 1 / 20
epoch 45: loss = 9228.8623, Diff_loss = 9230.1528, preserve_loss = 0.0682, adv_loss = -0.5959, discri_loss = 0.5563, sp_cls = 0.0000
Validation loss decreased (9263.585449 --> 9248.617920).  Saving model ...
epoch 46: loss = 9223.4778, Diff_loss = 9224.7432, preserve_loss = 0.0690, adv_loss = -0.5930, discri_loss = 0.5525, sp_cls = 0.0001
Validation loss decreased (9248.617920 --> 9235.944092).  Saving model ...
epoch 47: loss = 9318.4922, Diff_loss = 9319.7710, preserve_loss = 0.0685, adv_loss = -0.5943, discri_loss = 0.5547, sp_cls = 0.0001
EarlyStopping counter: 1 / 20
epoch 48: loss = 9293.2435, Diff_loss = 9294.5274, preserve_loss = 0.0680, adv_loss = -0.5937, discri_loss = 0.5467, sp_cls = 0.0000
Validation loss decreased (9235.944092 --> 9219.507227).  Saving model ...
epoch 49: loss = 9202.7807, Diff_loss = 9204.0621, preserve_loss = 0.0668, adv_loss = -0.5879, discri_loss = 0.5386, sp_cls = 0.0000
EarlyStopping counter: 1 / 20
epoch 50: loss = 9292.1843, Diff_loss = 9293.4407, preserve_loss = 0.0669, adv_loss = -0.5822, discri_loss = 0.5426, sp_cls = 0.0000
inference: loss = 8944.5826, Diff_loss = 8945.8858, preserve_loss = 0.0505, adv_loss = -0.5262
All results recorded in adata.
Validation loss decreased (9219.507227 --> 9178.685156).  Saving model ...
epoch 51: loss = 9246.9623, Diff_loss = 9248.2519, preserve_loss = 0.0668, adv_loss = -0.5899, discri_loss = 0.5535, sp_cls = 0.0000
EarlyStopping counter: 1 / 20
epoch 52: loss = 9225.7763, Diff_loss = 9227.0375, preserve_loss = 0.0676, adv_loss = -0.5864, discri_loss = 0.5437, sp_cls = 0.0002
EarlyStopping counter: 2 / 20
epoch 53: loss = 9212.7630, Diff_loss = 9214.0651, preserve_loss = 0.0655, adv_loss = -0.5876, discri_loss = 0.5453, sp_cls = 0.0000
EarlyStopping counter: 3 / 20
epoch 54: loss = 9266.3906, Diff_loss = 9267.6997, preserve_loss = 0.0655, adv_loss = -0.5893, discri_loss = 0.5470, sp_cls = 0.0001
EarlyStopping counter: 4 / 20
epoch 55: loss = 9063.5124, Diff_loss = 9064.8140, preserve_loss = 0.0659, adv_loss = -0.5895, discri_loss = 0.5528, sp_cls = 0.0001
EarlyStopping counter: 5 / 20
epoch 56: loss = 9236.1199, Diff_loss = 9237.4067, preserve_loss = 0.0649, adv_loss = -0.5817, discri_loss = 0.5396, sp_cls = 0.0000
Validation loss decreased (9178.685156 --> 9165.827246).  Saving model ...
epoch 57: loss = 9172.8527, Diff_loss = 9174.1421, preserve_loss = 0.0647, adv_loss = -0.5814, discri_loss = 0.5404, sp_cls = 0.0001
EarlyStopping counter: 1 / 20
epoch 58: loss = 9141.4429, Diff_loss = 9142.7616, preserve_loss = 0.0629, adv_loss = -0.5811, discri_loss = 0.5441, sp_cls = 0.0000
Validation loss decreased (9165.827246 --> 9165.536328).  Saving model ...
epoch 59: loss = 9159.9108, Diff_loss = 9161.2102, preserve_loss = 0.0634, adv_loss = -0.5783, discri_loss = 0.5418, sp_cls = 0.0000
EarlyStopping counter: 1 / 20
epoch 60: loss = 9214.3397, Diff_loss = 9215.6235, preserve_loss = 0.0651, adv_loss = -0.5816, discri_loss = 0.5400, sp_cls = 0.0000
inference: loss = 8877.5765, Diff_loss = 8878.9172, preserve_loss = 0.0475, adv_loss = -0.5232
All results recorded in adata.
EarlyStopping counter: 2 / 20
epoch 61: loss = 9171.5602, Diff_loss = 9172.8347, preserve_loss = 0.0646, adv_loss = -0.5773, discri_loss = 0.5423, sp_cls = 0.0001
EarlyStopping counter: 3 / 20
epoch 62: loss = 9187.3160, Diff_loss = 9188.5853, preserve_loss = 0.0651, adv_loss = -0.5781, discri_loss = 0.5355, sp_cls = 0.0000
EarlyStopping counter: 4 / 20
epoch 63: loss = 9044.3815, Diff_loss = 9045.6827, preserve_loss = 0.0633, adv_loss = -0.5784, discri_loss = 0.5373, sp_cls = 0.0000
EarlyStopping counter: 5 / 20
epoch 64: loss = 9082.4262, Diff_loss = 9083.7354, preserve_loss = 0.0620, adv_loss = -0.5753, discri_loss = 0.5358, sp_cls = 0.0000
Validation loss decreased (9165.536328 --> 9156.184277).  Saving model ...
epoch 65: loss = 9126.2149, Diff_loss = 9127.4619, preserve_loss = 0.0650, adv_loss = -0.5721, discri_loss = 0.5288, sp_cls = 0.0001
EarlyStopping counter: 1 / 20
epoch 66: loss = 9196.2005, Diff_loss = 9197.4544, preserve_loss = 0.0655, adv_loss = -0.5759, discri_loss = 0.5373, sp_cls = 0.0000
EarlyStopping counter: 2 / 20
epoch 67: loss = 9127.4805, Diff_loss = 9128.7361, preserve_loss = 0.0642, adv_loss = -0.5709, discri_loss = 0.5284, sp_cls = 0.0000
EarlyStopping counter: 3 / 20
epoch 68: loss = 9166.1529, Diff_loss = 9167.3753, preserve_loss = 0.0656, adv_loss = -0.5687, discri_loss = 0.5286, sp_cls = 0.0000
EarlyStopping counter: 4 / 20
epoch 69: loss = 9153.9420, Diff_loss = 9155.1566, preserve_loss = 0.0651, adv_loss = -0.5645, discri_loss = 0.5247, sp_cls = 0.0000
EarlyStopping counter: 5 / 20
epoch 70: loss = 9121.7049, Diff_loss = 9122.9400, preserve_loss = 0.0638, adv_loss = -0.5643, discri_loss = 0.5207, sp_cls = 0.0000
inference: loss = 8871.3941, Diff_loss = 8872.7148, preserve_loss = 0.0457, adv_loss = -0.5108
All results recorded in adata.
EarlyStopping counter: 6 / 20
epoch 71: loss = 9177.8265, Diff_loss = 9179.0621, preserve_loss = 0.0639, adv_loss = -0.5648, discri_loss = 0.5254, sp_cls = 0.0000
EarlyStopping counter: 7 / 20
epoch 72: loss = 9173.4694, Diff_loss = 9174.6948, preserve_loss = 0.0648, adv_loss = -0.5662, discri_loss = 0.5225, sp_cls = 0.0002
EarlyStopping counter: 8 / 20
epoch 73: loss = 9177.6242, Diff_loss = 9178.8379, preserve_loss = 0.0651, adv_loss = -0.5643, discri_loss = 0.5205, sp_cls = 0.0000
EarlyStopping counter: 9 / 20
epoch 74: loss = 9158.6356, Diff_loss = 9159.8571, preserve_loss = 0.0638, adv_loss = -0.5611, discri_loss = 0.5232, sp_cls = 0.0001
EarlyStopping counter: 10 / 20
epoch 75: loss = 9107.4307, Diff_loss = 9108.6922, preserve_loss = 0.0615, adv_loss = -0.5615, discri_loss = 0.5173, sp_cls = 0.0001
EarlyStopping counter: 11 / 20
epoch 76: loss = 9126.7592, Diff_loss = 9127.9706, preserve_loss = 0.0637, adv_loss = -0.5581, discri_loss = 0.5123, sp_cls = 0.0000
EarlyStopping counter: 12 / 20
epoch 77: loss = 9165.2115, Diff_loss = 9166.4298, preserve_loss = 0.0625, adv_loss = -0.5548, discri_loss = 0.5187, sp_cls = 0.0001
EarlyStopping counter: 13 / 20
epoch 78: loss = 9144.8872, Diff_loss = 9146.1099, preserve_loss = 0.0623, adv_loss = -0.5553, discri_loss = 0.5146, sp_cls = 0.0001
Validation loss decreased (9156.184277 --> 9155.838525).  Saving model ...
epoch 79: loss = 9117.1263, Diff_loss = 9118.3180, preserve_loss = 0.0636, adv_loss = -0.5527, discri_loss = 0.5161, sp_cls = 0.0000
EarlyStopping counter: 1 / 20
epoch 80: loss = 9212.0384, Diff_loss = 9213.2442, preserve_loss = 0.0626, adv_loss = -0.5521, discri_loss = 0.5176, sp_cls = 0.0001
inference: loss = 8872.7742, Diff_loss = 8873.9794, preserve_loss = 0.0457, adv_loss = -0.4827
All results recorded in adata.
EarlyStopping counter: 2 / 20
epoch 81: loss = 9075.7639, Diff_loss = 9076.9963, preserve_loss = 0.0618, adv_loss = -0.5553, discri_loss = 0.5221, sp_cls = 0.0000
EarlyStopping counter: 3 / 20
epoch 82: loss = 9224.4906, Diff_loss = 9225.7175, preserve_loss = 0.0621, adv_loss = -0.5553, discri_loss = 0.5148, sp_cls = 0.0000
EarlyStopping counter: 4 / 20
epoch 83: loss = 9172.0598, Diff_loss = 9173.2717, preserve_loss = 0.0626, adv_loss = -0.5537, discri_loss = 0.5205, sp_cls = 0.0000
EarlyStopping counter: 5 / 20
epoch 84: loss = 9144.7395, Diff_loss = 9145.9470, preserve_loss = 0.0626, adv_loss = -0.5527, discri_loss = 0.5180, sp_cls = 0.0000
EarlyStopping counter: 6 / 20
epoch 85: loss = 9158.5081, Diff_loss = 9159.7432, preserve_loss = 0.0606, adv_loss = -0.5512, discri_loss = 0.5111, sp_cls = 0.0002
EarlyStopping counter: 7 / 20
epoch 86: loss = 9086.7627, Diff_loss = 9088.0139, preserve_loss = 0.0598, adv_loss = -0.5517, discri_loss = 0.5109, sp_cls = 0.0000
EarlyStopping counter: 8 / 20
epoch 87: loss = 9160.1737, Diff_loss = 9161.4176, preserve_loss = 0.0597, adv_loss = -0.5498, discri_loss = 0.5141, sp_cls = 0.0001
EarlyStopping counter: 9 / 20
epoch 88: loss = 9139.8221, Diff_loss = 9141.0649, preserve_loss = 0.0604, adv_loss = -0.5524, discri_loss = 0.5193, sp_cls = 0.0000
EarlyStopping counter: 10 / 20
epoch 89: loss = 9119.7814, Diff_loss = 9121.0215, preserve_loss = 0.0596, adv_loss = -0.5483, discri_loss = 0.5086, sp_cls = 0.0002
EarlyStopping counter: 11 / 20
epoch 90: loss = 9100.4961, Diff_loss = 9101.7378, preserve_loss = 0.0589, adv_loss = -0.5460, discri_loss = 0.5060, sp_cls = 0.0000
inference: loss = 8892.7739, Diff_loss = 8893.9970, preserve_loss = 0.0468, adv_loss = -0.4914
All results recorded in adata.
EarlyStopping counter: 12 / 20
epoch 91: loss = 9206.9432, Diff_loss = 9208.1766, preserve_loss = 0.0601, adv_loss = -0.5489, discri_loss = 0.5112, sp_cls = 0.0000
EarlyStopping counter: 13 / 20
epoch 92: loss = 9163.4565, Diff_loss = 9164.6691, preserve_loss = 0.0603, adv_loss = -0.5445, discri_loss = 0.5078, sp_cls = 0.0001
EarlyStopping counter: 14 / 20
epoch 93: loss = 9228.9944, Diff_loss = 9230.2271, preserve_loss = 0.0589, adv_loss = -0.5438, discri_loss = 0.5109, sp_cls = 0.0001
EarlyStopping counter: 15 / 20
epoch 94: loss = 9093.3257, Diff_loss = 9094.5673, preserve_loss = 0.0583, adv_loss = -0.5435, discri_loss = 0.5137, sp_cls = 0.0001
EarlyStopping counter: 16 / 20
epoch 95: loss = 9172.8212, Diff_loss = 9174.0570, preserve_loss = 0.0594, adv_loss = -0.5464, discri_loss = 0.5059, sp_cls = 0.0001
EarlyStopping counter: 17 / 20
epoch 96: loss = 9176.9097, Diff_loss = 9178.1391, preserve_loss = 0.0605, adv_loss = -0.5494, discri_loss = 0.5147, sp_cls = 0.0000
EarlyStopping counter: 18 / 20
epoch 97: loss = 9257.8629, Diff_loss = 9259.0729, preserve_loss = 0.0601, adv_loss = -0.5430, discri_loss = 0.5153, sp_cls = 0.0001
EarlyStopping counter: 19 / 20
epoch 98: loss = 9283.8036, Diff_loss = 9285.0014, preserve_loss = 0.0613, adv_loss = -0.5448, discri_loss = 0.5112, sp_cls = 0.0001
EarlyStopping counter: 20 / 20
Early stopping at epoch 98
Training finished!
inference: loss = 8870.6255, Diff_loss = 8871.8967, preserve_loss = 0.0454, adv_loss = -0.4975
All results recorded in adata.
>>> Trial 6 score=0.5213
    [Bio] NMI=0.5148, ARI=0.4176, label_ASW=0.5338, cLISI=0.9478, iso_ASW=0.5430, iso_F1=0.5581
    [Batch] sil=0.9645, iLISI=0.3097, kBET=0.0833, PCR=0.0000
    [Modality] sil=0.9919, iLISI=0.3277, kBET=0.1542, PCR=0.5444, graph_conn=0.9406
[I 2026-02-11 11:09:47,919] Trial 6 finished with value: 0.5213183560045606 and parameters: {'gamma': 16.787869820435954, 'lambda_adv': 4.086514314970049, 'lr': 0.0013512726841058717, 'dropout_rate': 0.20314482731484876, 'latent_dim': 32, 'lambda_sp_cls': 1.991751361441983, 'batch_size': 256}. Best is trial 4 with value: 0.5380202016347155.

============================================================
Trial 7: gamma=75.093, lambda_adv=2.760, lambda_sp_cls=0.409, lr=0.00033, dropout=0.27, latent_dim=20, denoise_hidden=512, batch_size=256
============================================================
using cuda
Training start!
epoch 1: loss = 16838.4279, Diff_loss = 16098.9703, preserve_loss = 9.8433, adv_loss = 0.0000, discri_loss = 0.0000, sp_cls = 0.7263
epoch 2: loss = 12874.3167, Diff_loss = 12860.4401, preserve_loss = 0.1836, adv_loss = 0.0000, discri_loss = 0.0000, sp_cls = 0.2165
epoch 3: loss = 12787.8709, Diff_loss = 12781.9178, preserve_loss = 0.0789, adv_loss = 0.0000, discri_loss = 0.0000, sp_cls = 0.0615
epoch 4: loss = 12596.4110, Diff_loss = 12593.1704, preserve_loss = 0.0430, adv_loss = 0.0000, discri_loss = 0.0000, sp_cls = 0.0237
epoch 5: loss = 12419.9348, Diff_loss = 12417.8636, preserve_loss = 0.0275, adv_loss = 0.0000, discri_loss = 0.0000, sp_cls = 0.0121
epoch 6: loss = 12208.0554, Diff_loss = 12206.6193, preserve_loss = 0.0191, adv_loss = 0.0000, discri_loss = 0.0000, sp_cls = 0.0072
epoch 7: loss = 12037.0518, Diff_loss = 12035.3351, preserve_loss = 0.0228, adv_loss = 0.0000, discri_loss = 0.0000, sp_cls = 0.0050
epoch 8: loss = 12045.1106, Diff_loss = 12044.2930, preserve_loss = 0.0109, adv_loss = 0.0000, discri_loss = 0.0000, sp_cls = 0.0034
epoch 9: loss = 11711.4485, Diff_loss = 11710.7213, preserve_loss = 0.0097, adv_loss = 0.0000, discri_loss = 0.0000, sp_cls = 0.0025
epoch 10: loss = 11801.1426, Diff_loss = 11800.4756, preserve_loss = 0.0089, adv_loss = 0.0000, discri_loss = 0.0000, sp_cls = 0.0019
epoch 11: loss = 11586.8149, Diff_loss = 11589.3537, preserve_loss = 0.0055, adv_loss = -1.0704, discri_loss = 1.0822, sp_cls = 0.0013
Validation loss decreased (inf --> 11080.933154).  Saving model ...
epoch 12: loss = 11281.6941, Diff_loss = 11284.3431, preserve_loss = 0.0035, adv_loss = -1.0558, discri_loss = 0.9952, sp_cls = 0.0007
Validation loss decreased (11080.933154 --> 10849.404785).  Saving model ...
epoch 13: loss = 11019.8002, Diff_loss = 11022.4380, preserve_loss = 0.0030, adv_loss = -1.0369, discri_loss = 0.9503, sp_cls = 0.0004
Validation loss decreased (10849.404785 --> 10663.363965).  Saving model ...
epoch 14: loss = 10843.5339, Diff_loss = 10846.1542, preserve_loss = 0.0024, adv_loss = -1.0147, discri_loss = 0.9087, sp_cls = 0.0003
Validation loss decreased (10663.363965 --> 10479.995654).  Saving model ...
epoch 15: loss = 10637.9485, Diff_loss = 10640.5405, preserve_loss = 0.0021, adv_loss = -0.9974, discri_loss = 0.8941, sp_cls = 0.0002
Validation loss decreased (10479.995654 --> 10327.693652).  Saving model ...
epoch 16: loss = 10559.2799, Diff_loss = 10561.8267, preserve_loss = 0.0021, adv_loss = -0.9803, discri_loss = 0.8733, sp_cls = 0.0001
Validation loss decreased (10327.693652 --> 10196.859619).  Saving model ...
epoch 17: loss = 10349.6596, Diff_loss = 10351.9128, preserve_loss = 0.0055, adv_loss = -0.9649, discri_loss = 0.8578, sp_cls = 0.0001
Validation loss decreased (10196.859619 --> 10093.690918).  Saving model ...
epoch 18: loss = 10321.8463, Diff_loss = 10324.1011, preserve_loss = 0.0049, adv_loss = -0.9500, discri_loss = 0.8514, sp_cls = 0.0002
Validation loss decreased (10093.690918 --> 10015.110596).  Saving model ...
epoch 19: loss = 10258.2453, Diff_loss = 10260.6623, preserve_loss = 0.0022, adv_loss = -0.9341, discri_loss = 0.8309, sp_cls = 0.0001
Validation loss decreased (10015.110596 --> 9918.052734).  Saving model ...
epoch 20: loss = 10081.5739, Diff_loss = 10083.9076, preserve_loss = 0.0029, adv_loss = -0.9232, discri_loss = 0.8323, sp_cls = 0.0001
Validation loss decreased (9918.052734 --> 9836.139746).  Saving model ...
epoch 21: loss = 9971.3058, Diff_loss = 9973.5702, preserve_loss = 0.0033, adv_loss = -0.9095, discri_loss = 0.8264, sp_cls = 0.0000
Validation loss decreased (9836.139746 --> 9781.250098).  Saving model ...
epoch 22: loss = 9923.6656, Diff_loss = 9925.8147, preserve_loss = 0.0044, adv_loss = -0.8985, discri_loss = 0.8237, sp_cls = 0.0001
Validation loss decreased (9781.250098 --> 9715.287988).  Saving model ...
epoch 23: loss = 9827.2594, Diff_loss = 9829.3549, preserve_loss = 0.0049, adv_loss = -0.8922, discri_loss = 0.8205, sp_cls = 0.0000
Validation loss decreased (9715.287988 --> 9660.174023).  Saving model ...
epoch 24: loss = 9805.1697, Diff_loss = 9807.2099, preserve_loss = 0.0054, adv_loss = -0.8849, discri_loss = 0.8204, sp_cls = 0.0000
Validation loss decreased (9660.174023 --> 9637.066162).  Saving model ...
epoch 25: loss = 9871.7538, Diff_loss = 9873.7220, preserve_loss = 0.0062, adv_loss = -0.8806, discri_loss = 0.8072, sp_cls = 0.0000
Validation loss decreased (9637.066162 --> 9576.495557).  Saving model ...
epoch 26: loss = 9759.5869, Diff_loss = 9761.3857, preserve_loss = 0.0082, adv_loss = -0.8751, discri_loss = 0.8117, sp_cls = 0.0000
Validation loss decreased (9576.495557 --> 9514.747021).  Saving model ...
epoch 27: loss = 9770.9476, Diff_loss = 9772.6235, preserve_loss = 0.0096, adv_loss = -0.8675, discri_loss = 0.8045, sp_cls = 0.0000
EarlyStopping counter: 1 / 20
epoch 28: loss = 9673.3861, Diff_loss = 9675.0255, preserve_loss = 0.0100, adv_loss = -0.8658, discri_loss = 0.8090, sp_cls = 0.0000
Validation loss decreased (9514.747021 --> 9482.049512).  Saving model ...
epoch 29: loss = 9644.8472, Diff_loss = 9646.3140, preserve_loss = 0.0122, adv_loss = -0.8623, discri_loss = 0.8080, sp_cls = 0.0000
Validation loss decreased (9482.049512 --> 9467.720996).  Saving model ...
epoch 30: loss = 9656.6477, Diff_loss = 9657.9960, preserve_loss = 0.0136, adv_loss = -0.8583, discri_loss = 0.8072, sp_cls = 0.0000
Validation loss decreased (9467.720996 --> 9413.890967).  Saving model ...
epoch 31: loss = 9569.3554, Diff_loss = 9570.6664, preserve_loss = 0.0140, adv_loss = -0.8568, discri_loss = 0.7990, sp_cls = 0.0000
EarlyStopping counter: 1 / 20
epoch 32: loss = 9585.3284, Diff_loss = 9586.4354, preserve_loss = 0.0167, adv_loss = -0.8549, discri_loss = 0.8021, sp_cls = 0.0000
Validation loss decreased (9413.890967 --> 9389.910645).  Saving model ...
epoch 33: loss = 9483.5139, Diff_loss = 9484.6832, preserve_loss = 0.0158, adv_loss = -0.8529, discri_loss = 0.8002, sp_cls = 0.0000
Validation loss decreased (9389.910645 --> 9372.066602).  Saving model ...
epoch 34: loss = 9500.4974, Diff_loss = 9501.6166, preserve_loss = 0.0164, adv_loss = -0.8508, discri_loss = 0.7982, sp_cls = 0.0000
Validation loss decreased (9372.066602 --> 9360.718555).  Saving model ...
epoch 35: loss = 9493.7042, Diff_loss = 9494.8099, preserve_loss = 0.0166, adv_loss = -0.8511, discri_loss = 0.8006, sp_cls = 0.0000
Validation loss decreased (9360.718555 --> 9350.647461).  Saving model ...
epoch 36: loss = 9470.2010, Diff_loss = 9471.2597, preserve_loss = 0.0171, adv_loss = -0.8489, discri_loss = 0.7984, sp_cls = 0.0000
Validation loss decreased (9350.647461 --> 9321.020703).  Saving model ...
epoch 37: loss = 9456.9546, Diff_loss = 9457.9519, preserve_loss = 0.0180, adv_loss = -0.8504, discri_loss = 0.8007, sp_cls = 0.0000
Validation loss decreased (9321.020703 --> 9312.874854).  Saving model ...
epoch 38: loss = 9373.7337, Diff_loss = 9374.7540, preserve_loss = 0.0177, adv_loss = -0.8515, discri_loss = 0.8035, sp_cls = 0.0000
Validation loss decreased (9312.874854 --> 9297.839014).  Saving model ...
epoch 39: loss = 9383.9572, Diff_loss = 9384.9379, preserve_loss = 0.0182, adv_loss = -0.8492, discri_loss = 0.7992, sp_cls = 0.0000
EarlyStopping counter: 1 / 20
epoch 40: loss = 9521.4751, Diff_loss = 9522.4233, preserve_loss = 0.0185, adv_loss = -0.8473, discri_loss = 0.7979, sp_cls = 0.0000
inference: loss = 9106.0650, Diff_loss = 9107.5264, preserve_loss = 0.0108, adv_loss = -0.8240
All results recorded in adata.
EarlyStopping counter: 2 / 20
epoch 41: loss = 9380.8836, Diff_loss = 9381.7876, preserve_loss = 0.0190, adv_loss = -0.8456, discri_loss = 0.7894, sp_cls = 0.0000
Validation loss decreased (9297.839014 --> 9259.784814).  Saving model ...
epoch 42: loss = 9412.8961, Diff_loss = 9413.7128, preserve_loss = 0.0202, adv_loss = -0.8459, discri_loss = 0.7959, sp_cls = 0.0000
EarlyStopping counter: 1 / 20
epoch 43: loss = 9375.1614, Diff_loss = 9376.0411, preserve_loss = 0.0194, adv_loss = -0.8463, discri_loss = 0.7992, sp_cls = 0.0000
Validation loss decreased (9259.784814 --> 9258.604590).  Saving model ...
epoch 44: loss = 9301.3768, Diff_loss = 9302.1565, preserve_loss = 0.0206, adv_loss = -0.8431, discri_loss = 0.7894, sp_cls = 0.0000
Validation loss decreased (9258.604590 --> 9254.979395).  Saving model ...
epoch 45: loss = 9313.4106, Diff_loss = 9314.2232, preserve_loss = 0.0201, adv_loss = -0.8418, discri_loss = 0.7843, sp_cls = 0.0000
Validation loss decreased (9254.979395 --> 9251.652148).  Saving model ...
epoch 46: loss = 9277.7917, Diff_loss = 9278.5314, preserve_loss = 0.0211, adv_loss = -0.8411, discri_loss = 0.7906, sp_cls = 0.0000
Validation loss decreased (9251.652148 --> 9213.537402).  Saving model ...
epoch 47: loss = 9347.2247, Diff_loss = 9347.9620, preserve_loss = 0.0210, adv_loss = -0.8386, discri_loss = 0.7855, sp_cls = 0.0000
EarlyStopping counter: 1 / 20
epoch 48: loss = 9294.5590, Diff_loss = 9295.2419, preserve_loss = 0.0218, adv_loss = -0.8391, discri_loss = 0.7882, sp_cls = 0.0000
EarlyStopping counter: 2 / 20
epoch 49: loss = 9346.6843, Diff_loss = 9347.3803, preserve_loss = 0.0216, adv_loss = -0.8385, discri_loss = 0.7837, sp_cls = 0.0000
Validation loss decreased (9213.537402 --> 9187.281250).  Saving model ...
epoch 50: loss = 9325.8548, Diff_loss = 9326.4474, preserve_loss = 0.0229, adv_loss = -0.8369, discri_loss = 0.7841, sp_cls = 0.0000
inference: loss = 8994.1620, Diff_loss = 8995.2853, preserve_loss = 0.0146, adv_loss = -0.8045
All results recorded in adata.
EarlyStopping counter: 1 / 20
epoch 51: loss = 9261.6401, Diff_loss = 9262.2324, preserve_loss = 0.0228, adv_loss = -0.8349, discri_loss = 0.7798, sp_cls = 0.0000
EarlyStopping counter: 2 / 20
epoch 52: loss = 9289.6481, Diff_loss = 9290.1860, preserve_loss = 0.0233, adv_loss = -0.8297, discri_loss = 0.7705, sp_cls = 0.0000
EarlyStopping counter: 3 / 20
epoch 53: loss = 9242.8636, Diff_loss = 9243.4393, preserve_loss = 0.0229, adv_loss = -0.8321, discri_loss = 0.7782, sp_cls = 0.0000
EarlyStopping counter: 4 / 20
epoch 54: loss = 9354.4264, Diff_loss = 9354.9109, preserve_loss = 0.0241, adv_loss = -0.8315, discri_loss = 0.7782, sp_cls = 0.0000
EarlyStopping counter: 5 / 20
epoch 55: loss = 9239.2161, Diff_loss = 9239.6563, preserve_loss = 0.0247, adv_loss = -0.8303, discri_loss = 0.7747, sp_cls = 0.0000
Validation loss decreased (9187.281250 --> 9186.582568).  Saving model ...
epoch 56: loss = 9176.2447, Diff_loss = 9176.7206, preserve_loss = 0.0242, adv_loss = -0.8304, discri_loss = 0.7833, sp_cls = 0.0000
EarlyStopping counter: 1 / 20
epoch 57: loss = 9193.7804, Diff_loss = 9194.2374, preserve_loss = 0.0244, adv_loss = -0.8285, discri_loss = 0.7720, sp_cls = 0.0000
Validation loss decreased (9186.582568 --> 9171.328271).  Saving model ...
epoch 58: loss = 9316.5016, Diff_loss = 9316.9292, preserve_loss = 0.0247, adv_loss = -0.8258, discri_loss = 0.7669, sp_cls = 0.0000
EarlyStopping counter: 1 / 20
epoch 59: loss = 9193.1318, Diff_loss = 9193.5679, preserve_loss = 0.0245, adv_loss = -0.8243, discri_loss = 0.7691, sp_cls = 0.0000
EarlyStopping counter: 2 / 20
epoch 60: loss = 9283.8240, Diff_loss = 9284.2757, preserve_loss = 0.0242, adv_loss = -0.8219, discri_loss = 0.7623, sp_cls = 0.0000
inference: loss = 8941.8265, Diff_loss = 8942.8610, preserve_loss = 0.0151, adv_loss = -0.7855
All results recorded in adata.
Validation loss decreased (9171.328271 --> 9166.963623).  Saving model ...
epoch 61: loss = 9226.4777, Diff_loss = 9226.9145, preserve_loss = 0.0244, adv_loss = -0.8228, discri_loss = 0.7678, sp_cls = 0.0000
Validation loss decreased (9166.963623 --> 9156.637256).  Saving model ...
epoch 62: loss = 9162.7185, Diff_loss = 9163.1714, preserve_loss = 0.0241, adv_loss = -0.8184, discri_loss = 0.7625, sp_cls = 0.0000
EarlyStopping counter: 1 / 20
epoch 63: loss = 9315.2686, Diff_loss = 9315.6343, preserve_loss = 0.0252, adv_loss = -0.8193, discri_loss = 0.7640, sp_cls = 0.0000
EarlyStopping counter: 2 / 20
epoch 64: loss = 9257.9454, Diff_loss = 9258.3236, preserve_loss = 0.0250, adv_loss = -0.8175, discri_loss = 0.7642, sp_cls = 0.0000
EarlyStopping counter: 3 / 20
epoch 65: loss = 9189.3545, Diff_loss = 9189.7463, preserve_loss = 0.0248, adv_loss = -0.8161, discri_loss = 0.7594, sp_cls = 0.0000
EarlyStopping counter: 4 / 20
epoch 66: loss = 9241.6627, Diff_loss = 9242.0268, preserve_loss = 0.0251, adv_loss = -0.8160, discri_loss = 0.7538, sp_cls = 0.0000
EarlyStopping counter: 5 / 20
epoch 67: loss = 9231.3545, Diff_loss = 9231.7163, preserve_loss = 0.0251, adv_loss = -0.8126, discri_loss = 0.7582, sp_cls = 0.0000
EarlyStopping counter: 6 / 20
epoch 68: loss = 9276.8223, Diff_loss = 9277.1681, preserve_loss = 0.0253, adv_loss = -0.8128, discri_loss = 0.7518, sp_cls = 0.0000
Validation loss decreased (9156.637256 --> 9138.980322).  Saving model ...
epoch 69: loss = 9145.7164, Diff_loss = 9146.1440, preserve_loss = 0.0241, adv_loss = -0.8105, discri_loss = 0.7551, sp_cls = 0.0000
EarlyStopping counter: 1 / 20
epoch 70: loss = 9201.4701, Diff_loss = 9201.8381, preserve_loss = 0.0249, adv_loss = -0.8102, discri_loss = 0.7517, sp_cls = 0.0000
inference: loss = 8924.5421, Diff_loss = 8925.5326, preserve_loss = 0.0153, adv_loss = -0.7757
All results recorded in adata.
EarlyStopping counter: 2 / 20
epoch 71: loss = 9206.4682, Diff_loss = 9206.7928, preserve_loss = 0.0254, adv_loss = -0.8079, discri_loss = 0.7502, sp_cls = 0.0001
EarlyStopping counter: 3 / 20
epoch 72: loss = 9212.2862, Diff_loss = 9212.6574, preserve_loss = 0.0246, adv_loss = -0.8048, discri_loss = 0.7451, sp_cls = 0.0000
EarlyStopping counter: 4 / 20
epoch 73: loss = 9164.6318, Diff_loss = 9165.0121, preserve_loss = 0.0245, adv_loss = -0.8045, discri_loss = 0.7443, sp_cls = 0.0000
EarlyStopping counter: 5 / 20
epoch 74: loss = 9242.9479, Diff_loss = 9243.2908, preserve_loss = 0.0249, adv_loss = -0.8026, discri_loss = 0.7456, sp_cls = 0.0000
EarlyStopping counter: 6 / 20
epoch 75: loss = 9162.1189, Diff_loss = 9162.5409, preserve_loss = 0.0239, adv_loss = -0.8025, discri_loss = 0.7460, sp_cls = 0.0000
EarlyStopping counter: 7 / 20
epoch 76: loss = 9210.2493, Diff_loss = 9210.6169, preserve_loss = 0.0245, adv_loss = -0.8009, discri_loss = 0.7426, sp_cls = 0.0000
EarlyStopping counter: 8 / 20
epoch 77: loss = 9257.4439, Diff_loss = 9257.7419, preserve_loss = 0.0254, adv_loss = -0.7987, discri_loss = 0.7418, sp_cls = 0.0000
EarlyStopping counter: 9 / 20
epoch 78: loss = 9090.8540, Diff_loss = 9091.2283, preserve_loss = 0.0244, adv_loss = -0.7997, discri_loss = 0.7394, sp_cls = 0.0000
EarlyStopping counter: 10 / 20
epoch 79: loss = 9160.2526, Diff_loss = 9160.5838, preserve_loss = 0.0249, adv_loss = -0.7960, discri_loss = 0.7359, sp_cls = 0.0000
EarlyStopping counter: 11 / 20
epoch 80: loss = 9178.0453, Diff_loss = 9178.3750, preserve_loss = 0.0248, adv_loss = -0.7948, discri_loss = 0.7360, sp_cls = 0.0000
inference: loss = 8933.7959, Diff_loss = 8934.6518, preserve_loss = 0.0165, adv_loss = -0.7579
All results recorded in adata.
EarlyStopping counter: 12 / 20
epoch 81: loss = 9172.0974, Diff_loss = 9172.4296, preserve_loss = 0.0248, adv_loss = -0.7942, discri_loss = 0.7366, sp_cls = 0.0000
EarlyStopping counter: 13 / 20
epoch 82: loss = 9189.2782, Diff_loss = 9189.5209, preserve_loss = 0.0260, adv_loss = -0.7961, discri_loss = 0.7443, sp_cls = 0.0000
EarlyStopping counter: 14 / 20
epoch 83: loss = 9212.7380, Diff_loss = 9212.9746, preserve_loss = 0.0261, adv_loss = -0.7955, discri_loss = 0.7420, sp_cls = 0.0000
EarlyStopping counter: 15 / 20
epoch 84: loss = 9261.3303, Diff_loss = 9261.5926, preserve_loss = 0.0257, adv_loss = -0.7932, discri_loss = 0.7362, sp_cls = 0.0000
EarlyStopping counter: 16 / 20
epoch 85: loss = 9272.1014, Diff_loss = 9272.3812, preserve_loss = 0.0255, adv_loss = -0.7951, discri_loss = 0.7374, sp_cls = 0.0000
EarlyStopping counter: 17 / 20
epoch 86: loss = 9273.2943, Diff_loss = 9273.4727, preserve_loss = 0.0267, adv_loss = -0.7908, discri_loss = 0.7306, sp_cls = 0.0000
EarlyStopping counter: 18 / 20
epoch 87: loss = 9269.6459, Diff_loss = 9269.8927, preserve_loss = 0.0259, adv_loss = -0.7939, discri_loss = 0.7408, sp_cls = 0.0000
EarlyStopping counter: 19 / 20
epoch 88: loss = 9190.1806, Diff_loss = 9190.4527, preserve_loss = 0.0255, adv_loss = -0.7934, discri_loss = 0.7453, sp_cls = 0.0000
EarlyStopping counter: 20 / 20
Early stopping at epoch 88
Training finished!
inference: loss = 8934.9263, Diff_loss = 8935.8641, preserve_loss = 0.0159, adv_loss = -0.7724
All results recorded in adata.
>>> Trial 7 score=0.5206
    [Bio] NMI=0.5306, ARI=0.4103, label_ASW=0.5415, cLISI=0.9592, iso_ASW=0.5434, iso_F1=0.5647
    [Batch] sil=0.9712, iLISI=0.2705, kBET=0.0512, PCR=0.0000
    [Modality] sil=0.9984, iLISI=0.3286, kBET=0.1819, PCR=0.5399, graph_conn=0.9314
[I 2026-02-11 11:31:52,042] Trial 7 finished with value: 0.5206310214517056 and parameters: {'gamma': 75.0929065793938, 'lambda_adv': 2.760411663588029, 'lr': 0.0003309725629509884, 'dropout_rate': 0.2701858659834754, 'latent_dim': 20, 'lambda_sp_cls': 0.4090587128275817, 'batch_size': 256}. Best is trial 4 with value: 0.5380202016347155.

============================================================
Trial 8: gamma=417.939, lambda_adv=2.134, lambda_sp_cls=1.697, lr=0.00138, dropout=0.22, latent_dim=64, denoise_hidden=512, batch_size=256
============================================================
using cuda
Training start!
epoch 1: loss = 21320.0269, Diff_loss = 14567.2375, preserve_loss = 16.1569, adv_loss = 0.0000, discri_loss = 0.0000, sp_cls = 0.1021
epoch 2: loss = 12480.9074, Diff_loss = 12476.5710, preserve_loss = 0.0104, adv_loss = 0.0000, discri_loss = 0.0000, sp_cls = 0.0011
epoch 3: loss = 11808.5991, Diff_loss = 11806.4866, preserve_loss = 0.0051, adv_loss = 0.0000, discri_loss = 0.0000, sp_cls = 0.0000
epoch 4: loss = 11595.7493, Diff_loss = 11594.6839, preserve_loss = 0.0025, adv_loss = 0.0000, discri_loss = 0.0000, sp_cls = 0.0000
epoch 5: loss = 11241.3409, Diff_loss = 11240.4173, preserve_loss = 0.0022, adv_loss = 0.0000, discri_loss = 0.0000, sp_cls = 0.0000
epoch 6: loss = 11163.0488, Diff_loss = 11161.9321, preserve_loss = 0.0027, adv_loss = 0.0000, discri_loss = 0.0000, sp_cls = 0.0000
epoch 7: loss = 11052.5891, Diff_loss = 11051.3305, preserve_loss = 0.0030, adv_loss = 0.0000, discri_loss = 0.0000, sp_cls = 0.0000
epoch 8: loss = 10850.5441, Diff_loss = 10848.9252, preserve_loss = 0.0039, adv_loss = 0.0000, discri_loss = 0.0000, sp_cls = 0.0000
epoch 9: loss = 10574.0919, Diff_loss = 10571.2397, preserve_loss = 0.0068, adv_loss = 0.0000, discri_loss = 0.0000, sp_cls = 0.0010
epoch 10: loss = 10581.4853, Diff_loss = 10579.7691, preserve_loss = 0.0041, adv_loss = 0.0000, discri_loss = 0.0000, sp_cls = 0.0001
epoch 11: loss = 10387.2666, Diff_loss = 10387.8547, preserve_loss = 0.0037, adv_loss = -0.9925, discri_loss = 0.8877, sp_cls = 0.0000
Validation loss decreased (inf --> 10143.489258).  Saving model ...
epoch 12: loss = 10298.2170, Diff_loss = 10298.6302, preserve_loss = 0.0031, adv_loss = -0.7948, discri_loss = 0.6262, sp_cls = 0.0000
Validation loss decreased (10143.489258 --> 10045.913281).  Saving model ...
epoch 13: loss = 10318.2178, Diff_loss = 10318.6795, preserve_loss = 0.0024, adv_loss = -0.6943, discri_loss = 0.5669, sp_cls = 0.0000
Validation loss decreased (10045.913281 --> 9922.729687).  Saving model ...
epoch 14: loss = 10179.9376, Diff_loss = 10180.4459, preserve_loss = 0.0021, adv_loss = -0.6493, discri_loss = 0.5533, sp_cls = 0.0000
Validation loss decreased (9922.729687 --> 9862.082275).  Saving model ...
epoch 15: loss = 9940.4802, Diff_loss = 9941.0691, preserve_loss = 0.0018, adv_loss = -0.6268, discri_loss = 0.5387, sp_cls = 0.0000
Validation loss decreased (9862.082275 --> 9855.525781).  Saving model ...
epoch 16: loss = 10045.6767, Diff_loss = 10046.2539, preserve_loss = 0.0017, adv_loss = -0.6107, discri_loss = 0.5383, sp_cls = 0.0002
Validation loss decreased (9855.525781 --> 9829.588916).  Saving model ...
epoch 17: loss = 9995.3204, Diff_loss = 9995.9241, preserve_loss = 0.0016, adv_loss = -0.5944, discri_loss = 0.5354, sp_cls = 0.0000
Validation loss decreased (9829.588916 --> 9744.053076).  Saving model ...
epoch 18: loss = 9963.5533, Diff_loss = 9964.1584, preserve_loss = 0.0015, adv_loss = -0.5800, discri_loss = 0.5154, sp_cls = 0.0000
Validation loss decreased (9744.053076 --> 9729.606006).  Saving model ...
epoch 19: loss = 9937.6818, Diff_loss = 9938.2128, preserve_loss = 0.0016, adv_loss = -0.5719, discri_loss = 0.5179, sp_cls = 0.0000
Validation loss decreased (9729.606006 --> 9689.933936).  Saving model ...
epoch 20: loss = 9947.7403, Diff_loss = 9948.1224, preserve_loss = 0.0020, adv_loss = -0.5789, discri_loss = 0.5230, sp_cls = 0.0000
Validation loss decreased (9689.933936 --> 9672.921436).  Saving model ...
epoch 21: loss = 9965.4644, Diff_loss = 9965.6692, preserve_loss = 0.0025, adv_loss = -0.5911, discri_loss = 0.5424, sp_cls = 0.0000
Validation loss decreased (9672.921436 --> 9634.649658).  Saving model ...
epoch 22: loss = 9903.3325, Diff_loss = 9903.5503, preserve_loss = 0.0025, adv_loss = -0.5932, discri_loss = 0.5343, sp_cls = 0.0000
Validation loss decreased (9634.649658 --> 9603.989795).  Saving model ...
epoch 23: loss = 9776.5001, Diff_loss = 9776.8510, preserve_loss = 0.0021, adv_loss = -0.5807, discri_loss = 0.5238, sp_cls = 0.0000
EarlyStopping counter: 1 / 20
epoch 24: loss = 9779.4239, Diff_loss = 9779.7342, preserve_loss = 0.0022, adv_loss = -0.5789, discri_loss = 0.5319, sp_cls = 0.0001
Validation loss decreased (9603.989795 --> 9565.134570).  Saving model ...
epoch 25: loss = 9772.0851, Diff_loss = 9772.3618, preserve_loss = 0.0023, adv_loss = -0.5793, discri_loss = 0.5261, sp_cls = 0.0000
Validation loss decreased (9565.134570 --> 9556.577979).  Saving model ...
epoch 26: loss = 9763.1600, Diff_loss = 9763.3675, preserve_loss = 0.0025, adv_loss = -0.5899, discri_loss = 0.5382, sp_cls = 0.0000
Validation loss decreased (9556.577979 --> 9516.899756).  Saving model ...
epoch 27: loss = 9655.7616, Diff_loss = 9655.9962, preserve_loss = 0.0024, adv_loss = -0.5836, discri_loss = 0.5322, sp_cls = 0.0000
Validation loss decreased (9516.899756 --> 9497.668652).  Saving model ...
epoch 28: loss = 9621.3296, Diff_loss = 9621.5376, preserve_loss = 0.0025, adv_loss = -0.5816, discri_loss = 0.5269, sp_cls = 0.0000
Validation loss decreased (9497.668652 --> 9469.741504).  Saving model ...
epoch 29: loss = 9631.0776, Diff_loss = 9631.3204, preserve_loss = 0.0023, adv_loss = -0.5698, discri_loss = 0.5161, sp_cls = 0.0000
Validation loss decreased (9469.741504 --> 9465.078027).  Saving model ...
epoch 30: loss = 9586.9405, Diff_loss = 9587.2230, preserve_loss = 0.0023, adv_loss = -0.5813, discri_loss = 0.5380, sp_cls = 0.0001
Validation loss decreased (9465.078027 --> 9449.641309).  Saving model ...
epoch 31: loss = 9533.5112, Diff_loss = 9533.7952, preserve_loss = 0.0023, adv_loss = -0.5863, discri_loss = 0.5389, sp_cls = 0.0000
Validation loss decreased (9449.641309 --> 9432.105469).  Saving model ...
epoch 32: loss = 9624.5614, Diff_loss = 9624.9141, preserve_loss = 0.0022, adv_loss = -0.5923, discri_loss = 0.5449, sp_cls = 0.0000
Validation loss decreased (9432.105469 --> 9430.957568).  Saving model ...
epoch 33: loss = 9622.5636, Diff_loss = 9622.9436, preserve_loss = 0.0021, adv_loss = -0.5839, discri_loss = 0.5363, sp_cls = 0.0000
Validation loss decreased (9430.957568 --> 9405.651758).  Saving model ...
epoch 34: loss = 9599.4790, Diff_loss = 9599.8672, preserve_loss = 0.0021, adv_loss = -0.5858, discri_loss = 0.5368, sp_cls = 0.0000
Validation loss decreased (9405.651758 --> 9393.372217).  Saving model ...
epoch 35: loss = 9531.0435, Diff_loss = 9531.4166, preserve_loss = 0.0021, adv_loss = -0.5780, discri_loss = 0.5263, sp_cls = 0.0000
Validation loss decreased (9393.372217 --> 9369.973779).  Saving model ...
epoch 36: loss = 9515.5181, Diff_loss = 9515.9094, preserve_loss = 0.0020, adv_loss = -0.5807, discri_loss = 0.5435, sp_cls = 0.0000
Validation loss decreased (9369.973779 --> 9354.065527).  Saving model ...
epoch 37: loss = 9558.9611, Diff_loss = 9559.3672, preserve_loss = 0.0020, adv_loss = -0.5830, discri_loss = 0.5353, sp_cls = 0.0000
EarlyStopping counter: 1 / 20
epoch 38: loss = 9472.2748, Diff_loss = 9472.6790, preserve_loss = 0.0020, adv_loss = -0.5807, discri_loss = 0.5349, sp_cls = 0.0000
EarlyStopping counter: 2 / 20
epoch 39: loss = 9493.4457, Diff_loss = 9493.8664, preserve_loss = 0.0020, adv_loss = -0.5864, discri_loss = 0.5446, sp_cls = 0.0001
Validation loss decreased (9354.065527 --> 9330.457324).  Saving model ...
epoch 40: loss = 9317.6260, Diff_loss = 9318.0673, preserve_loss = 0.0019, adv_loss = -0.5879, discri_loss = 0.5491, sp_cls = 0.0000
inference: loss = 9144.9281, Diff_loss = 9145.4903, preserve_loss = 0.0014, adv_loss = -0.5420
All results recorded in adata.
Validation loss decreased (9330.457324 --> 9321.197656).  Saving model ...
epoch 41: loss = 9445.8282, Diff_loss = 9446.2819, preserve_loss = 0.0019, adv_loss = -0.5907, discri_loss = 0.5472, sp_cls = 0.0000
Validation loss decreased (9321.197656 --> 9299.887451).  Saving model ...
epoch 42: loss = 9330.0093, Diff_loss = 9330.4686, preserve_loss = 0.0019, adv_loss = -0.5807, discri_loss = 0.5377, sp_cls = 0.0000
EarlyStopping counter: 1 / 20
epoch 43: loss = 9386.5259, Diff_loss = 9386.9730, preserve_loss = 0.0019, adv_loss = -0.5850, discri_loss = 0.5430, sp_cls = 0.0000
EarlyStopping counter: 2 / 20
epoch 44: loss = 9338.9316, Diff_loss = 9339.3405, preserve_loss = 0.0020, adv_loss = -0.5795, discri_loss = 0.5337, sp_cls = 0.0000
Validation loss decreased (9299.887451 --> 9295.482031).  Saving model ...
epoch 45: loss = 9303.2154, Diff_loss = 9303.6231, preserve_loss = 0.0020, adv_loss = -0.5791, discri_loss = 0.5394, sp_cls = 0.0001
Validation loss decreased (9295.482031 --> 9288.729053).  Saving model ...
epoch 46: loss = 9294.7887, Diff_loss = 9295.2016, preserve_loss = 0.0020, adv_loss = -0.5828, discri_loss = 0.5426, sp_cls = 0.0000
Validation loss decreased (9288.729053 --> 9260.057275).  Saving model ...
epoch 47: loss = 9362.8192, Diff_loss = 9363.2225, preserve_loss = 0.0020, adv_loss = -0.5752, discri_loss = 0.5359, sp_cls = 0.0001
Validation loss decreased (9260.057275 --> 9253.283301).  Saving model ...
epoch 48: loss = 9326.8549, Diff_loss = 9327.2463, preserve_loss = 0.0020, adv_loss = -0.5762, discri_loss = 0.5391, sp_cls = 0.0000
Validation loss decreased (9253.283301 --> 9242.935645).  Saving model ...
epoch 49: loss = 9373.4837, Diff_loss = 9373.8660, preserve_loss = 0.0020, adv_loss = -0.5757, discri_loss = 0.5311, sp_cls = 0.0000
EarlyStopping counter: 1 / 20
epoch 50: loss = 9226.0467, Diff_loss = 9226.4113, preserve_loss = 0.0020, adv_loss = -0.5644, discri_loss = 0.5244, sp_cls = 0.0001
inference: loss = 9008.1930, Diff_loss = 9008.6267, preserve_loss = 0.0016, adv_loss = -0.5073
All results recorded in adata.
Validation loss decreased (9242.935645 --> 9234.531299).  Saving model ...
epoch 51: loss = 9329.0313, Diff_loss = 9329.4041, preserve_loss = 0.0020, adv_loss = -0.5691, discri_loss = 0.5257, sp_cls = 0.0000
Validation loss decreased (9234.531299 --> 9222.126660).  Saving model ...
epoch 52: loss = 9224.6681, Diff_loss = 9225.0382, preserve_loss = 0.0020, adv_loss = -0.5720, discri_loss = 0.5356, sp_cls = 0.0001
EarlyStopping counter: 1 / 20
epoch 53: loss = 9372.4173, Diff_loss = 9372.7544, preserve_loss = 0.0021, adv_loss = -0.5679, discri_loss = 0.5317, sp_cls = 0.0000
Validation loss decreased (9222.126660 --> 9215.293701).  Saving model ...
epoch 54: loss = 9249.0634, Diff_loss = 9249.4179, preserve_loss = 0.0020, adv_loss = -0.5657, discri_loss = 0.5298, sp_cls = 0.0000
EarlyStopping counter: 1 / 20
epoch 55: loss = 9269.7157, Diff_loss = 9270.0583, preserve_loss = 0.0021, adv_loss = -0.5674, discri_loss = 0.5366, sp_cls = 0.0001
EarlyStopping counter: 2 / 20
epoch 56: loss = 9301.6663, Diff_loss = 9302.0143, preserve_loss = 0.0021, adv_loss = -0.5669, discri_loss = 0.5298, sp_cls = 0.0000
EarlyStopping counter: 3 / 20
epoch 57: loss = 9303.8396, Diff_loss = 9304.1874, preserve_loss = 0.0021, adv_loss = -0.5658, discri_loss = 0.5303, sp_cls = 0.0000
Validation loss decreased (9215.293701 --> 9198.070947).  Saving model ...
epoch 58: loss = 9266.3003, Diff_loss = 9266.6464, preserve_loss = 0.0021, adv_loss = -0.5657, discri_loss = 0.5349, sp_cls = 0.0001
Validation loss decreased (9198.070947 --> 9192.615088).  Saving model ...
epoch 59: loss = 9259.6506, Diff_loss = 9260.0234, preserve_loss = 0.0020, adv_loss = -0.5686, discri_loss = 0.5361, sp_cls = 0.0000
EarlyStopping counter: 1 / 20
epoch 60: loss = 9214.8079, Diff_loss = 9215.1653, preserve_loss = 0.0020, adv_loss = -0.5672, discri_loss = 0.5293, sp_cls = 0.0001
inference: loss = 8943.7417, Diff_loss = 8944.2226, preserve_loss = 0.0014, adv_loss = -0.5047
All results recorded in adata.
Validation loss decreased (9192.615088 --> 9179.561523).  Saving model ...
epoch 61: loss = 9128.8092, Diff_loss = 9129.1721, preserve_loss = 0.0020, adv_loss = -0.5635, discri_loss = 0.5259, sp_cls = 0.0002
EarlyStopping counter: 1 / 20
epoch 62: loss = 9160.1737, Diff_loss = 9160.5405, preserve_loss = 0.0020, adv_loss = -0.5627, discri_loss = 0.5283, sp_cls = 0.0000
EarlyStopping counter: 2 / 20
epoch 63: loss = 9255.4217, Diff_loss = 9255.7584, preserve_loss = 0.0021, adv_loss = -0.5604, discri_loss = 0.5213, sp_cls = 0.0000
EarlyStopping counter: 3 / 20
epoch 64: loss = 9164.5797, Diff_loss = 9164.9397, preserve_loss = 0.0020, adv_loss = -0.5592, discri_loss = 0.5182, sp_cls = 0.0001
EarlyStopping counter: 4 / 20
epoch 65: loss = 9221.7665, Diff_loss = 9222.0936, preserve_loss = 0.0020, adv_loss = -0.5525, discri_loss = 0.5169, sp_cls = 0.0000
EarlyStopping counter: 5 / 20
epoch 66: loss = 9198.9069, Diff_loss = 9199.2489, preserve_loss = 0.0020, adv_loss = -0.5492, discri_loss = 0.5117, sp_cls = 0.0000
EarlyStopping counter: 6 / 20
epoch 67: loss = 9205.6196, Diff_loss = 9205.9586, preserve_loss = 0.0020, adv_loss = -0.5525, discri_loss = 0.5131, sp_cls = 0.0001
Validation loss decreased (9179.561523 --> 9172.710254).  Saving model ...
epoch 68: loss = 9214.6527, Diff_loss = 9214.9870, preserve_loss = 0.0020, adv_loss = -0.5544, discri_loss = 0.5193, sp_cls = 0.0001
EarlyStopping counter: 1 / 20
epoch 69: loss = 9237.9831, Diff_loss = 9238.2991, preserve_loss = 0.0020, adv_loss = -0.5454, discri_loss = 0.5030, sp_cls = 0.0000
EarlyStopping counter: 2 / 20
epoch 70: loss = 9208.1419, Diff_loss = 9208.4471, preserve_loss = 0.0020, adv_loss = -0.5428, discri_loss = 0.5070, sp_cls = 0.0001
inference: loss = 8938.5086, Diff_loss = 8938.8954, preserve_loss = 0.0015, adv_loss = -0.4760
All results recorded in adata.
EarlyStopping counter: 3 / 20
epoch 71: loss = 9243.1939, Diff_loss = 9243.4948, preserve_loss = 0.0020, adv_loss = -0.5418, discri_loss = 0.5065, sp_cls = 0.0001
EarlyStopping counter: 4 / 20
epoch 72: loss = 9302.5657, Diff_loss = 9302.8592, preserve_loss = 0.0020, adv_loss = -0.5388, discri_loss = 0.5062, sp_cls = 0.0001
EarlyStopping counter: 5 / 20
epoch 73: loss = 9265.4833, Diff_loss = 9265.7690, preserve_loss = 0.0021, adv_loss = -0.5408, discri_loss = 0.5039, sp_cls = 0.0000
EarlyStopping counter: 6 / 20
epoch 74: loss = 9220.8864, Diff_loss = 9221.1764, preserve_loss = 0.0021, adv_loss = -0.5387, discri_loss = 0.5034, sp_cls = 0.0000
EarlyStopping counter: 7 / 20
epoch 75: loss = 9189.9252, Diff_loss = 9190.2174, preserve_loss = 0.0020, adv_loss = -0.5349, discri_loss = 0.4994, sp_cls = 0.0001
EarlyStopping counter: 8 / 20
epoch 76: loss = 9173.1420, Diff_loss = 9173.4379, preserve_loss = 0.0020, adv_loss = -0.5325, discri_loss = 0.4969, sp_cls = 0.0001
EarlyStopping counter: 9 / 20
epoch 77: loss = 9230.4302, Diff_loss = 9230.7225, preserve_loss = 0.0020, adv_loss = -0.5345, discri_loss = 0.5027, sp_cls = 0.0000
EarlyStopping counter: 10 / 20
epoch 78: loss = 9181.0492, Diff_loss = 9181.3520, preserve_loss = 0.0020, adv_loss = -0.5358, discri_loss = 0.5000, sp_cls = 0.0000
EarlyStopping counter: 11 / 20
epoch 79: loss = 9155.4573, Diff_loss = 9155.7727, preserve_loss = 0.0020, adv_loss = -0.5335, discri_loss = 0.4973, sp_cls = 0.0001
EarlyStopping counter: 12 / 20
epoch 80: loss = 9286.2616, Diff_loss = 9286.5328, preserve_loss = 0.0021, adv_loss = -0.5313, discri_loss = 0.5001, sp_cls = 0.0000
inference: loss = 8941.4413, Diff_loss = 8941.8231, preserve_loss = 0.0015, adv_loss = -0.4669
All results recorded in adata.
EarlyStopping counter: 13 / 20
epoch 81: loss = 9264.0437, Diff_loss = 9264.3346, preserve_loss = 0.0020, adv_loss = -0.5264, discri_loss = 0.4919, sp_cls = 0.0001
EarlyStopping counter: 14 / 20
epoch 82: loss = 9191.1045, Diff_loss = 9191.4201, preserve_loss = 0.0020, adv_loss = -0.5323, discri_loss = 0.4979, sp_cls = 0.0000
EarlyStopping counter: 15 / 20
epoch 83: loss = 9223.6924, Diff_loss = 9224.0139, preserve_loss = 0.0020, adv_loss = -0.5349, discri_loss = 0.5029, sp_cls = 0.0000
EarlyStopping counter: 16 / 20
epoch 84: loss = 9214.9025, Diff_loss = 9215.2052, preserve_loss = 0.0020, adv_loss = -0.5284, discri_loss = 0.4917, sp_cls = 0.0000
EarlyStopping counter: 17 / 20
epoch 85: loss = 9207.9716, Diff_loss = 9208.2858, preserve_loss = 0.0020, adv_loss = -0.5294, discri_loss = 0.5010, sp_cls = 0.0000
EarlyStopping counter: 18 / 20
epoch 86: loss = 9208.7622, Diff_loss = 9209.0917, preserve_loss = 0.0019, adv_loss = -0.5333, discri_loss = 0.5058, sp_cls = 0.0000
EarlyStopping counter: 19 / 20
epoch 87: loss = 9181.1776, Diff_loss = 9181.5078, preserve_loss = 0.0019, adv_loss = -0.5322, discri_loss = 0.5030, sp_cls = 0.0000
EarlyStopping counter: 20 / 20
Early stopping at epoch 87
Training finished!
inference: loss = 8937.1002, Diff_loss = 8937.5008, preserve_loss = 0.0015, adv_loss = -0.4818
All results recorded in adata.
>>> Trial 8 score=0.5404
    [Bio] NMI=0.5921, ARI=0.4767, label_ASW=0.5594, cLISI=0.9641, iso_ASW=0.5128, iso_F1=0.5725
    [Batch] sil=0.9518, iLISI=0.2912, kBET=0.0709, PCR=0.0000
    [Modality] sil=0.9939, iLISI=0.3235, kBET=0.1670, PCR=0.6928, graph_conn=0.9382
[I 2026-02-11 11:54:35,995] Trial 8 finished with value: 0.5404090868829007 and parameters: {'gamma': 417.93943412481076, 'lambda_adv': 2.133932870273189, 'lr': 0.0013790533420046105, 'dropout_rate': 0.21690260287567764, 'latent_dim': 64, 'lambda_sp_cls': 1.6965505789071054, 'batch_size': 256}. Best is trial 8 with value: 0.5404090868829007.

============================================================
Trial 9: gamma=67.520, lambda_adv=0.107, lambda_sp_cls=4.145, lr=0.00073, dropout=0.25, latent_dim=32, denoise_hidden=512, batch_size=128
============================================================
using cuda
Training start!
epoch 1: loss = 14124.2738, Diff_loss = 13929.5593, preserve_loss = 2.8725, adv_loss = 0.0000, discri_loss = 0.0000, sp_cls = 0.1847
epoch 2: loss = 12376.6288, Diff_loss = 12374.6851, preserve_loss = 0.0286, adv_loss = 0.0000, discri_loss = 0.0000, sp_cls = 0.0024
epoch 3: loss = 11954.3077, Diff_loss = 11953.1435, preserve_loss = 0.0172, adv_loss = 0.0000, discri_loss = 0.0000, sp_cls = 0.0007
epoch 4: loss = 11566.5980, Diff_loss = 11564.7077, preserve_loss = 0.0279, adv_loss = 0.0000, discri_loss = 0.0000, sp_cls = 0.0008
epoch 5: loss = 11308.8455, Diff_loss = 11306.7827, preserve_loss = 0.0305, adv_loss = 0.0000, discri_loss = 0.0000, sp_cls = 0.0007
epoch 6: loss = 11139.5396, Diff_loss = 11137.7680, preserve_loss = 0.0262, adv_loss = 0.0000, discri_loss = 0.0000, sp_cls = 0.0003
epoch 7: loss = 10857.2769, Diff_loss = 10855.5116, preserve_loss = 0.0261, adv_loss = 0.0000, discri_loss = 0.0000, sp_cls = 0.0003
epoch 8: loss = 10750.9959, Diff_loss = 10749.0768, preserve_loss = 0.0284, adv_loss = 0.0000, discri_loss = 0.0000, sp_cls = 0.0005
epoch 9: loss = 10602.9978, Diff_loss = 10601.1856, preserve_loss = 0.0268, adv_loss = 0.0000, discri_loss = 0.0000, sp_cls = 0.0003
epoch 10: loss = 10487.2408, Diff_loss = 10485.1323, preserve_loss = 0.0312, adv_loss = 0.0000, discri_loss = 0.0000, sp_cls = 0.0002
epoch 11: loss = 10339.8488, Diff_loss = 10337.8956, preserve_loss = 0.0305, adv_loss = -1.0200, discri_loss = 0.9554, sp_cls = 0.0003
Validation loss decreased (inf --> 10132.234326).  Saving model ...
epoch 12: loss = 10336.4091, Diff_loss = 10334.7303, preserve_loss = 0.0263, adv_loss = -0.8862, discri_loss = 0.7425, sp_cls = 0.0001
Validation loss decreased (10132.234326 --> 9949.383923).  Saving model ...
epoch 13: loss = 10171.7549, Diff_loss = 10170.3053, preserve_loss = 0.0227, adv_loss = -0.7892, discri_loss = 0.6621, sp_cls = 0.0001
Validation loss decreased (9949.383923 --> 9870.553296).  Saving model ...
epoch 14: loss = 9989.9740, Diff_loss = 9988.7198, preserve_loss = 0.0197, adv_loss = -0.7236, discri_loss = 0.6301, sp_cls = 0.0001
Validation loss decreased (9870.553296 --> 9794.102612).  Saving model ...
epoch 15: loss = 9910.3554, Diff_loss = 9909.1399, preserve_loss = 0.0191, adv_loss = -0.6710, discri_loss = 0.5810, sp_cls = 0.0000
Validation loss decreased (9794.102612 --> 9780.851917).  Saving model ...
epoch 16: loss = 10006.7910, Diff_loss = 10005.5824, preserve_loss = 0.0189, adv_loss = -0.6408, discri_loss = 0.5612, sp_cls = 0.0000
Validation loss decreased (9780.851917 --> 9741.377661).  Saving model ...
epoch 17: loss = 9974.8350, Diff_loss = 9973.6524, preserve_loss = 0.0185, adv_loss = -0.6277, discri_loss = 0.5681, sp_cls = 0.0001
Validation loss decreased (9741.377661 --> 9695.771436).  Saving model ...
epoch 18: loss = 9865.3069, Diff_loss = 9864.2472, preserve_loss = 0.0167, adv_loss = -0.6250, discri_loss = 0.5782, sp_cls = 0.0001
Validation loss decreased (9695.771436 --> 9667.524524).  Saving model ...
epoch 19: loss = 9789.4055, Diff_loss = 9788.3201, preserve_loss = 0.0171, adv_loss = -0.6230, discri_loss = 0.5697, sp_cls = 0.0001
Validation loss decreased (9667.524524 --> 9603.079590).  Saving model ...
epoch 20: loss = 9769.9550, Diff_loss = 9768.8684, preserve_loss = 0.0171, adv_loss = -0.6231, discri_loss = 0.5826, sp_cls = 0.0001
Validation loss decreased (9603.079590 --> 9588.372144).  Saving model ...
epoch 21: loss = 9747.6694, Diff_loss = 9746.4082, preserve_loss = 0.0197, adv_loss = -0.6173, discri_loss = 0.5757, sp_cls = 0.0001
Validation loss decreased (9588.372144 --> 9562.315173).  Saving model ...
epoch 22: loss = 9694.4186, Diff_loss = 9693.1357, preserve_loss = 0.0200, adv_loss = -0.6151, discri_loss = 0.5825, sp_cls = 0.0002
Validation loss decreased (9562.315173 --> 9545.473206).  Saving model ...
epoch 23: loss = 9699.4362, Diff_loss = 9698.1381, preserve_loss = 0.0202, adv_loss = -0.6230, discri_loss = 0.5912, sp_cls = 0.0001
Validation loss decreased (9545.473206 --> 9508.277869).  Saving model ...
epoch 24: loss = 9671.5167, Diff_loss = 9670.2765, preserve_loss = 0.0194, adv_loss = -0.6277, discri_loss = 0.5883, sp_cls = 0.0002
Validation loss decreased (9508.277869 --> 9483.584045).  Saving model ...
epoch 25: loss = 9651.5955, Diff_loss = 9650.4176, preserve_loss = 0.0184, adv_loss = -0.6318, discri_loss = 0.5867, sp_cls = 0.0001
EarlyStopping counter: 1 / 20
epoch 26: loss = 9661.1327, Diff_loss = 9659.9598, preserve_loss = 0.0184, adv_loss = -0.6353, discri_loss = 0.6033, sp_cls = 0.0001
Validation loss decreased (9483.584045 --> 9471.011487).  Saving model ...
epoch 27: loss = 9647.5659, Diff_loss = 9646.4211, preserve_loss = 0.0180, adv_loss = -0.6395, discri_loss = 0.5954, sp_cls = 0.0002
Validation loss decreased (9471.011487 --> 9461.963843).  Saving model ...
epoch 28: loss = 9564.5411, Diff_loss = 9563.4740, preserve_loss = 0.0168, adv_loss = -0.6432, discri_loss = 0.5980, sp_cls = 0.0002
Validation loss decreased (9461.963843 --> 9415.410120).  Saving model ...
epoch 29: loss = 9482.6894, Diff_loss = 9481.6733, preserve_loss = 0.0161, adv_loss = -0.6369, discri_loss = 0.5987, sp_cls = 0.0002
Validation loss decreased (9415.410120 --> 9388.928320).  Saving model ...
epoch 30: loss = 9536.4228, Diff_loss = 9535.4392, preserve_loss = 0.0156, adv_loss = -0.6379, discri_loss = 0.5934, sp_cls = 0.0003
Validation loss decreased (9388.928320 --> 9379.858398).  Saving model ...
epoch 31: loss = 9543.6953, Diff_loss = 9542.7011, preserve_loss = 0.0157, adv_loss = -0.6448, discri_loss = 0.6116, sp_cls = 0.0003
EarlyStopping counter: 1 / 20
epoch 32: loss = 9468.5737, Diff_loss = 9467.6203, preserve_loss = 0.0151, adv_loss = -0.6486, discri_loss = 0.6036, sp_cls = 0.0003
Validation loss decreased (9379.858398 --> 9373.883020).  Saving model ...
epoch 33: loss = 9473.1129, Diff_loss = 9472.1976, preserve_loss = 0.0146, adv_loss = -0.6524, discri_loss = 0.6107, sp_cls = 0.0002
Validation loss decreased (9373.883020 --> 9333.194507).  Saving model ...
epoch 34: loss = 9392.1897, Diff_loss = 9391.2892, preserve_loss = 0.0144, adv_loss = -0.6592, discri_loss = 0.6203, sp_cls = 0.0004
EarlyStopping counter: 1 / 20
epoch 35: loss = 9411.7835, Diff_loss = 9410.8902, preserve_loss = 0.0143, adv_loss = -0.6517, discri_loss = 0.6037, sp_cls = 0.0002
Validation loss decreased (9333.194507 --> 9329.509399).  Saving model ...
epoch 36: loss = 9338.9406, Diff_loss = 9338.0587, preserve_loss = 0.0141, adv_loss = -0.6528, discri_loss = 0.6063, sp_cls = 0.0003
Validation loss decreased (9329.509399 --> 9320.908801).  Saving model ...
epoch 37: loss = 9323.1827, Diff_loss = 9322.3092, preserve_loss = 0.0140, adv_loss = -0.6557, discri_loss = 0.6070, sp_cls = 0.0004
Validation loss decreased (9320.908801 --> 9313.758716).  Saving model ...
epoch 38: loss = 9330.8377, Diff_loss = 9329.9802, preserve_loss = 0.0137, adv_loss = -0.6517, discri_loss = 0.6029, sp_cls = 0.0003
Validation loss decreased (9313.758716 --> 9283.354480).  Saving model ...
epoch 39: loss = 9321.3721, Diff_loss = 9320.5052, preserve_loss = 0.0139, adv_loss = -0.6582, discri_loss = 0.6096, sp_cls = 0.0001
EarlyStopping counter: 1 / 20
epoch 40: loss = 9326.6384, Diff_loss = 9325.8112, preserve_loss = 0.0133, adv_loss = -0.6549, discri_loss = 0.6047, sp_cls = 0.0002
inference: loss = 9056.2541, Diff_loss = 9055.6579, preserve_loss = 0.0098, adv_loss = -0.6134
All results recorded in adata.
EarlyStopping counter: 2 / 20
epoch 41: loss = 9320.6864, Diff_loss = 9319.8646, preserve_loss = 0.0132, adv_loss = -0.6528, discri_loss = 0.6074, sp_cls = 0.0003
Validation loss decreased (9283.354480 --> 9241.244373).  Saving model ...
epoch 42: loss = 9143.6924, Diff_loss = 9142.9007, preserve_loss = 0.0127, adv_loss = -0.6522, discri_loss = 0.6100, sp_cls = 0.0003
EarlyStopping counter: 1 / 20
epoch 43: loss = 9282.1616, Diff_loss = 9281.3647, preserve_loss = 0.0128, adv_loss = -0.6546, discri_loss = 0.6021, sp_cls = 0.0004
EarlyStopping counter: 2 / 20
epoch 44: loss = 9233.5165, Diff_loss = 9232.7361, preserve_loss = 0.0126, adv_loss = -0.6471, discri_loss = 0.6010, sp_cls = 0.0003
EarlyStopping counter: 3 / 20
epoch 45: loss = 9258.1919, Diff_loss = 9257.4233, preserve_loss = 0.0124, adv_loss = -0.6508, discri_loss = 0.6088, sp_cls = 0.0005
Validation loss decreased (9241.244373 --> 9217.131897).  Saving model ...
epoch 46: loss = 9272.4877, Diff_loss = 9271.7308, preserve_loss = 0.0122, adv_loss = -0.6525, discri_loss = 0.6081, sp_cls = 0.0003
EarlyStopping counter: 1 / 20
epoch 47: loss = 9224.5515, Diff_loss = 9223.8150, preserve_loss = 0.0119, adv_loss = -0.6494, discri_loss = 0.6059, sp_cls = 0.0003
EarlyStopping counter: 2 / 20
epoch 48: loss = 9325.5620, Diff_loss = 9324.7825, preserve_loss = 0.0126, adv_loss = -0.6506, discri_loss = 0.6064, sp_cls = 0.0003
EarlyStopping counter: 3 / 20
epoch 49: loss = 9231.5408, Diff_loss = 9230.7707, preserve_loss = 0.0124, adv_loss = -0.6515, discri_loss = 0.6103, sp_cls = 0.0003
EarlyStopping counter: 4 / 20
epoch 50: loss = 9143.7137, Diff_loss = 9142.9996, preserve_loss = 0.0116, adv_loss = -0.6493, discri_loss = 0.6084, sp_cls = 0.0007
inference: loss = 8936.0593, Diff_loss = 8935.4988, preserve_loss = 0.0092, adv_loss = -0.5938
All results recorded in adata.
EarlyStopping counter: 5 / 20
epoch 51: loss = 9243.7265, Diff_loss = 9243.0129, preserve_loss = 0.0116, adv_loss = -0.6505, discri_loss = 0.6087, sp_cls = 0.0003
Validation loss decreased (9217.131897 --> 9203.391687).  Saving model ...
epoch 52: loss = 9117.4817, Diff_loss = 9116.7691, preserve_loss = 0.0115, adv_loss = -0.6473, discri_loss = 0.5961, sp_cls = 0.0007
EarlyStopping counter: 1 / 20
epoch 53: loss = 9146.7260, Diff_loss = 9146.0262, preserve_loss = 0.0114, adv_loss = -0.6445, discri_loss = 0.6019, sp_cls = 0.0004
EarlyStopping counter: 2 / 20
epoch 54: loss = 9269.5609, Diff_loss = 9268.8499, preserve_loss = 0.0115, adv_loss = -0.6410, discri_loss = 0.6018, sp_cls = 0.0003
EarlyStopping counter: 3 / 20
epoch 55: loss = 9176.8501, Diff_loss = 9176.1392, preserve_loss = 0.0115, adv_loss = -0.6420, discri_loss = 0.6046, sp_cls = 0.0003
Validation loss decreased (9203.391687 --> 9187.958435).  Saving model ...
epoch 56: loss = 9191.5002, Diff_loss = 9190.7904, preserve_loss = 0.0115, adv_loss = -0.6441, discri_loss = 0.6048, sp_cls = 0.0004
EarlyStopping counter: 1 / 20
epoch 57: loss = 9183.2391, Diff_loss = 9182.5330, preserve_loss = 0.0115, adv_loss = -0.6391, discri_loss = 0.5986, sp_cls = 0.0004
EarlyStopping counter: 2 / 20
epoch 58: loss = 9167.3948, Diff_loss = 9166.6947, preserve_loss = 0.0114, adv_loss = -0.6430, discri_loss = 0.5974, sp_cls = 0.0003
Validation loss decreased (9187.958435 --> 9177.025488).  Saving model ...
epoch 59: loss = 9124.9991, Diff_loss = 9124.3243, preserve_loss = 0.0110, adv_loss = -0.6390, discri_loss = 0.5957, sp_cls = 0.0003
EarlyStopping counter: 1 / 20
epoch 60: loss = 9196.3981, Diff_loss = 9195.7081, preserve_loss = 0.0112, adv_loss = -0.6387, discri_loss = 0.5894, sp_cls = 0.0004
inference: loss = 8881.7906, Diff_loss = 8881.2773, preserve_loss = 0.0085, adv_loss = -0.5757
All results recorded in adata.
EarlyStopping counter: 2 / 20
epoch 61: loss = 9079.1484, Diff_loss = 9078.4590, preserve_loss = 0.0112, adv_loss = -0.6372, discri_loss = 0.5980, sp_cls = 0.0003
Validation loss decreased (9177.025488 --> 9169.324609).  Saving model ...
epoch 62: loss = 9130.4516, Diff_loss = 9129.7660, preserve_loss = 0.0111, adv_loss = -0.6330, discri_loss = 0.5856, sp_cls = 0.0004
EarlyStopping counter: 1 / 20
epoch 63: loss = 9156.3323, Diff_loss = 9155.6300, preserve_loss = 0.0114, adv_loss = -0.6286, discri_loss = 0.5790, sp_cls = 0.0005
EarlyStopping counter: 2 / 20
epoch 64: loss = 9156.6722, Diff_loss = 9155.9785, preserve_loss = 0.0113, adv_loss = -0.6260, discri_loss = 0.5840, sp_cls = 0.0003
EarlyStopping counter: 3 / 20
epoch 65: loss = 9175.4156, Diff_loss = 9174.7083, preserve_loss = 0.0114, adv_loss = -0.6261, discri_loss = 0.5870, sp_cls = 0.0005
EarlyStopping counter: 4 / 20
epoch 66: loss = 9150.0602, Diff_loss = 9149.3386, preserve_loss = 0.0117, adv_loss = -0.6244, discri_loss = 0.5829, sp_cls = 0.0005
EarlyStopping counter: 5 / 20
epoch 67: loss = 9119.3982, Diff_loss = 9118.7034, preserve_loss = 0.0113, adv_loss = -0.6258, discri_loss = 0.5797, sp_cls = 0.0006
Validation loss decreased (9169.324609 --> 9157.468787).  Saving model ...
epoch 68: loss = 9111.5844, Diff_loss = 9110.8946, preserve_loss = 0.0112, adv_loss = -0.6233, discri_loss = 0.5755, sp_cls = 0.0003
EarlyStopping counter: 1 / 20
epoch 69: loss = 9059.1912, Diff_loss = 9058.4880, preserve_loss = 0.0114, adv_loss = -0.6183, discri_loss = 0.5743, sp_cls = 0.0005
EarlyStopping counter: 2 / 20
epoch 70: loss = 9143.6991, Diff_loss = 9142.9881, preserve_loss = 0.0115, adv_loss = -0.6183, discri_loss = 0.5740, sp_cls = 0.0003
inference: loss = 8872.6153, Diff_loss = 8872.1246, preserve_loss = 0.0082, adv_loss = -0.5602
All results recorded in adata.
EarlyStopping counter: 3 / 20
epoch 71: loss = 9203.3192, Diff_loss = 9202.6099, preserve_loss = 0.0115, adv_loss = -0.6168, discri_loss = 0.5769, sp_cls = 0.0004
Validation loss decreased (9157.468787 --> 9144.097998).  Saving model ...
epoch 72: loss = 9177.1371, Diff_loss = 9176.4441, preserve_loss = 0.0112, adv_loss = -0.6167, discri_loss = 0.5760, sp_cls = 0.0003
EarlyStopping counter: 1 / 20
epoch 73: loss = 9024.5124, Diff_loss = 9023.8448, preserve_loss = 0.0108, adv_loss = -0.6148, discri_loss = 0.5698, sp_cls = 0.0004
EarlyStopping counter: 2 / 20
epoch 74: loss = 9126.7969, Diff_loss = 9126.1101, preserve_loss = 0.0111, adv_loss = -0.6139, discri_loss = 0.5704, sp_cls = 0.0004
EarlyStopping counter: 3 / 20
epoch 75: loss = 9231.7429, Diff_loss = 9231.0464, preserve_loss = 0.0113, adv_loss = -0.6106, discri_loss = 0.5696, sp_cls = 0.0004
EarlyStopping counter: 4 / 20
epoch 76: loss = 9171.2424, Diff_loss = 9170.5460, preserve_loss = 0.0113, adv_loss = -0.6074, discri_loss = 0.5671, sp_cls = 0.0003
EarlyStopping counter: 5 / 20
epoch 77: loss = 9167.5183, Diff_loss = 9166.8346, preserve_loss = 0.0111, adv_loss = -0.6083, discri_loss = 0.5653, sp_cls = 0.0005
EarlyStopping counter: 6 / 20
epoch 78: loss = 9168.0580, Diff_loss = 9167.3539, preserve_loss = 0.0114, adv_loss = -0.6095, discri_loss = 0.5726, sp_cls = 0.0004
EarlyStopping counter: 7 / 20
epoch 79: loss = 9055.4064, Diff_loss = 9054.7356, preserve_loss = 0.0109, adv_loss = -0.6063, discri_loss = 0.5677, sp_cls = 0.0006
EarlyStopping counter: 8 / 20
epoch 80: loss = 9176.4461, Diff_loss = 9175.7577, preserve_loss = 0.0111, adv_loss = -0.6065, discri_loss = 0.5707, sp_cls = 0.0003
inference: loss = 8880.0812, Diff_loss = 8879.5406, preserve_loss = 0.0089, adv_loss = -0.5507
All results recorded in adata.
EarlyStopping counter: 9 / 20
epoch 81: loss = 9171.9751, Diff_loss = 9171.3010, preserve_loss = 0.0109, adv_loss = -0.6053, discri_loss = 0.5679, sp_cls = 0.0005
EarlyStopping counter: 10 / 20
epoch 82: loss = 9092.3039, Diff_loss = 9091.6478, preserve_loss = 0.0107, adv_loss = -0.6057, discri_loss = 0.5651, sp_cls = 0.0003
EarlyStopping counter: 11 / 20
epoch 83: loss = 9109.7168, Diff_loss = 9109.0498, preserve_loss = 0.0108, adv_loss = -0.6080, discri_loss = 0.5673, sp_cls = 0.0004
EarlyStopping counter: 12 / 20
epoch 84: loss = 9103.7819, Diff_loss = 9103.1129, preserve_loss = 0.0108, adv_loss = -0.6032, discri_loss = 0.5611, sp_cls = 0.0005
EarlyStopping counter: 13 / 20
epoch 85: loss = 9104.1082, Diff_loss = 9103.4399, preserve_loss = 0.0108, adv_loss = -0.6030, discri_loss = 0.5686, sp_cls = 0.0004
EarlyStopping counter: 14 / 20
epoch 86: loss = 9123.4061, Diff_loss = 9122.7538, preserve_loss = 0.0106, adv_loss = -0.6010, discri_loss = 0.5619, sp_cls = 0.0006
EarlyStopping counter: 15 / 20
epoch 87: loss = 9082.2842, Diff_loss = 9081.6292, preserve_loss = 0.0106, adv_loss = -0.5988, discri_loss = 0.5572, sp_cls = 0.0004
EarlyStopping counter: 16 / 20
epoch 88: loss = 9083.2699, Diff_loss = 9082.6241, preserve_loss = 0.0105, adv_loss = -0.5970, discri_loss = 0.5629, sp_cls = 0.0003
EarlyStopping counter: 17 / 20
epoch 89: loss = 9159.0057, Diff_loss = 9158.3496, preserve_loss = 0.0106, adv_loss = -0.6015, discri_loss = 0.5700, sp_cls = 0.0004
EarlyStopping counter: 18 / 20
epoch 90: loss = 9154.0083, Diff_loss = 9153.3665, preserve_loss = 0.0104, adv_loss = -0.5975, discri_loss = 0.5612, sp_cls = 0.0005
inference: loss = 8890.2758, Diff_loss = 8889.8171, preserve_loss = 0.0076, adv_loss = -0.5296
All results recorded in adata.
EarlyStopping counter: 19 / 20
epoch 91: loss = 9231.1841, Diff_loss = 9230.5370, preserve_loss = 0.0105, adv_loss = -0.5931, discri_loss = 0.5564, sp_cls = 0.0004
EarlyStopping counter: 20 / 20
Early stopping at epoch 91
Training finished!
inference: loss = 8883.5906, Diff_loss = 8883.0905, preserve_loss = 0.0083, adv_loss = -0.5551
All results recorded in adata.
>>> Trial 9 score=0.5027
    [Bio] NMI=0.4697, ARI=0.3533, label_ASW=0.5198, cLISI=0.9418, iso_ASW=0.5109, iso_F1=0.3267
    [Batch] sil=0.9644, iLISI=0.3007, kBET=0.0819, PCR=0.0000
    [Modality] sil=0.9971, iLISI=0.3226, kBET=0.1670, PCR=0.6295, graph_conn=0.9215
[I 2026-02-11 12:38:45,258] Trial 9 finished with value: 0.5026991722048274 and parameters: {'gamma': 67.52001354400666, 'lambda_adv': 0.10728897905540084, 'lr': 0.0007285381258258047, 'dropout_rate': 0.24793554599362902, 'latent_dim': 32, 'lambda_sp_cls': 4.144565373410709, 'batch_size': 128}. Best is trial 8 with value: 0.5404090868829007.

============================================================
Trial 10: gamma=474.594, lambda_adv=0.739, lambda_sp_cls=1.628, lr=0.00143, dropout=0.18, latent_dim=64, denoise_hidden=512, batch_size=256
============================================================
using cuda
Training start!
epoch 1: loss = 21189.0774, Diff_loss = 14189.2366, preserve_loss = 14.7488, adv_loss = 0.0000, discri_loss = 0.0000, sp_cls = 0.0805
epoch 2: loss = 12211.8983, Diff_loss = 12208.4450, preserve_loss = 0.0073, adv_loss = 0.0000, discri_loss = 0.0000, sp_cls = 0.0002
epoch 3: loss = 11813.7372, Diff_loss = 11812.2991, preserve_loss = 0.0030, adv_loss = 0.0000, discri_loss = 0.0000, sp_cls = 0.0001
epoch 4: loss = 11435.4963, Diff_loss = 11434.5169, preserve_loss = 0.0021, adv_loss = 0.0000, discri_loss = 0.0000, sp_cls = 0.0000
epoch 5: loss = 11196.3483, Diff_loss = 11191.4063, preserve_loss = 0.0104, adv_loss = 0.0000, discri_loss = 0.0000, sp_cls = 0.0027
epoch 6: loss = 11048.9736, Diff_loss = 11048.3786, preserve_loss = 0.0013, adv_loss = 0.0000, discri_loss = 0.0000, sp_cls = 0.0001
epoch 7: loss = 10910.9124, Diff_loss = 10910.0643, preserve_loss = 0.0018, adv_loss = 0.0000, discri_loss = 0.0000, sp_cls = 0.0000
epoch 8: loss = 10672.0429, Diff_loss = 10671.0874, preserve_loss = 0.0020, adv_loss = 0.0000, discri_loss = 0.0000, sp_cls = 0.0000
epoch 9: loss = 10631.2846, Diff_loss = 10630.1342, preserve_loss = 0.0024, adv_loss = 0.0000, discri_loss = 0.0000, sp_cls = 0.0000
epoch 10: loss = 10541.5915, Diff_loss = 10540.3905, preserve_loss = 0.0025, adv_loss = 0.0000, discri_loss = 0.0000, sp_cls = 0.0001
epoch 11: loss = 10377.1120, Diff_loss = 10376.7657, preserve_loss = 0.0022, adv_loss = -0.9754, discri_loss = 0.8655, sp_cls = 0.0001
Validation loss decreased (inf --> 10080.811279).  Saving model ...
epoch 12: loss = 10268.2417, Diff_loss = 10267.9413, preserve_loss = 0.0019, adv_loss = -0.7988, discri_loss = 0.6401, sp_cls = 0.0000
Validation loss decreased (10080.811279 --> 9991.309814).  Saving model ...
epoch 13: loss = 10107.5301, Diff_loss = 10107.2622, preserve_loss = 0.0016, adv_loss = -0.6917, discri_loss = 0.5747, sp_cls = 0.0000
Validation loss decreased (9991.309814 --> 9919.983643).  Saving model ...
epoch 14: loss = 10082.1065, Diff_loss = 10081.9100, preserve_loss = 0.0014, adv_loss = -0.6279, discri_loss = 0.5332, sp_cls = 0.0000
Validation loss decreased (9919.983643 --> 9840.970801).  Saving model ...
epoch 15: loss = 10037.6182, Diff_loss = 10037.3320, preserve_loss = 0.0015, adv_loss = -0.6031, discri_loss = 0.5300, sp_cls = 0.0001
Validation loss decreased (9840.970801 --> 9813.312842).  Saving model ...
epoch 16: loss = 9970.4162, Diff_loss = 9970.1906, preserve_loss = 0.0014, adv_loss = -0.5984, discri_loss = 0.5339, sp_cls = 0.0000
Validation loss decreased (9813.312842 --> 9790.397607).  Saving model ...
epoch 17: loss = 9896.5518, Diff_loss = 9896.0075, preserve_loss = 0.0021, adv_loss = -0.5880, discri_loss = 0.5335, sp_cls = 0.0000
Validation loss decreased (9790.397607 --> 9721.616992).  Saving model ...
epoch 18: loss = 10004.2263, Diff_loss = 10003.5557, preserve_loss = 0.0023, adv_loss = -0.5930, discri_loss = 0.5450, sp_cls = 0.0000
Validation loss decreased (9721.616992 --> 9715.540967).  Saving model ...
epoch 19: loss = 9948.8234, Diff_loss = 9948.2443, preserve_loss = 0.0021, adv_loss = -0.5831, discri_loss = 0.5355, sp_cls = 0.0000
Validation loss decreased (9715.540967 --> 9658.415039).  Saving model ...
epoch 20: loss = 9943.1638, Diff_loss = 9942.7730, preserve_loss = 0.0017, adv_loss = -0.5704, discri_loss = 0.5231, sp_cls = 0.0000
Validation loss decreased (9658.415039 --> 9652.230518).  Saving model ...
epoch 21: loss = 9782.6201, Diff_loss = 9782.3284, preserve_loss = 0.0015, adv_loss = -0.5692, discri_loss = 0.5297, sp_cls = 0.0001
Validation loss decreased (9652.230518 --> 9636.879150).  Saving model ...
epoch 22: loss = 9859.8591, Diff_loss = 9859.5991, preserve_loss = 0.0015, adv_loss = -0.5852, discri_loss = 0.5370, sp_cls = 0.0000
Validation loss decreased (9636.879150 --> 9634.511865).  Saving model ...
epoch 23: loss = 9785.8386, Diff_loss = 9785.5282, preserve_loss = 0.0016, adv_loss = -0.5784, discri_loss = 0.5348, sp_cls = 0.0000
Validation loss decreased (9634.511865 --> 9587.865283).  Saving model ...
epoch 24: loss = 9824.9847, Diff_loss = 9824.7577, preserve_loss = 0.0014, adv_loss = -0.5767, discri_loss = 0.5244, sp_cls = 0.0000
Validation loss decreased (9587.865283 --> 9566.939551).  Saving model ...
epoch 25: loss = 9658.5086, Diff_loss = 9658.2969, preserve_loss = 0.0013, adv_loss = -0.5724, discri_loss = 0.5261, sp_cls = 0.0000
Validation loss decreased (9566.939551 --> 9538.217236).  Saving model ...
epoch 26: loss = 9708.5634, Diff_loss = 9708.3600, preserve_loss = 0.0013, adv_loss = -0.5627, discri_loss = 0.5169, sp_cls = 0.0000
EarlyStopping counter: 1 / 20
epoch 27: loss = 9660.4454, Diff_loss = 9660.2760, preserve_loss = 0.0013, adv_loss = -0.5795, discri_loss = 0.5353, sp_cls = 0.0000
Validation loss decreased (9538.217236 --> 9511.782178).  Saving model ...
epoch 28: loss = 9619.4747, Diff_loss = 9619.2805, preserve_loss = 0.0013, adv_loss = -0.5765, discri_loss = 0.5309, sp_cls = 0.0001
Validation loss decreased (9511.782178 --> 9474.464453).  Saving model ...
epoch 29: loss = 9640.6691, Diff_loss = 9640.4846, preserve_loss = 0.0013, adv_loss = -0.5682, discri_loss = 0.5268, sp_cls = 0.0000
Validation loss decreased (9474.464453 --> 9467.062598).  Saving model ...
epoch 30: loss = 9643.3286, Diff_loss = 9643.1480, preserve_loss = 0.0013, adv_loss = -0.5647, discri_loss = 0.5137, sp_cls = 0.0000
Validation loss decreased (9467.062598 --> 9457.424170).  Saving model ...
epoch 31: loss = 9513.9683, Diff_loss = 9513.8118, preserve_loss = 0.0012, adv_loss = -0.5622, discri_loss = 0.5206, sp_cls = 0.0001
Validation loss decreased (9457.424170 --> 9442.022070).  Saving model ...
epoch 32: loss = 9606.8296, Diff_loss = 9606.7046, preserve_loss = 0.0011, adv_loss = -0.5658, discri_loss = 0.5236, sp_cls = 0.0000
Validation loss decreased (9442.022070 --> 9419.614795).  Saving model ...
epoch 33: loss = 9466.7512, Diff_loss = 9466.6315, preserve_loss = 0.0011, adv_loss = -0.5604, discri_loss = 0.5153, sp_cls = 0.0002
Validation loss decreased (9419.614795 --> 9415.329199).  Saving model ...
epoch 34: loss = 9431.1733, Diff_loss = 9431.0771, preserve_loss = 0.0011, adv_loss = -0.5558, discri_loss = 0.5120, sp_cls = 0.0000
Validation loss decreased (9415.329199 --> 9383.785059).  Saving model ...
epoch 35: loss = 9465.3044, Diff_loss = 9465.2097, preserve_loss = 0.0011, adv_loss = -0.5562, discri_loss = 0.5143, sp_cls = 0.0000
Validation loss decreased (9383.785059 --> 9377.451465).  Saving model ...
epoch 36: loss = 9526.5630, Diff_loss = 9526.4647, preserve_loss = 0.0011, adv_loss = -0.5608, discri_loss = 0.5194, sp_cls = 0.0000
Validation loss decreased (9377.451465 --> 9376.224170).  Saving model ...
epoch 37: loss = 9497.5508, Diff_loss = 9497.4592, preserve_loss = 0.0011, adv_loss = -0.5569, discri_loss = 0.5155, sp_cls = 0.0000
Validation loss decreased (9376.224170 --> 9333.816699).  Saving model ...
epoch 38: loss = 9311.5155, Diff_loss = 9311.4387, preserve_loss = 0.0010, adv_loss = -0.5557, discri_loss = 0.5180, sp_cls = 0.0000
Validation loss decreased (9333.816699 --> 9322.979932).  Saving model ...
epoch 39: loss = 9368.4652, Diff_loss = 9368.4016, preserve_loss = 0.0010, adv_loss = -0.5517, discri_loss = 0.5096, sp_cls = 0.0000
Validation loss decreased (9322.979932 --> 9305.358594).  Saving model ...
epoch 40: loss = 9320.9077, Diff_loss = 9320.8567, preserve_loss = 0.0010, adv_loss = -0.5531, discri_loss = 0.5133, sp_cls = 0.0000
inference: loss = 9103.0033, Diff_loss = 9102.9806, preserve_loss = 0.0008, adv_loss = -0.5150
All results recorded in adata.
EarlyStopping counter: 1 / 20
epoch 41: loss = 9336.4387, Diff_loss = 9336.3810, preserve_loss = 0.0010, adv_loss = -0.5503, discri_loss = 0.5135, sp_cls = 0.0000
Validation loss decreased (9305.358594 --> 9295.659082).  Saving model ...
epoch 42: loss = 9278.2027, Diff_loss = 9278.1522, preserve_loss = 0.0010, adv_loss = -0.5425, discri_loss = 0.5051, sp_cls = 0.0000
Validation loss decreased (9295.659082 --> 9258.806543).  Saving model ...
epoch 43: loss = 9341.7217, Diff_loss = 9341.6565, preserve_loss = 0.0010, adv_loss = -0.5468, discri_loss = 0.5146, sp_cls = 0.0000
EarlyStopping counter: 1 / 20
epoch 44: loss = 9195.0592, Diff_loss = 9195.0027, preserve_loss = 0.0010, adv_loss = -0.5480, discri_loss = 0.5136, sp_cls = 0.0000
EarlyStopping counter: 2 / 20
epoch 45: loss = 9282.7428, Diff_loss = 9282.6698, preserve_loss = 0.0010, adv_loss = -0.5449, discri_loss = 0.5090, sp_cls = 0.0000
EarlyStopping counter: 3 / 20
epoch 46: loss = 9277.0386, Diff_loss = 9276.9620, preserve_loss = 0.0010, adv_loss = -0.5432, discri_loss = 0.5063, sp_cls = 0.0000
Validation loss decreased (9258.806543 --> 9239.670996).  Saving model ...
epoch 47: loss = 9189.9820, Diff_loss = 9189.9027, preserve_loss = 0.0010, adv_loss = -0.5405, discri_loss = 0.5015, sp_cls = 0.0000
Validation loss decreased (9239.670996 --> 9229.410938).  Saving model ...
epoch 48: loss = 9247.0227, Diff_loss = 9246.9470, preserve_loss = 0.0010, adv_loss = -0.5418, discri_loss = 0.5068, sp_cls = 0.0000
EarlyStopping counter: 1 / 20
epoch 49: loss = 9252.2051, Diff_loss = 9252.1121, preserve_loss = 0.0010, adv_loss = -0.5434, discri_loss = 0.5086, sp_cls = 0.0000
Validation loss decreased (9229.410938 --> 9218.228809).  Saving model ...
epoch 50: loss = 9275.4861, Diff_loss = 9275.3901, preserve_loss = 0.0010, adv_loss = -0.5366, discri_loss = 0.5007, sp_cls = 0.0001
inference: loss = 8958.1137, Diff_loss = 8958.0662, preserve_loss = 0.0009, adv_loss = -0.5016
All results recorded in adata.
Validation loss decreased (9218.228809 --> 9217.463623).  Saving model ...
epoch 51: loss = 9162.6540, Diff_loss = 9162.5636, preserve_loss = 0.0010, adv_loss = -0.5389, discri_loss = 0.5057, sp_cls = 0.0000
Validation loss decreased (9217.463623 --> 9203.725049).  Saving model ...
epoch 52: loss = 9285.9402, Diff_loss = 9285.8329, preserve_loss = 0.0011, adv_loss = -0.5389, discri_loss = 0.5088, sp_cls = 0.0000
Validation loss decreased (9203.725049 --> 9196.904736).  Saving model ...
epoch 53: loss = 9221.7914, Diff_loss = 9221.6792, preserve_loss = 0.0011, adv_loss = -0.5326, discri_loss = 0.4950, sp_cls = 0.0001
EarlyStopping counter: 1 / 20
epoch 54: loss = 9214.7897, Diff_loss = 9214.6823, preserve_loss = 0.0011, adv_loss = -0.5359, discri_loss = 0.5010, sp_cls = 0.0000
EarlyStopping counter: 2 / 20
epoch 55: loss = 9125.0476, Diff_loss = 9124.9418, preserve_loss = 0.0011, adv_loss = -0.5337, discri_loss = 0.4991, sp_cls = 0.0000
Validation loss decreased (9196.904736 --> 9157.767334).  Saving model ...
epoch 56: loss = 9229.6744, Diff_loss = 9229.5693, preserve_loss = 0.0011, adv_loss = -0.5375, discri_loss = 0.5023, sp_cls = 0.0000
EarlyStopping counter: 1 / 20
epoch 57: loss = 9149.9742, Diff_loss = 9149.8690, preserve_loss = 0.0011, adv_loss = -0.5369, discri_loss = 0.5014, sp_cls = 0.0001
EarlyStopping counter: 2 / 20
epoch 58: loss = 9228.6795, Diff_loss = 9228.5620, preserve_loss = 0.0011, adv_loss = -0.5363, discri_loss = 0.5009, sp_cls = 0.0000
EarlyStopping counter: 3 / 20
epoch 59: loss = 9167.7795, Diff_loss = 9167.6708, preserve_loss = 0.0011, adv_loss = -0.5334, discri_loss = 0.5015, sp_cls = 0.0000
EarlyStopping counter: 4 / 20
epoch 60: loss = 9250.7011, Diff_loss = 9250.5845, preserve_loss = 0.0011, adv_loss = -0.5294, discri_loss = 0.4968, sp_cls = 0.0000
inference: loss = 8892.8314, Diff_loss = 8892.7781, preserve_loss = 0.0009, adv_loss = -0.4796
All results recorded in adata.
EarlyStopping counter: 5 / 20
epoch 61: loss = 9218.0578, Diff_loss = 9217.9365, preserve_loss = 0.0011, adv_loss = -0.5251, discri_loss = 0.4923, sp_cls = 0.0000
EarlyStopping counter: 6 / 20
epoch 62: loss = 9129.4524, Diff_loss = 9129.3366, preserve_loss = 0.0011, adv_loss = -0.5288, discri_loss = 0.4911, sp_cls = 0.0000
EarlyStopping counter: 7 / 20
epoch 63: loss = 9163.7654, Diff_loss = 9163.6351, preserve_loss = 0.0011, adv_loss = -0.5248, discri_loss = 0.4919, sp_cls = 0.0000
EarlyStopping counter: 8 / 20
epoch 64: loss = 9151.8898, Diff_loss = 9151.7618, preserve_loss = 0.0011, adv_loss = -0.5234, discri_loss = 0.4933, sp_cls = 0.0000
EarlyStopping counter: 9 / 20
epoch 65: loss = 9073.0853, Diff_loss = 9072.9607, preserve_loss = 0.0011, adv_loss = -0.5254, discri_loss = 0.4943, sp_cls = 0.0001
Validation loss decreased (9157.767334 --> 9149.374121).  Saving model ...
epoch 66: loss = 9142.4650, Diff_loss = 9142.3344, preserve_loss = 0.0011, adv_loss = -0.5208, discri_loss = 0.4913, sp_cls = 0.0000
EarlyStopping counter: 1 / 20
epoch 67: loss = 9085.8531, Diff_loss = 9085.7337, preserve_loss = 0.0011, adv_loss = -0.5219, discri_loss = 0.4957, sp_cls = 0.0000
EarlyStopping counter: 2 / 20
epoch 68: loss = 9214.5911, Diff_loss = 9214.4622, preserve_loss = 0.0011, adv_loss = -0.5216, discri_loss = 0.4905, sp_cls = 0.0001
EarlyStopping counter: 3 / 20
epoch 69: loss = 9165.2129, Diff_loss = 9165.0827, preserve_loss = 0.0011, adv_loss = -0.5150, discri_loss = 0.4779, sp_cls = 0.0000
EarlyStopping counter: 4 / 20
epoch 70: loss = 9195.8647, Diff_loss = 9195.7238, preserve_loss = 0.0011, adv_loss = -0.5108, discri_loss = 0.4774, sp_cls = 0.0001
inference: loss = 8880.5975, Diff_loss = 8880.5282, preserve_loss = 0.0009, adv_loss = -0.4540
All results recorded in adata.
EarlyStopping counter: 5 / 20
epoch 71: loss = 9166.4748, Diff_loss = 9166.3356, preserve_loss = 0.0011, adv_loss = -0.5126, discri_loss = 0.4839, sp_cls = 0.0000
EarlyStopping counter: 6 / 20
epoch 72: loss = 9153.1683, Diff_loss = 9153.0226, preserve_loss = 0.0011, adv_loss = -0.5076, discri_loss = 0.4747, sp_cls = 0.0000
EarlyStopping counter: 7 / 20
epoch 73: loss = 9110.7682, Diff_loss = 9110.6349, preserve_loss = 0.0011, adv_loss = -0.5105, discri_loss = 0.4811, sp_cls = 0.0000
EarlyStopping counter: 8 / 20
epoch 74: loss = 9121.0071, Diff_loss = 9120.8739, preserve_loss = 0.0011, adv_loss = -0.5101, discri_loss = 0.4759, sp_cls = 0.0000
EarlyStopping counter: 9 / 20
epoch 75: loss = 9149.1281, Diff_loss = 9148.9890, preserve_loss = 0.0011, adv_loss = -0.5093, discri_loss = 0.4841, sp_cls = 0.0000
EarlyStopping counter: 10 / 20
epoch 76: loss = 9203.6952, Diff_loss = 9203.5385, preserve_loss = 0.0011, adv_loss = -0.5061, discri_loss = 0.4716, sp_cls = 0.0001
EarlyStopping counter: 11 / 20
epoch 77: loss = 9140.9241, Diff_loss = 9140.7631, preserve_loss = 0.0011, adv_loss = -0.5047, discri_loss = 0.4724, sp_cls = 0.0000
EarlyStopping counter: 12 / 20
epoch 78: loss = 9110.3172, Diff_loss = 9110.1788, preserve_loss = 0.0011, adv_loss = -0.5047, discri_loss = 0.4724, sp_cls = 0.0000
EarlyStopping counter: 13 / 20
epoch 79: loss = 9122.4661, Diff_loss = 9122.3045, preserve_loss = 0.0011, adv_loss = -0.5082, discri_loss = 0.4819, sp_cls = 0.0000
EarlyStopping counter: 14 / 20
epoch 80: loss = 9138.6077, Diff_loss = 9138.4330, preserve_loss = 0.0012, adv_loss = -0.5054, discri_loss = 0.4779, sp_cls = 0.0000
inference: loss = 8884.9786, Diff_loss = 8884.9016, preserve_loss = 0.0009, adv_loss = -0.4506
All results recorded in adata.
EarlyStopping counter: 15 / 20
epoch 81: loss = 9119.4561, Diff_loss = 9119.2873, preserve_loss = 0.0011, adv_loss = -0.5098, discri_loss = 0.4865, sp_cls = 0.0000
EarlyStopping counter: 16 / 20
epoch 82: loss = 9101.1889, Diff_loss = 9101.0134, preserve_loss = 0.0012, adv_loss = -0.5081, discri_loss = 0.4792, sp_cls = 0.0000
EarlyStopping counter: 17 / 20
epoch 83: loss = 9074.5370, Diff_loss = 9074.3493, preserve_loss = 0.0012, adv_loss = -0.5052, discri_loss = 0.4719, sp_cls = 0.0001
EarlyStopping counter: 18 / 20
epoch 84: loss = 9144.4939, Diff_loss = 9144.3025, preserve_loss = 0.0012, adv_loss = -0.5045, discri_loss = 0.4714, sp_cls = 0.0000
EarlyStopping counter: 19 / 20
epoch 85: loss = 9157.2044, Diff_loss = 9157.0023, preserve_loss = 0.0012, adv_loss = -0.4997, discri_loss = 0.4662, sp_cls = 0.0000
EarlyStopping counter: 20 / 20
Early stopping at epoch 85
Training finished!
inference: loss = 8891.0470, Diff_loss = 8890.9943, preserve_loss = 0.0009, adv_loss = -0.4806
All results recorded in adata.
>>> Trial 10 score=0.5319
    [Bio] NMI=0.5627, ARI=0.4684, label_ASW=0.5499, cLISI=0.9579, iso_ASW=0.5223, iso_F1=0.5311
    [Batch] sil=0.9540, iLISI=0.2804, kBET=0.0561, PCR=0.0000
    [Modality] sil=0.9956, iLISI=0.3488, kBET=0.1864, PCR=0.6303, graph_conn=0.9330
[I 2026-02-11 13:05:31,793] Trial 10 finished with value: 0.5319402175137539 and parameters: {'gamma': 474.59420105924096, 'lambda_adv': 0.7388734603223973, 'lr': 0.0014258932973667602, 'dropout_rate': 0.18056474868305378, 'latent_dim': 64, 'lambda_sp_cls': 1.6280582774315824, 'batch_size': 256}. Best is trial 8 with value: 0.5404090868829007.

============================================================
Trial 11: gamma=492.949, lambda_adv=0.028, lambda_sp_cls=0.910, lr=0.00094, dropout=0.23, latent_dim=20, denoise_hidden=512, batch_size=256
============================================================
using cuda
Training start!
epoch 1: loss = 17614.0926, Diff_loss = 14850.8411, preserve_loss = 5.6049, adv_loss = 0.0000, discri_loss = 0.0000, sp_cls = 0.3459
epoch 2: loss = 12558.3135, Diff_loss = 12551.6050, preserve_loss = 0.0136, adv_loss = 0.0000, discri_loss = 0.0000, sp_cls = 0.0118
epoch 3: loss = 12159.8908, Diff_loss = 12158.6665, preserve_loss = 0.0025, adv_loss = 0.0000, discri_loss = 0.0000, sp_cls = 0.0033
epoch 4: loss = 11959.1939, Diff_loss = 11958.2771, preserve_loss = 0.0019, adv_loss = 0.0000, discri_loss = 0.0000, sp_cls = 0.0018
epoch 5: loss = 11745.9215, Diff_loss = 11745.5496, preserve_loss = 0.0008, adv_loss = 0.0000, discri_loss = 0.0000, sp_cls = 0.0011
epoch 6: loss = 11403.6296, Diff_loss = 11403.3401, preserve_loss = 0.0006, adv_loss = 0.0000, discri_loss = 0.0000, sp_cls = 0.0007
epoch 7: loss = 11238.0131, Diff_loss = 11237.7595, preserve_loss = 0.0005, adv_loss = 0.0000, discri_loss = 0.0000, sp_cls = 0.0004
epoch 8: loss = 11171.8311, Diff_loss = 11171.6172, preserve_loss = 0.0004, adv_loss = 0.0000, discri_loss = 0.0000, sp_cls = 0.0003
epoch 9: loss = 10979.2151, Diff_loss = 10978.9840, preserve_loss = 0.0005, adv_loss = 0.0000, discri_loss = 0.0000, sp_cls = 0.0003
epoch 10: loss = 10855.7585, Diff_loss = 10855.5019, preserve_loss = 0.0005, adv_loss = 0.0000, discri_loss = 0.0000, sp_cls = 0.0002
epoch 11: loss = 10696.0907, Diff_loss = 10695.4194, preserve_loss = 0.0014, adv_loss = -1.0583, discri_loss = 1.0216, sp_cls = 0.0002
Validation loss decreased (inf --> 10302.873730).  Saving model ...
epoch 12: loss = 10514.9496, Diff_loss = 10514.3370, preserve_loss = 0.0013, adv_loss = -0.9824, discri_loss = 0.8492, sp_cls = 0.0004
Validation loss decreased (10302.873730 --> 10155.596924).  Saving model ...
epoch 13: loss = 10346.2585, Diff_loss = 10345.4194, preserve_loss = 0.0018, adv_loss = -0.9031, discri_loss = 0.7628, sp_cls = 0.0004
Validation loss decreased (10155.596924 --> 10036.585010).  Saving model ...
epoch 14: loss = 10206.5938, Diff_loss = 10205.6673, preserve_loss = 0.0019, adv_loss = -0.8327, discri_loss = 0.7032, sp_cls = 0.0004
Validation loss decreased (10036.585010 --> 9952.740723).  Saving model ...
epoch 15: loss = 10060.7318, Diff_loss = 10060.0465, preserve_loss = 0.0014, adv_loss = -0.7759, discri_loss = 0.6622, sp_cls = 0.0002
Validation loss decreased (9952.740723 --> 9864.148926).  Saving model ...
epoch 16: loss = 9999.7895, Diff_loss = 9999.1314, preserve_loss = 0.0014, adv_loss = -0.7420, discri_loss = 0.6465, sp_cls = 0.0002
Validation loss decreased (9864.148926 --> 9782.570215).  Saving model ...
epoch 17: loss = 9942.3033, Diff_loss = 9941.6681, preserve_loss = 0.0013, adv_loss = -0.7176, discri_loss = 0.6322, sp_cls = 0.0001
Validation loss decreased (9782.570215 --> 9733.801221).  Saving model ...
epoch 18: loss = 9917.2062, Diff_loss = 9916.5746, preserve_loss = 0.0013, adv_loss = -0.6862, discri_loss = 0.6096, sp_cls = 0.0001
Validation loss decreased (9733.801221 --> 9700.470654).  Saving model ...
epoch 19: loss = 9926.2057, Diff_loss = 9925.5474, preserve_loss = 0.0014, adv_loss = -0.6677, discri_loss = 0.5959, sp_cls = 0.0000
Validation loss decreased (9700.470654 --> 9671.760498).  Saving model ...
epoch 20: loss = 9885.7478, Diff_loss = 9885.1136, preserve_loss = 0.0013, adv_loss = -0.6442, discri_loss = 0.5759, sp_cls = 0.0000
Validation loss decreased (9671.760498 --> 9636.415576).  Saving model ...
epoch 21: loss = 9678.6116, Diff_loss = 9677.9175, preserve_loss = 0.0014, adv_loss = -0.6307, discri_loss = 0.5647, sp_cls = 0.0000
Validation loss decreased (9636.415576 --> 9582.283057).  Saving model ...
epoch 22: loss = 9750.5142, Diff_loss = 9749.9018, preserve_loss = 0.0013, adv_loss = -0.6331, discri_loss = 0.5813, sp_cls = 0.0000
Validation loss decreased (9582.283057 --> 9553.377979).  Saving model ...
epoch 23: loss = 9659.1681, Diff_loss = 9658.3875, preserve_loss = 0.0016, adv_loss = -0.6341, discri_loss = 0.5786, sp_cls = 0.0000
EarlyStopping counter: 1 / 20
epoch 24: loss = 9759.7336, Diff_loss = 9759.0492, preserve_loss = 0.0014, adv_loss = -0.6251, discri_loss = 0.5519, sp_cls = 0.0000
Validation loss decreased (9553.377979 --> 9510.151172).  Saving model ...
epoch 25: loss = 9650.4896, Diff_loss = 9649.8488, preserve_loss = 0.0013, adv_loss = -0.6134, discri_loss = 0.5509, sp_cls = 0.0000
Validation loss decreased (9510.151172 --> 9505.119238).  Saving model ...
epoch 26: loss = 9652.5652, Diff_loss = 9651.9692, preserve_loss = 0.0012, adv_loss = -0.6211, discri_loss = 0.5753, sp_cls = 0.0000
Validation loss decreased (9505.119238 --> 9487.052344).  Saving model ...
epoch 27: loss = 9623.8202, Diff_loss = 9623.1999, preserve_loss = 0.0013, adv_loss = -0.6302, discri_loss = 0.5778, sp_cls = 0.0000
Validation loss decreased (9487.052344 --> 9478.441162).  Saving model ...
epoch 28: loss = 9689.0276, Diff_loss = 9688.4234, preserve_loss = 0.0013, adv_loss = -0.6206, discri_loss = 0.5585, sp_cls = 0.0000
Validation loss decreased (9478.441162 --> 9472.863672).  Saving model ...
epoch 29: loss = 9498.6664, Diff_loss = 9498.1043, preserve_loss = 0.0012, adv_loss = -0.6233, discri_loss = 0.5757, sp_cls = 0.0000
Validation loss decreased (9472.863672 --> 9409.404736).  Saving model ...
epoch 30: loss = 9574.0272, Diff_loss = 9573.4335, preserve_loss = 0.0012, adv_loss = -0.6222, discri_loss = 0.5625, sp_cls = 0.0000
EarlyStopping counter: 1 / 20
epoch 31: loss = 9417.5057, Diff_loss = 9416.9149, preserve_loss = 0.0012, adv_loss = -0.6273, discri_loss = 0.5749, sp_cls = 0.0000
Validation loss decreased (9409.404736 --> 9403.072119).  Saving model ...
epoch 32: loss = 9501.4547, Diff_loss = 9500.8547, preserve_loss = 0.0013, adv_loss = -0.6299, discri_loss = 0.5877, sp_cls = 0.0000
Validation loss decreased (9403.072119 --> 9369.322412).  Saving model ...
epoch 33: loss = 9475.8545, Diff_loss = 9475.2512, preserve_loss = 0.0013, adv_loss = -0.6371, discri_loss = 0.5898, sp_cls = 0.0000
EarlyStopping counter: 1 / 20
epoch 34: loss = 9515.6780, Diff_loss = 9515.0225, preserve_loss = 0.0014, adv_loss = -0.6332, discri_loss = 0.5794, sp_cls = 0.0000
Validation loss decreased (9369.322412 --> 9342.342236).  Saving model ...
epoch 35: loss = 9425.6647, Diff_loss = 9424.9793, preserve_loss = 0.0014, adv_loss = -0.6362, discri_loss = 0.5962, sp_cls = 0.0000
EarlyStopping counter: 1 / 20
epoch 36: loss = 9370.2139, Diff_loss = 9369.5503, preserve_loss = 0.0014, adv_loss = -0.6394, discri_loss = 0.5993, sp_cls = 0.0000
Validation loss decreased (9342.342236 --> 9315.983301).  Saving model ...
epoch 37: loss = 9424.1070, Diff_loss = 9423.4352, preserve_loss = 0.0014, adv_loss = -0.6467, discri_loss = 0.6016, sp_cls = 0.0000
EarlyStopping counter: 1 / 20
epoch 38: loss = 9362.3372, Diff_loss = 9361.5809, preserve_loss = 0.0016, adv_loss = -0.6419, discri_loss = 0.5901, sp_cls = 0.0000
Validation loss decreased (9315.983301 --> 9293.219141).  Saving model ...
epoch 39: loss = 9340.5214, Diff_loss = 9339.7048, preserve_loss = 0.0017, adv_loss = -0.6452, discri_loss = 0.6011, sp_cls = 0.0000
Validation loss decreased (9293.219141 --> 9278.498682).  Saving model ...
epoch 40: loss = 9377.4322, Diff_loss = 9376.6276, preserve_loss = 0.0017, adv_loss = -0.6501, discri_loss = 0.6045, sp_cls = 0.0000
inference: loss = 9075.6577, Diff_loss = 9075.1814, preserve_loss = 0.0010, adv_loss = -0.5937
All results recorded in adata.
[I 2026-02-11 13:16:07,333] Trial 11 pruned. 

============================================================
Trial 12: gamma=206.183, lambda_adv=0.534, lambda_sp_cls=0.941, lr=0.00069, dropout=0.23, latent_dim=32, denoise_hidden=512, batch_size=256
============================================================
using cuda
Training start!
epoch 1: loss = 16764.1737, Diff_loss = 14880.9813, preserve_loss = 9.1315, adv_loss = 0.0000, discri_loss = 0.0000, sp_cls = 0.4572
epoch 2: loss = 12731.3509, Diff_loss = 12723.5558, preserve_loss = 0.0377, adv_loss = 0.0000, discri_loss = 0.0000, sp_cls = 0.0233
epoch 3: loss = 12361.6228, Diff_loss = 12359.0345, preserve_loss = 0.0125, adv_loss = 0.0000, discri_loss = 0.0000, sp_cls = 0.0062
epoch 4: loss = 12071.6375, Diff_loss = 12070.2389, preserve_loss = 0.0068, adv_loss = 0.0000, discri_loss = 0.0000, sp_cls = 0.0028
epoch 5: loss = 11947.2120, Diff_loss = 11946.3466, preserve_loss = 0.0042, adv_loss = 0.0000, discri_loss = 0.0000, sp_cls = 0.0016
epoch 6: loss = 11591.7936, Diff_loss = 11591.1937, preserve_loss = 0.0029, adv_loss = 0.0000, discri_loss = 0.0000, sp_cls = 0.0008
epoch 7: loss = 11470.0599, Diff_loss = 11469.6180, preserve_loss = 0.0021, adv_loss = 0.0000, discri_loss = 0.0000, sp_cls = 0.0005
epoch 8: loss = 11245.9969, Diff_loss = 11245.6534, preserve_loss = 0.0017, adv_loss = 0.0000, discri_loss = 0.0000, sp_cls = 0.0004
epoch 9: loss = 11227.8992, Diff_loss = 11227.6237, preserve_loss = 0.0013, adv_loss = 0.0000, discri_loss = 0.0000, sp_cls = 0.0003
epoch 10: loss = 11061.2052, Diff_loss = 11060.9821, preserve_loss = 0.0011, adv_loss = 0.0000, discri_loss = 0.0000, sp_cls = 0.0002
epoch 11: loss = 10913.6565, Diff_loss = 10914.0315, preserve_loss = 0.0009, adv_loss = -1.0627, discri_loss = 1.0019, sp_cls = 0.0001
Validation loss decreased (inf --> 10489.486523).  Saving model ...
epoch 12: loss = 10620.2331, Diff_loss = 10620.5988, preserve_loss = 0.0008, adv_loss = -1.0008, discri_loss = 0.8425, sp_cls = 0.0001
Validation loss decreased (10489.486523 --> 10295.128613).  Saving model ...
epoch 13: loss = 10492.8626, Diff_loss = 10493.1284, preserve_loss = 0.0011, adv_loss = -0.9230, discri_loss = 0.7361, sp_cls = 0.0001
Validation loss decreased (10295.128613 --> 10133.543652).  Saving model ...
epoch 14: loss = 10335.0615, Diff_loss = 10335.1951, preserve_loss = 0.0016, adv_loss = -0.8519, discri_loss = 0.6713, sp_cls = 0.0001
Validation loss decreased (10133.543652 --> 10061.446533).  Saving model ...
epoch 15: loss = 10230.0224, Diff_loss = 10229.8569, preserve_loss = 0.0029, adv_loss = -0.7917, discri_loss = 0.6293, sp_cls = 0.0001
Validation loss decreased (10061.446533 --> 9930.721924).  Saving model ...
epoch 16: loss = 10175.4636, Diff_loss = 10175.6524, preserve_loss = 0.0010, adv_loss = -0.7397, discri_loss = 0.5944, sp_cls = 0.0001
Validation loss decreased (9930.721924 --> 9841.799756).  Saving model ...
epoch 17: loss = 10045.9331, Diff_loss = 10046.1145, preserve_loss = 0.0010, adv_loss = -0.7095, discri_loss = 0.5875, sp_cls = 0.0000
Validation loss decreased (9841.799756 --> 9765.922461).  Saving model ...
epoch 18: loss = 10008.6782, Diff_loss = 10008.8905, preserve_loss = 0.0007, adv_loss = -0.6775, discri_loss = 0.5659, sp_cls = 0.0000
Validation loss decreased (9765.922461 --> 9706.179883).  Saving model ...
epoch 19: loss = 9898.5798, Diff_loss = 9898.6668, preserve_loss = 0.0013, adv_loss = -0.6474, discri_loss = 0.5228, sp_cls = 0.0000
Validation loss decreased (9706.179883 --> 9611.264551).  Saving model ...
epoch 20: loss = 9804.0584, Diff_loss = 9804.2656, preserve_loss = 0.0006, adv_loss = -0.6319, discri_loss = 0.5424, sp_cls = 0.0000
Validation loss decreased (9611.264551 --> 9564.166211).  Saving model ...
epoch 21: loss = 9761.2175, Diff_loss = 9761.4112, preserve_loss = 0.0007, adv_loss = -0.6176, discri_loss = 0.5276, sp_cls = 0.0000
Validation loss decreased (9564.166211 --> 9523.530322).  Saving model ...
epoch 22: loss = 9625.1512, Diff_loss = 9625.3354, preserve_loss = 0.0007, adv_loss = -0.6133, discri_loss = 0.5324, sp_cls = 0.0000
Validation loss decreased (9523.530322 --> 9502.850635).  Saving model ...
epoch 23: loss = 9644.9764, Diff_loss = 9645.1225, preserve_loss = 0.0009, adv_loss = -0.6036, discri_loss = 0.5404, sp_cls = 0.0000
Validation loss decreased (9502.850635 --> 9453.091943).  Saving model ...
epoch 24: loss = 9606.9607, Diff_loss = 9607.0373, preserve_loss = 0.0012, adv_loss = -0.6155, discri_loss = 0.5722, sp_cls = 0.0001
Validation loss decreased (9453.091943 --> 9422.392334).  Saving model ...
epoch 25: loss = 9682.7996, Diff_loss = 9682.8966, preserve_loss = 0.0011, adv_loss = -0.6153, discri_loss = 0.5538, sp_cls = 0.0000
Validation loss decreased (9422.392334 --> 9422.220605).  Saving model ...
epoch 26: loss = 9622.4279, Diff_loss = 9622.4624, preserve_loss = 0.0014, adv_loss = -0.6177, discri_loss = 0.5639, sp_cls = 0.0000
Validation loss decreased (9422.220605 --> 9378.206934).  Saving model ...
epoch 27: loss = 9419.9449, Diff_loss = 9419.9350, preserve_loss = 0.0016, adv_loss = -0.6100, discri_loss = 0.5466, sp_cls = 0.0000
Validation loss decreased (9378.206934 --> 9350.501465).  Saving model ...
epoch 28: loss = 9543.5207, Diff_loss = 9543.4785, preserve_loss = 0.0018, adv_loss = -0.6162, discri_loss = 0.5550, sp_cls = 0.0000
EarlyStopping counter: 1 / 20
epoch 29: loss = 9457.4848, Diff_loss = 9457.3841, preserve_loss = 0.0021, adv_loss = -0.6141, discri_loss = 0.5555, sp_cls = 0.0000
Validation loss decreased (9350.501465 --> 9332.224219).  Saving model ...
epoch 30: loss = 9460.5313, Diff_loss = 9460.3205, preserve_loss = 0.0026, adv_loss = -0.6210, discri_loss = 0.5689, sp_cls = 0.0000
Validation loss decreased (9332.224219 --> 9320.801611).  Saving model ...
epoch 31: loss = 9412.6926, Diff_loss = 9412.4202, preserve_loss = 0.0029, adv_loss = -0.6209, discri_loss = 0.5653, sp_cls = 0.0000
Validation loss decreased (9320.801611 --> 9319.238965).  Saving model ...
epoch 32: loss = 9394.4073, Diff_loss = 9394.1001, preserve_loss = 0.0031, adv_loss = -0.6192, discri_loss = 0.5556, sp_cls = 0.0000
Validation loss decreased (9319.238965 --> 9271.544287).  Saving model ...
epoch 33: loss = 9468.9525, Diff_loss = 9468.5954, preserve_loss = 0.0033, adv_loss = -0.6155, discri_loss = 0.5519, sp_cls = 0.0000
Validation loss decreased (9271.544287 --> 9225.782178).  Saving model ...
epoch 34: loss = 9448.9545, Diff_loss = 9448.5604, preserve_loss = 0.0035, adv_loss = -0.6124, discri_loss = 0.5508, sp_cls = 0.0000
EarlyStopping counter: 1 / 20
epoch 35: loss = 9327.1612, Diff_loss = 9326.7689, preserve_loss = 0.0035, adv_loss = -0.6136, discri_loss = 0.5544, sp_cls = 0.0000
EarlyStopping counter: 2 / 20
epoch 36: loss = 9296.1166, Diff_loss = 9295.6587, preserve_loss = 0.0038, adv_loss = -0.6193, discri_loss = 0.5588, sp_cls = 0.0000
EarlyStopping counter: 3 / 20
epoch 37: loss = 9338.2850, Diff_loss = 9337.8245, preserve_loss = 0.0038, adv_loss = -0.6163, discri_loss = 0.5565, sp_cls = 0.0000
EarlyStopping counter: 4 / 20
epoch 38: loss = 9332.3503, Diff_loss = 9331.8008, preserve_loss = 0.0043, adv_loss = -0.6190, discri_loss = 0.5692, sp_cls = 0.0000
EarlyStopping counter: 5 / 20
epoch 39: loss = 9262.1418, Diff_loss = 9261.5922, preserve_loss = 0.0043, adv_loss = -0.6187, discri_loss = 0.5606, sp_cls = 0.0000
Validation loss decreased (9225.782178 --> 9185.189990).  Saving model ...
epoch 40: loss = 9262.8639, Diff_loss = 9262.3347, preserve_loss = 0.0042, adv_loss = -0.6183, discri_loss = 0.5546, sp_cls = 0.0000
inference: loss = 8997.1826, Diff_loss = 8996.9510, preserve_loss = 0.0026, adv_loss = -0.5525
All results recorded in adata.
[I 2026-02-11 13:26:44,038] Trial 12 pruned. 

============================================================
Trial 13: gamma=230.209, lambda_adv=0.055, lambda_sp_cls=2.645, lr=0.00108, dropout=0.26, latent_dim=64, denoise_hidden=512, batch_size=256
============================================================
using cuda
Training start!
epoch 1: loss = 18025.6208, Diff_loss = 14583.4797, preserve_loss = 14.9500, adv_loss = 0.0000, discri_loss = 0.0000, sp_cls = 0.1903
epoch 2: loss = 12518.0549, Diff_loss = 12510.6321, preserve_loss = 0.0322, adv_loss = 0.0000, discri_loss = 0.0000, sp_cls = 0.0032
epoch 3: loss = 12229.7021, Diff_loss = 12225.6075, preserve_loss = 0.0178, adv_loss = 0.0000, discri_loss = 0.0000, sp_cls = 0.0011
epoch 4: loss = 11824.6647, Diff_loss = 11821.0014, preserve_loss = 0.0159, adv_loss = 0.0000, discri_loss = 0.0000, sp_cls = 0.0014
epoch 5: loss = 11598.9736, Diff_loss = 11595.7695, preserve_loss = 0.0139, adv_loss = 0.0000, discri_loss = 0.0000, sp_cls = 0.0010
epoch 6: loss = 11428.3374, Diff_loss = 11425.6476, preserve_loss = 0.0117, adv_loss = 0.0000, discri_loss = 0.0000, sp_cls = 0.0011
epoch 7: loss = 11246.6909, Diff_loss = 11244.5159, preserve_loss = 0.0094, adv_loss = 0.0000, discri_loss = 0.0000, sp_cls = 0.0007
epoch 8: loss = 11037.2927, Diff_loss = 11035.5215, preserve_loss = 0.0077, adv_loss = 0.0000, discri_loss = 0.0000, sp_cls = 0.0004
epoch 9: loss = 11017.6894, Diff_loss = 11015.7904, preserve_loss = 0.0082, adv_loss = 0.0000, discri_loss = 0.0000, sp_cls = 0.0016
epoch 10: loss = 10901.8741, Diff_loss = 10900.0328, preserve_loss = 0.0080, adv_loss = 0.0000, discri_loss = 0.0000, sp_cls = 0.0001
epoch 11: loss = 10541.0351, Diff_loss = 10539.4908, preserve_loss = 0.0070, adv_loss = -1.0275, discri_loss = 0.9837, sp_cls = 0.0002
Validation loss decreased (inf --> 10306.534033).  Saving model ...
epoch 12: loss = 10545.8270, Diff_loss = 10544.4435, preserve_loss = 0.0062, adv_loss = -0.9420, discri_loss = 0.8467, sp_cls = 0.0002
Validation loss decreased (10306.534033 --> 10183.514697).  Saving model ...
epoch 13: loss = 10503.6773, Diff_loss = 10502.4810, preserve_loss = 0.0054, adv_loss = -0.8628, discri_loss = 0.7553, sp_cls = 0.0001
Validation loss decreased (10183.514697 --> 10110.560400).  Saving model ...
epoch 14: loss = 10363.7973, Diff_loss = 10362.7139, preserve_loss = 0.0049, adv_loss = -0.8163, discri_loss = 0.7302, sp_cls = 0.0002
Validation loss decreased (10110.560400 --> 10040.294531).  Saving model ...
epoch 15: loss = 10159.7940, Diff_loss = 10158.9285, preserve_loss = 0.0039, adv_loss = -0.7891, discri_loss = 0.7002, sp_cls = 0.0001
Validation loss decreased (10040.294531 --> 9963.251904).  Saving model ...
epoch 16: loss = 10242.5074, Diff_loss = 10241.5921, preserve_loss = 0.0042, adv_loss = -0.7539, discri_loss = 0.6655, sp_cls = 0.0003
Validation loss decreased (9963.251904 --> 9919.583643).  Saving model ...
epoch 17: loss = 10103.5358, Diff_loss = 10102.6599, preserve_loss = 0.0040, adv_loss = -0.7157, discri_loss = 0.6417, sp_cls = 0.0003
Validation loss decreased (9919.583643 --> 9865.569287).  Saving model ...
epoch 18: loss = 10159.2936, Diff_loss = 10158.5717, preserve_loss = 0.0033, adv_loss = -0.6970, discri_loss = 0.6161, sp_cls = 0.0003
Validation loss decreased (9865.569287 --> 9865.475781).  Saving model ...
epoch 19: loss = 10077.7541, Diff_loss = 10077.0757, preserve_loss = 0.0031, adv_loss = -0.6818, discri_loss = 0.6206, sp_cls = 0.0007
Validation loss decreased (9865.475781 --> 9819.987891).  Saving model ...
epoch 20: loss = 10122.4304, Diff_loss = 10121.7874, preserve_loss = 0.0029, adv_loss = -0.6676, discri_loss = 0.6073, sp_cls = 0.0004
Validation loss decreased (9819.987891 --> 9790.884131).  Saving model ...
epoch 21: loss = 9981.7492, Diff_loss = 9981.1753, preserve_loss = 0.0026, adv_loss = -0.6620, discri_loss = 0.6026, sp_cls = 0.0005
Validation loss decreased (9790.884131 --> 9769.975977).  Saving model ...
epoch 22: loss = 9927.9098, Diff_loss = 9927.3861, preserve_loss = 0.0024, adv_loss = -0.6515, discri_loss = 0.5921, sp_cls = 0.0008
Validation loss decreased (9769.975977 --> 9754.690332).  Saving model ...
epoch 23: loss = 9888.4137, Diff_loss = 9887.9168, preserve_loss = 0.0023, adv_loss = -0.6469, discri_loss = 0.5991, sp_cls = 0.0008
Validation loss decreased (9754.690332 --> 9740.778271).  Saving model ...
epoch 24: loss = 9988.6636, Diff_loss = 9988.2030, preserve_loss = 0.0021, adv_loss = -0.6278, discri_loss = 0.5633, sp_cls = 0.0011
Validation loss decreased (9740.778271 --> 9680.762354).  Saving model ...
epoch 25: loss = 9968.8401, Diff_loss = 9968.4091, preserve_loss = 0.0020, adv_loss = -0.6211, discri_loss = 0.5746, sp_cls = 0.0008
Validation loss decreased (9680.762354 --> 9648.196777).  Saving model ...
epoch 26: loss = 9869.4956, Diff_loss = 9869.0752, preserve_loss = 0.0020, adv_loss = -0.6190, discri_loss = 0.5845, sp_cls = 0.0011
Validation loss decreased (9648.196777 --> 9646.982813).  Saving model ...
epoch 27: loss = 9725.5651, Diff_loss = 9725.1681, preserve_loss = 0.0019, adv_loss = -0.6070, discri_loss = 0.5670, sp_cls = 0.0011
Validation loss decreased (9646.982813 --> 9602.535400).  Saving model ...
epoch 28: loss = 9715.8766, Diff_loss = 9715.5128, preserve_loss = 0.0017, adv_loss = -0.6145, discri_loss = 0.5849, sp_cls = 0.0009
Validation loss decreased (9602.535400 --> 9571.389209).  Saving model ...
epoch 29: loss = 9629.0364, Diff_loss = 9628.6590, preserve_loss = 0.0018, adv_loss = -0.6166, discri_loss = 0.5820, sp_cls = 0.0013
Validation loss decreased (9571.389209 --> 9559.863916).  Saving model ...
epoch 30: loss = 9566.7936, Diff_loss = 9566.4149, preserve_loss = 0.0018, adv_loss = -0.6110, discri_loss = 0.5856, sp_cls = 0.0013
Validation loss decreased (9559.863916 --> 9503.769092).  Saving model ...
epoch 31: loss = 9699.3033, Diff_loss = 9698.9366, preserve_loss = 0.0017, adv_loss = -0.6074, discri_loss = 0.5695, sp_cls = 0.0014
Validation loss decreased (9503.769092 --> 9502.661670).  Saving model ...
epoch 32: loss = 9659.1767, Diff_loss = 9658.8247, preserve_loss = 0.0017, adv_loss = -0.5962, discri_loss = 0.5615, sp_cls = 0.0008
Validation loss decreased (9502.661670 --> 9487.167676).  Saving model ...
epoch 33: loss = 9603.4848, Diff_loss = 9603.1225, preserve_loss = 0.0017, adv_loss = -0.5973, discri_loss = 0.5609, sp_cls = 0.0004
Validation loss decreased (9487.167676 --> 9432.563379).  Saving model ...
epoch 34: loss = 9650.7790, Diff_loss = 9650.4214, preserve_loss = 0.0017, adv_loss = -0.5930, discri_loss = 0.5599, sp_cls = 0.0007
Validation loss decreased (9432.563379 --> 9423.030566).  Saving model ...
epoch 35: loss = 9692.8024, Diff_loss = 9692.4141, preserve_loss = 0.0018, adv_loss = -0.5843, discri_loss = 0.5501, sp_cls = 0.0006
EarlyStopping counter: 1 / 20
epoch 36: loss = 9515.3121, Diff_loss = 9514.9214, preserve_loss = 0.0018, adv_loss = -0.5812, discri_loss = 0.5512, sp_cls = 0.0003
Validation loss decreased (9423.030566 --> 9418.039014).  Saving model ...
epoch 37: loss = 9594.9068, Diff_loss = 9594.4889, preserve_loss = 0.0019, adv_loss = -0.5814, discri_loss = 0.5570, sp_cls = 0.0005
Validation loss decreased (9418.039014 --> 9390.650488).  Saving model ...
epoch 38: loss = 9582.2089, Diff_loss = 9581.7804, preserve_loss = 0.0020, adv_loss = -0.5798, discri_loss = 0.5610, sp_cls = 0.0003
EarlyStopping counter: 1 / 20
epoch 39: loss = 9443.9502, Diff_loss = 9443.5173, preserve_loss = 0.0020, adv_loss = -0.5843, discri_loss = 0.5609, sp_cls = 0.0002
Validation loss decreased (9390.650488 --> 9352.088086).  Saving model ...
epoch 40: loss = 9552.5064, Diff_loss = 9552.0162, preserve_loss = 0.0023, adv_loss = -0.5856, discri_loss = 0.5625, sp_cls = 0.0003
inference: loss = 9224.8259, Diff_loss = 9224.4491, preserve_loss = 0.0018, adv_loss = -0.5643
All results recorded in adata.
[I 2026-02-11 13:37:31,846] Trial 13 pruned. 

============================================================
Trial 14: gamma=134.956, lambda_adv=0.487, lambda_sp_cls=1.059, lr=0.00033, dropout=0.20, latent_dim=32, denoise_hidden=512, batch_size=256
============================================================
using cuda
Training start!
epoch 1: loss = 17541.8225, Diff_loss = 15750.1398, preserve_loss = 13.2724, adv_loss = 0.0000, discri_loss = 0.0000, sp_cls = 0.4679
epoch 2: loss = 12912.4595, Diff_loss = 12892.0280, preserve_loss = 0.1510, adv_loss = 0.0000, discri_loss = 0.0000, sp_cls = 0.0488
epoch 3: loss = 12663.6038, Diff_loss = 12654.3034, preserve_loss = 0.0688, adv_loss = 0.0000, discri_loss = 0.0000, sp_cls = 0.0148
epoch 4: loss = 12454.9241, Diff_loss = 12449.7410, preserve_loss = 0.0384, adv_loss = 0.0000, discri_loss = 0.0000, sp_cls = 0.0068
epoch 5: loss = 12295.1488, Diff_loss = 12291.9111, preserve_loss = 0.0240, adv_loss = 0.0000, discri_loss = 0.0000, sp_cls = 0.0035
epoch 6: loss = 12272.9693, Diff_loss = 12270.7241, preserve_loss = 0.0166, adv_loss = 0.0000, discri_loss = 0.0000, sp_cls = 0.0021
epoch 7: loss = 12030.8783, Diff_loss = 12029.2115, preserve_loss = 0.0123, adv_loss = 0.0000, discri_loss = 0.0000, sp_cls = 0.0014
epoch 8: loss = 11942.9563, Diff_loss = 11941.6910, preserve_loss = 0.0094, adv_loss = 0.0000, discri_loss = 0.0000, sp_cls = 0.0010
epoch 9: loss = 11740.0093, Diff_loss = 11738.9853, preserve_loss = 0.0076, adv_loss = 0.0000, discri_loss = 0.0000, sp_cls = 0.0007
epoch 10: loss = 11826.8455, Diff_loss = 11825.9901, preserve_loss = 0.0063, adv_loss = 0.0000, discri_loss = 0.0000, sp_cls = 0.0005
epoch 11: loss = 11448.3765, Diff_loss = 11448.2511, preserve_loss = 0.0048, adv_loss = -1.0695, discri_loss = 1.0590, sp_cls = 0.0003
Validation loss decreased (inf --> 11072.342432).  Saving model ...
epoch 12: loss = 11303.0595, Diff_loss = 11303.0415, preserve_loss = 0.0039, adv_loss = -1.0509, discri_loss = 0.9706, sp_cls = 0.0002
Validation loss decreased (11072.342432 --> 10858.450977).  Saving model ...
epoch 13: loss = 10983.8904, Diff_loss = 10983.9773, preserve_loss = 0.0031, adv_loss = -1.0273, discri_loss = 0.8974, sp_cls = 0.0001
Validation loss decreased (10858.450977 --> 10647.216113).  Saving model ...
epoch 14: loss = 10842.6896, Diff_loss = 10842.8250, preserve_loss = 0.0026, adv_loss = -1.0004, discri_loss = 0.8523, sp_cls = 0.0001
Validation loss decreased (10647.216113 --> 10463.123584).  Saving model ...
epoch 15: loss = 10577.2479, Diff_loss = 10577.3964, preserve_loss = 0.0024, adv_loss = -0.9719, discri_loss = 0.8132, sp_cls = 0.0001
Validation loss decreased (10463.123584 --> 10297.290869).  Saving model ...
epoch 16: loss = 10543.1812, Diff_loss = 10543.3417, preserve_loss = 0.0022, adv_loss = -0.9465, discri_loss = 0.7936, sp_cls = 0.0000
Validation loss decreased (10297.290869 --> 10164.155859).  Saving model ...
epoch 17: loss = 10451.4092, Diff_loss = 10451.4990, preserve_loss = 0.0026, adv_loss = -0.9165, discri_loss = 0.7577, sp_cls = 0.0000
Validation loss decreased (10164.155859 --> 10041.183057).  Saving model ...
epoch 18: loss = 10312.6092, Diff_loss = 10312.6308, preserve_loss = 0.0031, adv_loss = -0.8942, discri_loss = 0.7498, sp_cls = 0.0000
Validation loss decreased (10041.183057 --> 9935.591016).  Saving model ...
epoch 19: loss = 10101.9135, Diff_loss = 10101.8928, preserve_loss = 0.0033, adv_loss = -0.8759, discri_loss = 0.7412, sp_cls = 0.0000
Validation loss decreased (9935.591016 --> 9841.746680).  Saving model ...
epoch 20: loss = 10018.2290, Diff_loss = 10018.2067, preserve_loss = 0.0033, adv_loss = -0.8672, discri_loss = 0.7411, sp_cls = 0.0000
Validation loss decreased (9841.746680 --> 9773.554395).  Saving model ...
epoch 21: loss = 9928.2166, Diff_loss = 9928.1300, preserve_loss = 0.0037, adv_loss = -0.8540, discri_loss = 0.7260, sp_cls = 0.0000
Validation loss decreased (9773.554395 --> 9731.433838).  Saving model ...
epoch 22: loss = 9818.1168, Diff_loss = 9818.0331, preserve_loss = 0.0037, adv_loss = -0.8414, discri_loss = 0.7236, sp_cls = 0.0000
Validation loss decreased (9731.433838 --> 9648.833594).  Saving model ...
epoch 23: loss = 9776.5828, Diff_loss = 9776.5647, preserve_loss = 0.0031, adv_loss = -0.8319, discri_loss = 0.7292, sp_cls = 0.0000
Validation loss decreased (9648.833594 --> 9578.166016).  Saving model ...
epoch 24: loss = 9755.6251, Diff_loss = 9755.5533, preserve_loss = 0.0035, adv_loss = -0.8293, discri_loss = 0.7320, sp_cls = 0.0000
Validation loss decreased (9578.166016 --> 9550.256006).  Saving model ...
epoch 25: loss = 9686.7550, Diff_loss = 9686.7395, preserve_loss = 0.0031, adv_loss = -0.8202, discri_loss = 0.7168, sp_cls = 0.0000
Validation loss decreased (9550.256006 --> 9504.200928).  Saving model ...
epoch 26: loss = 9642.5809, Diff_loss = 9642.5790, preserve_loss = 0.0030, adv_loss = -0.8189, discri_loss = 0.7211, sp_cls = 0.0000
Validation loss decreased (9504.200928 --> 9468.163721).  Saving model ...
epoch 27: loss = 9565.7705, Diff_loss = 9565.7608, preserve_loss = 0.0030, adv_loss = -0.8126, discri_loss = 0.7102, sp_cls = 0.0000
Validation loss decreased (9468.163721 --> 9427.516895).  Saving model ...
epoch 28: loss = 9476.4227, Diff_loss = 9476.3605, preserve_loss = 0.0033, adv_loss = -0.8007, discri_loss = 0.6921, sp_cls = 0.0000
EarlyStopping counter: 1 / 20
epoch 29: loss = 9462.4485, Diff_loss = 9462.4262, preserve_loss = 0.0030, adv_loss = -0.7960, discri_loss = 0.7139, sp_cls = 0.0000
Validation loss decreased (9427.516895 --> 9382.335596).  Saving model ...
epoch 30: loss = 9546.0195, Diff_loss = 9545.9893, preserve_loss = 0.0031, adv_loss = -0.7955, discri_loss = 0.7218, sp_cls = 0.0000
Validation loss decreased (9382.335596 --> 9379.831934).  Saving model ...
epoch 31: loss = 9498.2815, Diff_loss = 9498.2588, preserve_loss = 0.0030, adv_loss = -0.7950, discri_loss = 0.7081, sp_cls = 0.0000
Validation loss decreased (9379.831934 --> 9335.720996).  Saving model ...
epoch 32: loss = 9389.4768, Diff_loss = 9389.4299, preserve_loss = 0.0032, adv_loss = -0.7960, discri_loss = 0.7161, sp_cls = 0.0000
Validation loss decreased (9335.720996 --> 9320.439697).  Saving model ...
epoch 33: loss = 9381.1373, Diff_loss = 9381.1022, preserve_loss = 0.0031, adv_loss = -0.7925, discri_loss = 0.7088, sp_cls = 0.0000
EarlyStopping counter: 1 / 20
epoch 34: loss = 9329.9215, Diff_loss = 9329.8582, preserve_loss = 0.0033, adv_loss = -0.7886, discri_loss = 0.7128, sp_cls = 0.0000
Validation loss decreased (9320.439697 --> 9289.469189).  Saving model ...
epoch 35: loss = 9269.2589, Diff_loss = 9269.1976, preserve_loss = 0.0033, adv_loss = -0.7884, discri_loss = 0.7092, sp_cls = 0.0000
Validation loss decreased (9289.469189 --> 9263.638232).  Saving model ...
epoch 36: loss = 9389.8425, Diff_loss = 9389.7753, preserve_loss = 0.0033, adv_loss = -0.7860, discri_loss = 0.7089, sp_cls = 0.0000
Validation loss decreased (9263.638232 --> 9258.086328).  Saving model ...
epoch 37: loss = 9293.5297, Diff_loss = 9293.4641, preserve_loss = 0.0033, adv_loss = -0.7864, discri_loss = 0.7086, sp_cls = 0.0000
Validation loss decreased (9258.086328 --> 9242.996729).  Saving model ...
epoch 38: loss = 9320.5220, Diff_loss = 9320.4523, preserve_loss = 0.0033, adv_loss = -0.7840, discri_loss = 0.7032, sp_cls = 0.0000
EarlyStopping counter: 1 / 20
epoch 39: loss = 9395.5336, Diff_loss = 9395.4598, preserve_loss = 0.0034, adv_loss = -0.7811, discri_loss = 0.6949, sp_cls = 0.0000
Validation loss decreased (9242.996729 --> 9222.910498).  Saving model ...
epoch 40: loss = 9322.8648, Diff_loss = 9322.7744, preserve_loss = 0.0035, adv_loss = -0.7800, discri_loss = 0.7013, sp_cls = 0.0000
inference: loss = 8979.0068, Diff_loss = 8979.0820, preserve_loss = 0.0020, adv_loss = -0.7221
All results recorded in adata.
[I 2026-02-11 13:48:07,024] Trial 14 pruned. 

============================================================
Trial 15: gamma=231.040, lambda_adv=1.500, lambda_sp_cls=0.600, lr=0.00056, dropout=0.24, latent_dim=64, denoise_hidden=512, batch_size=256
============================================================
using cuda
Training start!
epoch 1: loss = 21110.6939, Diff_loss = 15274.8726, preserve_loss = 25.2584, adv_loss = 0.0000, discri_loss = 0.0000, sp_cls = 0.2204
epoch 2: loss = 12876.5387, Diff_loss = 12859.7021, preserve_loss = 0.0729, adv_loss = 0.0000, discri_loss = 0.0000, sp_cls = 0.0069
epoch 3: loss = 12542.6006, Diff_loss = 12535.3104, preserve_loss = 0.0315, adv_loss = 0.0000, discri_loss = 0.0000, sp_cls = 0.0026
epoch 4: loss = 12363.5775, Diff_loss = 12359.5459, preserve_loss = 0.0174, adv_loss = 0.0000, discri_loss = 0.0000, sp_cls = 0.0013
epoch 5: loss = 12053.9914, Diff_loss = 12051.3231, preserve_loss = 0.0115, adv_loss = 0.0000, discri_loss = 0.0000, sp_cls = 0.0008
epoch 6: loss = 11761.8079, Diff_loss = 11759.9285, preserve_loss = 0.0081, adv_loss = 0.0000, discri_loss = 0.0000, sp_cls = 0.0004
epoch 7: loss = 11592.1612, Diff_loss = 11590.7886, preserve_loss = 0.0059, adv_loss = 0.0000, discri_loss = 0.0000, sp_cls = 0.0003
epoch 8: loss = 11484.7199, Diff_loss = 11483.6350, preserve_loss = 0.0047, adv_loss = 0.0000, discri_loss = 0.0000, sp_cls = 0.0003
epoch 9: loss = 11310.9227, Diff_loss = 11309.9865, preserve_loss = 0.0041, adv_loss = 0.0000, discri_loss = 0.0000, sp_cls = 0.0002
epoch 10: loss = 11338.6647, Diff_loss = 11337.7218, preserve_loss = 0.0041, adv_loss = 0.0000, discri_loss = 0.0000, sp_cls = 0.0002
epoch 11: loss = 11061.9718, Diff_loss = 11062.7387, preserve_loss = 0.0035, adv_loss = -1.0579, discri_loss = 1.0327, sp_cls = 0.0001
Validation loss decreased (inf --> 10640.606787).  Saving model ...
epoch 12: loss = 10937.2763, Diff_loss = 10938.0204, preserve_loss = 0.0033, adv_loss = -1.0081, discri_loss = 0.8860, sp_cls = 0.0000
Validation loss decreased (10640.606787 --> 10452.822412).  Saving model ...
epoch 13: loss = 10677.9857, Diff_loss = 10678.3722, preserve_loss = 0.0046, adv_loss = -0.9616, discri_loss = 0.8103, sp_cls = 0.0001
Validation loss decreased (10452.822412 --> 10269.197900).  Saving model ...
epoch 14: loss = 10432.2248, Diff_loss = 10432.5726, preserve_loss = 0.0044, adv_loss = -0.9106, discri_loss = 0.7389, sp_cls = 0.0001
Validation loss decreased (10269.197900 --> 10129.234863).  Saving model ...
epoch 15: loss = 10282.9121, Diff_loss = 10283.2015, preserve_loss = 0.0043, adv_loss = -0.8507, discri_loss = 0.6718, sp_cls = 0.0001
Validation loss decreased (10129.234863 --> 10005.594092).  Saving model ...
epoch 16: loss = 10232.2716, Diff_loss = 10232.6029, preserve_loss = 0.0039, adv_loss = -0.8146, discri_loss = 0.6595, sp_cls = 0.0001
Validation loss decreased (10005.594092 --> 9932.631592).  Saving model ...
epoch 17: loss = 10144.6025, Diff_loss = 10144.9237, preserve_loss = 0.0037, adv_loss = -0.7831, discri_loss = 0.6442, sp_cls = 0.0001
Validation loss decreased (9932.631592 --> 9867.060791).  Saving model ...
epoch 18: loss = 10038.9604, Diff_loss = 10039.3200, preserve_loss = 0.0033, adv_loss = -0.7540, discri_loss = 0.6288, sp_cls = 0.0001
Validation loss decreased (9867.060791 --> 9755.055566).  Saving model ...
epoch 19: loss = 9972.9338, Diff_loss = 9973.3085, preserve_loss = 0.0032, adv_loss = -0.7410, discri_loss = 0.6272, sp_cls = 0.0000
Validation loss decreased (9755.055566 --> 9705.325391).  Saving model ...
epoch 20: loss = 9907.7738, Diff_loss = 9908.1156, preserve_loss = 0.0032, adv_loss = -0.7277, discri_loss = 0.6341, sp_cls = 0.0002
Validation loss decreased (9705.325391 --> 9667.409521).  Saving model ...
epoch 21: loss = 9909.2795, Diff_loss = 9909.6361, preserve_loss = 0.0031, adv_loss = -0.7217, discri_loss = 0.6274, sp_cls = 0.0000
Validation loss decreased (9667.409521 --> 9642.154346).  Saving model ...
epoch 22: loss = 9782.4257, Diff_loss = 9782.8133, preserve_loss = 0.0030, adv_loss = -0.7171, discri_loss = 0.6337, sp_cls = 0.0000
Validation loss decreased (9642.154346 --> 9599.071924).  Saving model ...
epoch 23: loss = 9749.7473, Diff_loss = 9750.1035, preserve_loss = 0.0031, adv_loss = -0.7155, discri_loss = 0.6339, sp_cls = 0.0000
Validation loss decreased (9599.071924 --> 9524.449902).  Saving model ...
epoch 24: loss = 9591.6507, Diff_loss = 9592.0166, preserve_loss = 0.0030, adv_loss = -0.7072, discri_loss = 0.6207, sp_cls = 0.0000
Validation loss decreased (9524.449902 --> 9523.753857).  Saving model ...
epoch 25: loss = 9631.9296, Diff_loss = 9632.2465, preserve_loss = 0.0032, adv_loss = -0.7026, discri_loss = 0.6212, sp_cls = 0.0000
Validation loss decreased (9523.753857 --> 9485.664062).  Saving model ...
epoch 26: loss = 9661.4112, Diff_loss = 9661.6907, preserve_loss = 0.0033, adv_loss = -0.7008, discri_loss = 0.6250, sp_cls = 0.0000
Validation loss decreased (9485.664062 --> 9478.825342).  Saving model ...
epoch 27: loss = 9567.8994, Diff_loss = 9568.2123, preserve_loss = 0.0032, adv_loss = -0.7016, discri_loss = 0.6284, sp_cls = 0.0000
Validation loss decreased (9478.825342 --> 9461.593115).  Saving model ...
epoch 28: loss = 9667.7044, Diff_loss = 9668.0458, preserve_loss = 0.0031, adv_loss = -0.7065, discri_loss = 0.6372, sp_cls = 0.0000
Validation loss decreased (9461.593115 --> 9409.149561).  Saving model ...
epoch 29: loss = 9512.6616, Diff_loss = 9512.9758, preserve_loss = 0.0032, adv_loss = -0.7061, discri_loss = 0.6335, sp_cls = 0.0000
Validation loss decreased (9409.149561 --> 9405.925000).  Saving model ...
epoch 30: loss = 9484.3980, Diff_loss = 9484.6978, preserve_loss = 0.0032, adv_loss = -0.6993, discri_loss = 0.6213, sp_cls = 0.0000
Validation loss decreased (9405.925000 --> 9374.178809).  Saving model ...
epoch 31: loss = 9483.2007, Diff_loss = 9483.5269, preserve_loss = 0.0031, adv_loss = -0.7009, discri_loss = 0.6309, sp_cls = 0.0000
EarlyStopping counter: 1 / 20
epoch 32: loss = 9438.4639, Diff_loss = 9438.7202, preserve_loss = 0.0035, adv_loss = -0.7033, discri_loss = 0.6417, sp_cls = 0.0000
Validation loss decreased (9374.178809 --> 9351.052051).  Saving model ...
epoch 33: loss = 9458.8046, Diff_loss = 9459.0120, preserve_loss = 0.0036, adv_loss = -0.6989, discri_loss = 0.6277, sp_cls = 0.0000
Validation loss decreased (9351.052051 --> 9327.209766).  Saving model ...
epoch 34: loss = 9433.1256, Diff_loss = 9433.2847, preserve_loss = 0.0039, adv_loss = -0.6997, discri_loss = 0.6320, sp_cls = 0.0000
Validation loss decreased (9327.209766 --> 9321.079248).  Saving model ...
epoch 35: loss = 9372.3282, Diff_loss = 9372.4575, preserve_loss = 0.0040, adv_loss = -0.7014, discri_loss = 0.6277, sp_cls = 0.0000
Validation loss decreased (9321.079248 --> 9307.583838).  Saving model ...
epoch 36: loss = 9391.2408, Diff_loss = 9391.2376, preserve_loss = 0.0046, adv_loss = -0.7032, discri_loss = 0.6358, sp_cls = 0.0000
EarlyStopping counter: 1 / 20
epoch 37: loss = 9508.0820, Diff_loss = 9507.9757, preserve_loss = 0.0050, adv_loss = -0.6976, discri_loss = 0.6293, sp_cls = 0.0000
Validation loss decreased (9307.583838 --> 9287.506543).  Saving model ...
epoch 38: loss = 9336.1917, Diff_loss = 9336.0441, preserve_loss = 0.0052, adv_loss = -0.7017, discri_loss = 0.6434, sp_cls = 0.0000
Validation loss decreased (9287.506543 --> 9277.306006).  Saving model ...
epoch 39: loss = 9281.9099, Diff_loss = 9281.6280, preserve_loss = 0.0058, adv_loss = -0.7044, discri_loss = 0.6484, sp_cls = 0.0000
Validation loss decreased (9277.306006 --> 9260.487012).  Saving model ...
epoch 40: loss = 9342.5415, Diff_loss = 9342.2215, preserve_loss = 0.0060, adv_loss = -0.7072, discri_loss = 0.6414, sp_cls = 0.0000
inference: loss = 9020.8762, Diff_loss = 9020.9870, preserve_loss = 0.0037, adv_loss = -0.6475
All results recorded in adata.
Validation loss decreased (9260.487012 --> 9232.053369).  Saving model ...
epoch 41: loss = 9304.8372, Diff_loss = 9304.5241, preserve_loss = 0.0060, adv_loss = -0.7131, discri_loss = 0.6501, sp_cls = 0.0000
EarlyStopping counter: 1 / 20
epoch 42: loss = 9269.2862, Diff_loss = 9268.8738, preserve_loss = 0.0064, adv_loss = -0.7148, discri_loss = 0.6622, sp_cls = 0.0000
EarlyStopping counter: 2 / 20
epoch 43: loss = 9276.7863, Diff_loss = 9276.4295, preserve_loss = 0.0062, adv_loss = -0.7117, discri_loss = 0.6485, sp_cls = 0.0000
Validation loss decreased (9232.053369 --> 9228.149707).  Saving model ...
epoch 44: loss = 9240.2398, Diff_loss = 9239.8375, preserve_loss = 0.0064, adv_loss = -0.7113, discri_loss = 0.6493, sp_cls = 0.0000
Validation loss decreased (9228.149707 --> 9213.452393).  Saving model ...
epoch 45: loss = 9233.2206, Diff_loss = 9232.7911, preserve_loss = 0.0064, adv_loss = -0.7064, discri_loss = 0.6360, sp_cls = 0.0000
EarlyStopping counter: 1 / 20
epoch 46: loss = 9217.7385, Diff_loss = 9217.2887, preserve_loss = 0.0065, adv_loss = -0.7086, discri_loss = 0.6429, sp_cls = 0.0000
Validation loss decreased (9213.452393 --> 9185.211865).  Saving model ...
epoch 47: loss = 9252.6869, Diff_loss = 9252.2616, preserve_loss = 0.0064, adv_loss = -0.7053, discri_loss = 0.6400, sp_cls = 0.0000
EarlyStopping counter: 1 / 20
epoch 48: loss = 9331.0997, Diff_loss = 9330.6388, preserve_loss = 0.0066, adv_loss = -0.7077, discri_loss = 0.6434, sp_cls = 0.0000
Validation loss decreased (9185.211865 --> 9180.815918).  Saving model ...
epoch 49: loss = 9167.7712, Diff_loss = 9167.3490, preserve_loss = 0.0064, adv_loss = -0.7054, discri_loss = 0.6398, sp_cls = 0.0000
Validation loss decreased (9180.815918 --> 9171.922607).  Saving model ...
epoch 50: loss = 9132.7863, Diff_loss = 9132.3979, preserve_loss = 0.0063, adv_loss = -0.7074, discri_loss = 0.6462, sp_cls = 0.0000
inference: loss = 8912.9314, Diff_loss = 8913.0122, preserve_loss = 0.0039, adv_loss = -0.6485
All results recorded in adata.
EarlyStopping counter: 1 / 20
epoch 51: loss = 9176.7014, Diff_loss = 9176.2664, preserve_loss = 0.0065, adv_loss = -0.7075, discri_loss = 0.6443, sp_cls = 0.0000
EarlyStopping counter: 2 / 20
epoch 52: loss = 9151.9758, Diff_loss = 9151.4898, preserve_loss = 0.0067, adv_loss = -0.7042, discri_loss = 0.6392, sp_cls = 0.0000
EarlyStopping counter: 3 / 20
epoch 53: loss = 9139.7066, Diff_loss = 9139.2810, preserve_loss = 0.0064, adv_loss = -0.7059, discri_loss = 0.6481, sp_cls = 0.0000
Validation loss decreased (9171.922607 --> 9154.348828).  Saving model ...
epoch 54: loss = 9156.9351, Diff_loss = 9156.5034, preserve_loss = 0.0064, adv_loss = -0.7044, discri_loss = 0.6384, sp_cls = 0.0002
Validation loss decreased (9154.348828 --> 9120.347412).  Saving model ...
epoch 55: loss = 9161.8780, Diff_loss = 9161.4512, preserve_loss = 0.0064, adv_loss = -0.7021, discri_loss = 0.6342, sp_cls = 0.0001
EarlyStopping counter: 1 / 20
epoch 56: loss = 9091.4220, Diff_loss = 9091.0275, preserve_loss = 0.0063, adv_loss = -0.7024, discri_loss = 0.6373, sp_cls = 0.0000
EarlyStopping counter: 2 / 20
epoch 57: loss = 9155.5422, Diff_loss = 9155.1411, preserve_loss = 0.0063, adv_loss = -0.7003, discri_loss = 0.6334, sp_cls = 0.0000
EarlyStopping counter: 3 / 20
epoch 58: loss = 9169.0674, Diff_loss = 9168.6661, preserve_loss = 0.0063, adv_loss = -0.6980, discri_loss = 0.6371, sp_cls = 0.0000
EarlyStopping counter: 4 / 20
epoch 59: loss = 9164.2299, Diff_loss = 9163.8054, preserve_loss = 0.0064, adv_loss = -0.6957, discri_loss = 0.6246, sp_cls = 0.0000
EarlyStopping counter: 5 / 20
epoch 60: loss = 9065.4492, Diff_loss = 9065.1082, preserve_loss = 0.0060, adv_loss = -0.6926, discri_loss = 0.6246, sp_cls = 0.0000
inference: loss = 8848.6422, Diff_loss = 8848.7099, preserve_loss = 0.0039, adv_loss = -0.6396
All results recorded in adata.
Validation loss decreased (9120.347412 --> 9120.248242).  Saving model ...
epoch 61: loss = 9091.2179, Diff_loss = 9090.8175, preserve_loss = 0.0062, adv_loss = -0.6892, discri_loss = 0.6223, sp_cls = 0.0001
EarlyStopping counter: 1 / 20
epoch 62: loss = 9166.1802, Diff_loss = 9165.7500, preserve_loss = 0.0063, adv_loss = -0.6907, discri_loss = 0.6198, sp_cls = 0.0000
EarlyStopping counter: 2 / 20
epoch 63: loss = 9131.1611, Diff_loss = 9130.7593, preserve_loss = 0.0062, adv_loss = -0.6861, discri_loss = 0.6107, sp_cls = 0.0001
Validation loss decreased (9120.248242 --> 9114.016504).  Saving model ...
epoch 64: loss = 9103.4223, Diff_loss = 9103.0098, preserve_loss = 0.0062, adv_loss = -0.6820, discri_loss = 0.6125, sp_cls = 0.0000
EarlyStopping counter: 1 / 20
epoch 65: loss = 9045.5995, Diff_loss = 9045.1879, preserve_loss = 0.0062, adv_loss = -0.6812, discri_loss = 0.6122, sp_cls = 0.0000
EarlyStopping counter: 2 / 20
epoch 66: loss = 9160.4160, Diff_loss = 9159.9562, preserve_loss = 0.0064, adv_loss = -0.6775, discri_loss = 0.6016, sp_cls = 0.0000
Validation loss decreased (9114.016504 --> 9099.899365).  Saving model ...
epoch 67: loss = 9071.3765, Diff_loss = 9070.9705, preserve_loss = 0.0061, adv_loss = -0.6753, discri_loss = 0.6056, sp_cls = 0.0000
EarlyStopping counter: 1 / 20
epoch 68: loss = 9062.7524, Diff_loss = 9062.3091, preserve_loss = 0.0063, adv_loss = -0.6742, discri_loss = 0.6065, sp_cls = 0.0000
EarlyStopping counter: 2 / 20
epoch 69: loss = 9071.8395, Diff_loss = 9071.4144, preserve_loss = 0.0062, adv_loss = -0.6735, discri_loss = 0.6087, sp_cls = 0.0000
EarlyStopping counter: 3 / 20
epoch 70: loss = 9193.5938, Diff_loss = 9193.1142, preserve_loss = 0.0064, adv_loss = -0.6720, discri_loss = 0.6020, sp_cls = 0.0000
inference: loss = 8842.7673, Diff_loss = 8842.7854, preserve_loss = 0.0039, adv_loss = -0.6083
All results recorded in adata.
EarlyStopping counter: 4 / 20
epoch 71: loss = 9103.4252, Diff_loss = 9103.0300, preserve_loss = 0.0061, adv_loss = -0.6717, discri_loss = 0.5999, sp_cls = 0.0000
EarlyStopping counter: 5 / 20
epoch 72: loss = 9116.4402, Diff_loss = 9116.0452, preserve_loss = 0.0061, adv_loss = -0.6696, discri_loss = 0.5958, sp_cls = 0.0000
EarlyStopping counter: 6 / 20
epoch 73: loss = 9152.5345, Diff_loss = 9152.1130, preserve_loss = 0.0062, adv_loss = -0.6689, discri_loss = 0.5915, sp_cls = 0.0000
EarlyStopping counter: 7 / 20
epoch 74: loss = 9152.4914, Diff_loss = 9152.0668, preserve_loss = 0.0061, adv_loss = -0.6638, discri_loss = 0.5885, sp_cls = 0.0000
EarlyStopping counter: 8 / 20
epoch 75: loss = 9086.4374, Diff_loss = 9086.0691, preserve_loss = 0.0059, adv_loss = -0.6627, discri_loss = 0.5955, sp_cls = 0.0000
EarlyStopping counter: 9 / 20
epoch 76: loss = 9191.7943, Diff_loss = 9191.3722, preserve_loss = 0.0061, adv_loss = -0.6596, discri_loss = 0.5939, sp_cls = 0.0000
EarlyStopping counter: 10 / 20
epoch 77: loss = 9073.1752, Diff_loss = 9072.7972, preserve_loss = 0.0059, adv_loss = -0.6610, discri_loss = 0.5887, sp_cls = 0.0000
EarlyStopping counter: 11 / 20
epoch 78: loss = 9092.4734, Diff_loss = 9092.0651, preserve_loss = 0.0060, adv_loss = -0.6586, discri_loss = 0.5915, sp_cls = 0.0000
EarlyStopping counter: 12 / 20
epoch 79: loss = 9111.5247, Diff_loss = 9111.1297, preserve_loss = 0.0060, adv_loss = -0.6577, discri_loss = 0.5932, sp_cls = 0.0000
EarlyStopping counter: 13 / 20
epoch 80: loss = 9165.7084, Diff_loss = 9165.3205, preserve_loss = 0.0059, adv_loss = -0.6531, discri_loss = 0.5856, sp_cls = 0.0000
inference: loss = 8845.8961, Diff_loss = 8845.8632, preserve_loss = 0.0040, adv_loss = -0.5944
All results recorded in adata.
EarlyStopping counter: 14 / 20
epoch 81: loss = 9170.7909, Diff_loss = 9170.3997, preserve_loss = 0.0060, adv_loss = -0.6569, discri_loss = 0.5914, sp_cls = 0.0000
EarlyStopping counter: 15 / 20
epoch 82: loss = 9131.7856, Diff_loss = 9131.4205, preserve_loss = 0.0058, adv_loss = -0.6564, discri_loss = 0.5918, sp_cls = 0.0000
EarlyStopping counter: 16 / 20
epoch 83: loss = 9179.2040, Diff_loss = 9178.7386, preserve_loss = 0.0063, adv_loss = -0.6530, discri_loss = 0.5885, sp_cls = 0.0001
EarlyStopping counter: 17 / 20
epoch 84: loss = 9178.2418, Diff_loss = 9177.8683, preserve_loss = 0.0059, adv_loss = -0.6526, discri_loss = 0.5889, sp_cls = 0.0000
EarlyStopping counter: 18 / 20
epoch 85: loss = 9126.1965, Diff_loss = 9125.8760, preserve_loss = 0.0056, adv_loss = -0.6559, discri_loss = 0.5966, sp_cls = 0.0000
EarlyStopping counter: 19 / 20
epoch 86: loss = 9160.2767, Diff_loss = 9159.9334, preserve_loss = 0.0057, adv_loss = -0.6546, discri_loss = 0.5872, sp_cls = 0.0000
EarlyStopping counter: 20 / 20
Early stopping at epoch 86
Training finished!
inference: loss = 8839.8858, Diff_loss = 8839.8064, preserve_loss = 0.0043, adv_loss = -0.6117
All results recorded in adata.
>>> Trial 15 score=0.5537
    [Bio] NMI=0.6026, ARI=0.4939, label_ASW=0.5426, cLISI=0.9600, iso_ASW=0.5354, iso_F1=0.6764
    [Batch] sil=0.9705, iLISI=0.2815, kBET=0.0611, PCR=0.0000
    [Modality] sil=0.9985, iLISI=0.3554, kBET=0.2187, PCR=0.6904, graph_conn=0.9398
[I 2026-02-11 14:15:07,993] Trial 15 finished with value: 0.5537243471958723 and parameters: {'gamma': 231.03974097032582, 'lambda_adv': 1.5001607895372824, 'lr': 0.0005555367014151685, 'dropout_rate': 0.2385391852352838, 'latent_dim': 64, 'lambda_sp_cls': 0.5998792137253305, 'batch_size': 256}. Best is trial 15 with value: 0.5537243471958723.

============================================================
Trial 16: gamma=305.757, lambda_adv=1.247, lambda_sp_cls=4.467, lr=0.00049, dropout=0.21, latent_dim=64, denoise_hidden=512, batch_size=256
============================================================
using cuda
Training start!
epoch 1: loss = 22400.1108, Diff_loss = 15315.7085, preserve_loss = 23.1667, adv_loss = 0.0000, discri_loss = 0.0000, sp_cls = 0.2321
epoch 2: loss = 12912.3186, Diff_loss = 12890.0827, preserve_loss = 0.0726, adv_loss = 0.0000, discri_loss = 0.0000, sp_cls = 0.0066
epoch 3: loss = 12279.1481, Diff_loss = 12270.2870, preserve_loss = 0.0289, adv_loss = 0.0000, discri_loss = 0.0000, sp_cls = 0.0023
epoch 4: loss = 12209.7747, Diff_loss = 12204.8403, preserve_loss = 0.0161, adv_loss = 0.0000, discri_loss = 0.0000, sp_cls = 0.0011
epoch 5: loss = 12051.4117, Diff_loss = 12048.2316, preserve_loss = 0.0104, adv_loss = 0.0000, discri_loss = 0.0000, sp_cls = 0.0006
epoch 6: loss = 12007.3960, Diff_loss = 12005.2470, preserve_loss = 0.0070, adv_loss = 0.0000, discri_loss = 0.0000, sp_cls = 0.0004
epoch 7: loss = 11836.2385, Diff_loss = 11832.5526, preserve_loss = 0.0120, adv_loss = 0.0000, discri_loss = 0.0000, sp_cls = 0.0013
epoch 8: loss = 11638.7407, Diff_loss = 11637.3674, preserve_loss = 0.0045, adv_loss = 0.0000, discri_loss = 0.0000, sp_cls = 0.0002
epoch 9: loss = 11494.1356, Diff_loss = 11493.1797, preserve_loss = 0.0031, adv_loss = 0.0000, discri_loss = 0.0000, sp_cls = 0.0002
epoch 10: loss = 11304.6915, Diff_loss = 11303.9711, preserve_loss = 0.0024, adv_loss = 0.0000, discri_loss = 0.0000, sp_cls = 0.0001
epoch 11: loss = 11244.6656, Diff_loss = 11245.4708, preserve_loss = 0.0017, adv_loss = -1.0571, discri_loss = 1.0278, sp_cls = 0.0001
Validation loss decreased (inf --> 10702.388867).  Saving model ...
epoch 12: loss = 10923.4654, Diff_loss = 10924.3689, preserve_loss = 0.0012, adv_loss = -1.0126, discri_loss = 0.8818, sp_cls = 0.0000
Validation loss decreased (10702.388867 --> 10489.023584).  Saving model ...
epoch 13: loss = 10605.0671, Diff_loss = 10605.8997, preserve_loss = 0.0012, adv_loss = -0.9659, discri_loss = 0.8000, sp_cls = 0.0000
Validation loss decreased (10489.023584 --> 10315.317383).  Saving model ...
epoch 14: loss = 10527.1131, Diff_loss = 10527.8392, preserve_loss = 0.0014, adv_loss = -0.9239, discri_loss = 0.7419, sp_cls = 0.0000
Validation loss decreased (10315.317383 --> 10165.128857).  Saving model ...
epoch 15: loss = 10344.9716, Diff_loss = 10345.5757, preserve_loss = 0.0016, adv_loss = -0.8884, discri_loss = 0.7203, sp_cls = 0.0000
Validation loss decreased (10165.128857 --> 10039.424609).  Saving model ...
epoch 16: loss = 10225.1451, Diff_loss = 10225.5771, preserve_loss = 0.0021, adv_loss = -0.8563, discri_loss = 0.6930, sp_cls = 0.0000
Validation loss decreased (10039.424609 --> 9955.180762).  Saving model ...
epoch 17: loss = 10078.4047, Diff_loss = 10078.8514, preserve_loss = 0.0019, adv_loss = -0.8289, discri_loss = 0.6700, sp_cls = 0.0000
Validation loss decreased (9955.180762 --> 9863.365039).  Saving model ...
epoch 18: loss = 10077.3075, Diff_loss = 10077.7170, preserve_loss = 0.0019, adv_loss = -0.7984, discri_loss = 0.6545, sp_cls = 0.0000
Validation loss decreased (9863.365039 --> 9779.913379).  Saving model ...
epoch 19: loss = 9968.2995, Diff_loss = 9968.7278, preserve_loss = 0.0018, adv_loss = -0.7762, discri_loss = 0.6359, sp_cls = 0.0000
Validation loss decreased (9779.913379 --> 9713.444043).  Saving model ...
epoch 20: loss = 9893.4864, Diff_loss = 9893.8706, preserve_loss = 0.0019, adv_loss = -0.7657, discri_loss = 0.6394, sp_cls = 0.0000
Validation loss decreased (9713.444043 --> 9644.867334).  Saving model ...
epoch 21: loss = 9860.7373, Diff_loss = 9861.1070, preserve_loss = 0.0019, adv_loss = -0.7522, discri_loss = 0.6412, sp_cls = 0.0000
Validation loss decreased (9644.867334 --> 9610.806787).  Saving model ...
epoch 22: loss = 9788.9439, Diff_loss = 9789.3612, preserve_loss = 0.0017, adv_loss = -0.7411, discri_loss = 0.6336, sp_cls = 0.0000
Validation loss decreased (9610.806787 --> 9568.262256).  Saving model ...
epoch 23: loss = 9673.6394, Diff_loss = 9674.0680, preserve_loss = 0.0016, adv_loss = -0.7314, discri_loss = 0.6223, sp_cls = 0.0000
Validation loss decreased (9568.262256 --> 9512.841602).  Saving model ...
epoch 24: loss = 9643.7225, Diff_loss = 9644.1836, preserve_loss = 0.0015, adv_loss = -0.7277, discri_loss = 0.6346, sp_cls = 0.0000
Validation loss decreased (9512.841602 --> 9456.734229).  Saving model ...
epoch 25: loss = 9630.5222, Diff_loss = 9630.9983, preserve_loss = 0.0014, adv_loss = -0.7213, discri_loss = 0.6337, sp_cls = 0.0000
EarlyStopping counter: 1 / 20
epoch 26: loss = 9630.1917, Diff_loss = 9630.6568, preserve_loss = 0.0014, adv_loss = -0.7139, discri_loss = 0.6252, sp_cls = 0.0000
Validation loss decreased (9456.734229 --> 9417.320459).  Saving model ...
epoch 27: loss = 9541.2989, Diff_loss = 9541.7685, preserve_loss = 0.0014, adv_loss = -0.7086, discri_loss = 0.6208, sp_cls = 0.0000
Validation loss decreased (9417.320459 --> 9390.205225).  Saving model ...
epoch 28: loss = 9533.5313, Diff_loss = 9533.9908, preserve_loss = 0.0014, adv_loss = -0.7061, discri_loss = 0.6240, sp_cls = 0.0000
Validation loss decreased (9390.205225 --> 9358.228516).  Saving model ...
epoch 29: loss = 9480.2155, Diff_loss = 9480.6491, preserve_loss = 0.0014, adv_loss = -0.7008, discri_loss = 0.6251, sp_cls = 0.0002
Validation loss decreased (9358.228516 --> 9330.810352).  Saving model ...
epoch 30: loss = 9458.1886, Diff_loss = 9458.6451, preserve_loss = 0.0014, adv_loss = -0.7026, discri_loss = 0.6295, sp_cls = 0.0000
Validation loss decreased (9330.810352 --> 9311.598730).  Saving model ...
epoch 31: loss = 9417.1689, Diff_loss = 9417.6278, preserve_loss = 0.0014, adv_loss = -0.7015, discri_loss = 0.6275, sp_cls = 0.0000
Validation loss decreased (9311.598730 --> 9311.068164).  Saving model ...
epoch 32: loss = 9381.1395, Diff_loss = 9381.5812, preserve_loss = 0.0014, adv_loss = -0.6955, discri_loss = 0.6168, sp_cls = 0.0000
Validation loss decreased (9311.068164 --> 9279.332178).  Saving model ...
epoch 33: loss = 9455.1633, Diff_loss = 9455.5922, preserve_loss = 0.0014, adv_loss = -0.6936, discri_loss = 0.6201, sp_cls = 0.0000
Validation loss decreased (9279.332178 --> 9260.708936).  Saving model ...
epoch 34: loss = 9339.8769, Diff_loss = 9340.2586, preserve_loss = 0.0016, adv_loss = -0.6929, discri_loss = 0.6257, sp_cls = 0.0000
EarlyStopping counter: 1 / 20
epoch 35: loss = 9319.6514, Diff_loss = 9320.0099, preserve_loss = 0.0016, adv_loss = -0.6870, discri_loss = 0.6063, sp_cls = 0.0000
EarlyStopping counter: 2 / 20
epoch 36: loss = 9234.6707, Diff_loss = 9235.0204, preserve_loss = 0.0017, adv_loss = -0.6894, discri_loss = 0.6214, sp_cls = 0.0000
Validation loss decreased (9260.708936 --> 9222.613184).  Saving model ...
epoch 37: loss = 9303.7041, Diff_loss = 9304.0096, preserve_loss = 0.0018, adv_loss = -0.6886, discri_loss = 0.6184, sp_cls = 0.0000
EarlyStopping counter: 1 / 20
epoch 38: loss = 9273.4764, Diff_loss = 9273.8108, preserve_loss = 0.0017, adv_loss = -0.6912, discri_loss = 0.6222, sp_cls = 0.0000
Validation loss decreased (9222.613184 --> 9212.291992).  Saving model ...
epoch 39: loss = 9310.4715, Diff_loss = 9310.7899, preserve_loss = 0.0018, adv_loss = -0.6907, discri_loss = 0.6134, sp_cls = 0.0000
Validation loss decreased (9212.291992 --> 9199.476562).  Saving model ...
epoch 40: loss = 9242.0281, Diff_loss = 9242.2843, preserve_loss = 0.0020, adv_loss = -0.6900, discri_loss = 0.6206, sp_cls = 0.0000
inference: loss = 8960.2164, Diff_loss = 8960.6688, preserve_loss = 0.0011, adv_loss = -0.6321
All results recorded in adata.
EarlyStopping counter: 1 / 20
epoch 41: loss = 9220.1792, Diff_loss = 9220.4469, preserve_loss = 0.0019, adv_loss = -0.6895, discri_loss = 0.6201, sp_cls = 0.0000
Validation loss decreased (9199.476562 --> 9179.947754).  Saving model ...
epoch 42: loss = 9268.8821, Diff_loss = 9269.1262, preserve_loss = 0.0020, adv_loss = -0.6907, discri_loss = 0.6144, sp_cls = 0.0000
EarlyStopping counter: 1 / 20
epoch 43: loss = 9254.0122, Diff_loss = 9254.2175, preserve_loss = 0.0021, adv_loss = -0.6868, discri_loss = 0.6135, sp_cls = 0.0000
Validation loss decreased (9179.947754 --> 9178.999854).  Saving model ...
epoch 44: loss = 9111.1878, Diff_loss = 9111.3947, preserve_loss = 0.0021, adv_loss = -0.6907, discri_loss = 0.6302, sp_cls = 0.0000
EarlyStopping counter: 1 / 20
epoch 45: loss = 9128.0359, Diff_loss = 9128.2209, preserve_loss = 0.0022, adv_loss = -0.6934, discri_loss = 0.6249, sp_cls = 0.0000
Validation loss decreased (9178.999854 --> 9154.850146).  Saving model ...
epoch 46: loss = 9182.6177, Diff_loss = 9182.7672, preserve_loss = 0.0023, adv_loss = -0.6927, discri_loss = 0.6224, sp_cls = 0.0000
Validation loss decreased (9154.850146 --> 9143.567822).  Saving model ...
epoch 47: loss = 9211.0647, Diff_loss = 9211.2332, preserve_loss = 0.0023, adv_loss = -0.6909, discri_loss = 0.6114, sp_cls = 0.0000
EarlyStopping counter: 1 / 20
epoch 48: loss = 9192.4753, Diff_loss = 9192.6339, preserve_loss = 0.0023, adv_loss = -0.6878, discri_loss = 0.6122, sp_cls = 0.0000
EarlyStopping counter: 2 / 20
epoch 49: loss = 9164.1323, Diff_loss = 9164.2409, preserve_loss = 0.0024, adv_loss = -0.6826, discri_loss = 0.6102, sp_cls = 0.0000
Validation loss decreased (9143.567822 --> 9136.483887).  Saving model ...
epoch 50: loss = 9143.5657, Diff_loss = 9143.6900, preserve_loss = 0.0024, adv_loss = -0.6877, discri_loss = 0.6199, sp_cls = 0.0000
inference: loss = 8844.1249, Diff_loss = 8844.3986, preserve_loss = 0.0017, adv_loss = -0.6241
All results recorded in adata.
Validation loss decreased (9136.483887 --> 9120.137061).  Saving model ...
epoch 51: loss = 9133.4439, Diff_loss = 9133.5758, preserve_loss = 0.0024, adv_loss = -0.6875, discri_loss = 0.6170, sp_cls = 0.0000
Validation loss decreased (9120.137061 --> 9119.777393).  Saving model ...
epoch 52: loss = 9116.0179, Diff_loss = 9116.1450, preserve_loss = 0.0024, adv_loss = -0.6843, discri_loss = 0.6107, sp_cls = 0.0000
Validation loss decreased (9119.777393 --> 9098.619775).  Saving model ...
epoch 53: loss = 9037.3681, Diff_loss = 9037.4883, preserve_loss = 0.0024, adv_loss = -0.6854, discri_loss = 0.6061, sp_cls = 0.0000
EarlyStopping counter: 1 / 20
epoch 54: loss = 9054.0709, Diff_loss = 9054.2218, preserve_loss = 0.0023, adv_loss = -0.6824, discri_loss = 0.6081, sp_cls = 0.0000
EarlyStopping counter: 2 / 20
epoch 55: loss = 9086.3867, Diff_loss = 9086.4975, preserve_loss = 0.0024, adv_loss = -0.6834, discri_loss = 0.6050, sp_cls = 0.0000
EarlyStopping counter: 3 / 20
epoch 56: loss = 9056.3008, Diff_loss = 9056.4231, preserve_loss = 0.0024, adv_loss = -0.6781, discri_loss = 0.5983, sp_cls = 0.0000
EarlyStopping counter: 4 / 20
epoch 57: loss = 9104.5535, Diff_loss = 9104.6335, preserve_loss = 0.0025, adv_loss = -0.6755, discri_loss = 0.5960, sp_cls = 0.0000
EarlyStopping counter: 5 / 20
epoch 58: loss = 9125.0061, Diff_loss = 9125.0583, preserve_loss = 0.0026, adv_loss = -0.6716, discri_loss = 0.5966, sp_cls = 0.0000
Validation loss decreased (9098.619775 --> 9090.426807).  Saving model ...
epoch 59: loss = 9016.8476, Diff_loss = 9016.9550, preserve_loss = 0.0024, adv_loss = -0.6729, discri_loss = 0.5988, sp_cls = 0.0000
EarlyStopping counter: 1 / 20
epoch 60: loss = 9020.4390, Diff_loss = 9020.5338, preserve_loss = 0.0024, adv_loss = -0.6713, discri_loss = 0.5931, sp_cls = 0.0000
inference: loss = 8795.6792, Diff_loss = 8795.9661, preserve_loss = 0.0015, adv_loss = -0.5922
All results recorded in adata.
Validation loss decreased (9090.426807 --> 9084.839111).  Saving model ...
epoch 61: loss = 9123.0313, Diff_loss = 9123.1139, preserve_loss = 0.0025, adv_loss = -0.6687, discri_loss = 0.5869, sp_cls = 0.0000
EarlyStopping counter: 1 / 20
epoch 62: loss = 9080.1357, Diff_loss = 9080.2311, preserve_loss = 0.0024, adv_loss = -0.6668, discri_loss = 0.5860, sp_cls = 0.0000
EarlyStopping counter: 2 / 20
epoch 63: loss = 9070.5638, Diff_loss = 9070.6304, preserve_loss = 0.0025, adv_loss = -0.6616, discri_loss = 0.5835, sp_cls = 0.0000
EarlyStopping counter: 3 / 20
epoch 64: loss = 9147.0462, Diff_loss = 9147.1335, preserve_loss = 0.0024, adv_loss = -0.6613, discri_loss = 0.5833, sp_cls = 0.0000
Validation loss decreased (9084.839111 --> 9078.384131).  Saving model ...
epoch 65: loss = 9101.8939, Diff_loss = 9101.9852, preserve_loss = 0.0024, adv_loss = -0.6595, discri_loss = 0.5820, sp_cls = 0.0000
EarlyStopping counter: 1 / 20
epoch 66: loss = 9087.3624, Diff_loss = 9087.4386, preserve_loss = 0.0024, adv_loss = -0.6583, discri_loss = 0.5790, sp_cls = 0.0000
EarlyStopping counter: 2 / 20
epoch 67: loss = 9104.6403, Diff_loss = 9104.7172, preserve_loss = 0.0024, adv_loss = -0.6569, discri_loss = 0.5789, sp_cls = 0.0000
EarlyStopping counter: 3 / 20
epoch 68: loss = 8977.2200, Diff_loss = 8977.2954, preserve_loss = 0.0024, adv_loss = -0.6580, discri_loss = 0.5749, sp_cls = 0.0000
EarlyStopping counter: 4 / 20
epoch 69: loss = 9095.1939, Diff_loss = 9095.2691, preserve_loss = 0.0024, adv_loss = -0.6534, discri_loss = 0.5706, sp_cls = 0.0000
EarlyStopping counter: 5 / 20
epoch 70: loss = 9053.7037, Diff_loss = 9053.7857, preserve_loss = 0.0024, adv_loss = -0.6501, discri_loss = 0.5689, sp_cls = 0.0000
inference: loss = 8776.7085, Diff_loss = 8776.9909, preserve_loss = 0.0014, adv_loss = -0.5682
All results recorded in adata.
EarlyStopping counter: 6 / 20
epoch 71: loss = 9064.9399, Diff_loss = 9065.0065, preserve_loss = 0.0024, adv_loss = -0.6511, discri_loss = 0.5728, sp_cls = 0.0000
Validation loss decreased (9078.384131 --> 9076.500928).  Saving model ...
epoch 72: loss = 9055.9900, Diff_loss = 9056.0556, preserve_loss = 0.0024, adv_loss = -0.6483, discri_loss = 0.5667, sp_cls = 0.0000
EarlyStopping counter: 1 / 20
epoch 73: loss = 9044.3595, Diff_loss = 9044.4453, preserve_loss = 0.0024, adv_loss = -0.6474, discri_loss = 0.5633, sp_cls = 0.0000
EarlyStopping counter: 2 / 20
epoch 74: loss = 9086.9597, Diff_loss = 9087.0085, preserve_loss = 0.0025, adv_loss = -0.6439, discri_loss = 0.5664, sp_cls = 0.0000
EarlyStopping counter: 3 / 20
epoch 75: loss = 9098.2852, Diff_loss = 9098.3311, preserve_loss = 0.0025, adv_loss = -0.6429, discri_loss = 0.5625, sp_cls = 0.0000
EarlyStopping counter: 4 / 20
epoch 76: loss = 9033.4993, Diff_loss = 9033.5712, preserve_loss = 0.0024, adv_loss = -0.6416, discri_loss = 0.5632, sp_cls = 0.0000
EarlyStopping counter: 5 / 20
epoch 77: loss = 9062.4838, Diff_loss = 9062.5577, preserve_loss = 0.0024, adv_loss = -0.6408, discri_loss = 0.5631, sp_cls = 0.0000
EarlyStopping counter: 6 / 20
epoch 78: loss = 9063.9356, Diff_loss = 9064.0018, preserve_loss = 0.0024, adv_loss = -0.6397, discri_loss = 0.5567, sp_cls = 0.0000
EarlyStopping counter: 7 / 20
epoch 79: loss = 9001.6112, Diff_loss = 9001.6714, preserve_loss = 0.0024, adv_loss = -0.6370, discri_loss = 0.5520, sp_cls = 0.0000
EarlyStopping counter: 8 / 20
epoch 80: loss = 9160.5587, Diff_loss = 9160.6080, preserve_loss = 0.0024, adv_loss = -0.6329, discri_loss = 0.5566, sp_cls = 0.0000
inference: loss = 8784.5614, Diff_loss = 8784.8083, preserve_loss = 0.0014, adv_loss = -0.5466
All results recorded in adata.
EarlyStopping counter: 9 / 20
epoch 81: loss = 9058.4036, Diff_loss = 9058.4618, preserve_loss = 0.0024, adv_loss = -0.6366, discri_loss = 0.5557, sp_cls = 0.0000
EarlyStopping counter: 10 / 20
epoch 82: loss = 9109.3642, Diff_loss = 9109.3987, preserve_loss = 0.0025, adv_loss = -0.6317, discri_loss = 0.5502, sp_cls = 0.0000
EarlyStopping counter: 11 / 20
epoch 83: loss = 9052.4432, Diff_loss = 9052.4783, preserve_loss = 0.0025, adv_loss = -0.6314, discri_loss = 0.5603, sp_cls = 0.0000
EarlyStopping counter: 12 / 20
epoch 84: loss = 9013.6830, Diff_loss = 9013.7558, preserve_loss = 0.0023, adv_loss = -0.6333, discri_loss = 0.5597, sp_cls = 0.0000
EarlyStopping counter: 13 / 20
epoch 85: loss = 9113.9723, Diff_loss = 9114.0533, preserve_loss = 0.0023, adv_loss = -0.6325, discri_loss = 0.5546, sp_cls = 0.0000
EarlyStopping counter: 14 / 20
epoch 86: loss = 9163.9364, Diff_loss = 9163.9705, preserve_loss = 0.0025, adv_loss = -0.6305, discri_loss = 0.5532, sp_cls = 0.0000
EarlyStopping counter: 15 / 20
epoch 87: loss = 9053.2101, Diff_loss = 9053.2675, preserve_loss = 0.0024, adv_loss = -0.6283, discri_loss = 0.5464, sp_cls = 0.0000
EarlyStopping counter: 16 / 20
epoch 88: loss = 9080.2196, Diff_loss = 9080.2599, preserve_loss = 0.0024, adv_loss = -0.6260, discri_loss = 0.5477, sp_cls = 0.0000
EarlyStopping counter: 17 / 20
epoch 89: loss = 9052.6914, Diff_loss = 9052.7166, preserve_loss = 0.0025, adv_loss = -0.6235, discri_loss = 0.5498, sp_cls = 0.0000
EarlyStopping counter: 18 / 20
epoch 90: loss = 9016.7182, Diff_loss = 9016.7416, preserve_loss = 0.0025, adv_loss = -0.6264, discri_loss = 0.5538, sp_cls = 0.0000
inference: loss = 8801.4610, Diff_loss = 8801.7057, preserve_loss = 0.0013, adv_loss = -0.5217
All results recorded in adata.
EarlyStopping counter: 19 / 20
epoch 91: loss = 9158.4997, Diff_loss = 9158.5108, preserve_loss = 0.0025, adv_loss = -0.6239, discri_loss = 0.5483, sp_cls = 0.0000
EarlyStopping counter: 20 / 20
Early stopping at epoch 91
Training finished!
inference: loss = 8775.7936, Diff_loss = 8776.0349, preserve_loss = 0.0015, adv_loss = -0.5698
All results recorded in adata.
>>> Trial 16 score=0.5354
    [Bio] NMI=0.5250, ARI=0.4243, label_ASW=0.5310, cLISI=0.9516, iso_ASW=0.5260, iso_F1=0.5887
    [Batch] sil=0.9728, iLISI=0.2795, kBET=0.0624, PCR=0.0000
    [Modality] sil=0.9984, iLISI=0.3019, kBET=0.1653, PCR=0.7405, graph_conn=0.9726
[I 2026-02-11 14:44:01,225] Trial 16 finished with value: 0.535406997517382 and parameters: {'gamma': 305.7565127361263, 'lambda_adv': 1.2471063436818433, 'lr': 0.0004943412439961572, 'dropout_rate': 0.2137604051425933, 'latent_dim': 64, 'lambda_sp_cls': 4.467238415121055, 'batch_size': 256}. Best is trial 15 with value: 0.5537243471958723.

============================================================
Trial 17: gamma=339.320, lambda_adv=1.331, lambda_sp_cls=0.119, lr=0.00041, dropout=0.19, latent_dim=64, denoise_hidden=512, batch_size=256
============================================================
using cuda
Training start!
epoch 1: loss = 24328.8337, Diff_loss = 15397.3670, preserve_loss = 26.3216, adv_loss = 0.0000, discri_loss = 0.0000, sp_cls = 0.2817
epoch 2: loss = 12767.5069, Diff_loss = 12736.3791, preserve_loss = 0.0917, adv_loss = 0.0000, discri_loss = 0.0000, sp_cls = 0.0092
epoch 3: loss = 12422.7088, Diff_loss = 12409.8448, preserve_loss = 0.0379, adv_loss = 0.0000, discri_loss = 0.0000, sp_cls = 0.0038
epoch 4: loss = 12346.5632, Diff_loss = 12339.1927, preserve_loss = 0.0217, adv_loss = 0.0000, discri_loss = 0.0000, sp_cls = 0.0017
epoch 5: loss = 12074.9541, Diff_loss = 12070.3545, preserve_loss = 0.0136, adv_loss = 0.0000, discri_loss = 0.0000, sp_cls = 0.0013
epoch 6: loss = 11848.7636, Diff_loss = 11845.5625, preserve_loss = 0.0094, adv_loss = 0.0000, discri_loss = 0.0000, sp_cls = 0.0010
epoch 7: loss = 11796.5521, Diff_loss = 11794.2492, preserve_loss = 0.0068, adv_loss = 0.0000, discri_loss = 0.0000, sp_cls = 0.0007
epoch 8: loss = 11691.4347, Diff_loss = 11689.7137, preserve_loss = 0.0051, adv_loss = 0.0000, discri_loss = 0.0000, sp_cls = 0.0005
epoch 9: loss = 11795.2042, Diff_loss = 11793.8854, preserve_loss = 0.0039, adv_loss = 0.0000, discri_loss = 0.0000, sp_cls = 0.0004
epoch 10: loss = 11438.7824, Diff_loss = 11437.7278, preserve_loss = 0.0031, adv_loss = 0.0000, discri_loss = 0.0000, sp_cls = 0.0003
epoch 11: loss = 11265.2663, Diff_loss = 11265.9241, preserve_loss = 0.0023, adv_loss = -1.0788, discri_loss = 1.0753, sp_cls = 0.0001
Validation loss decreased (inf --> 10862.085596).  Saving model ...
epoch 12: loss = 11068.0874, Diff_loss = 11068.9701, preserve_loss = 0.0015, adv_loss = -1.0527, discri_loss = 0.9203, sp_cls = 0.0000
Validation loss decreased (10862.085596 --> 10628.141699).  Saving model ...
epoch 13: loss = 10801.1768, Diff_loss = 10802.1195, preserve_loss = 0.0012, adv_loss = -1.0119, discri_loss = 0.8277, sp_cls = 0.0000
Validation loss decreased (10628.141699 --> 10417.370801).  Saving model ...
epoch 14: loss = 10631.8317, Diff_loss = 10632.7710, preserve_loss = 0.0010, adv_loss = -0.9673, discri_loss = 0.7688, sp_cls = 0.0000
Validation loss decreased (10417.370801 --> 10222.818164).  Saving model ...
epoch 15: loss = 10504.4860, Diff_loss = 10505.5032, preserve_loss = 0.0006, adv_loss = -0.9189, discri_loss = 0.7080, sp_cls = 0.0000
Validation loss decreased (10222.818164 --> 10077.630420).  Saving model ...
epoch 16: loss = 10228.3283, Diff_loss = 10229.2967, preserve_loss = 0.0006, adv_loss = -0.8750, discri_loss = 0.6819, sp_cls = 0.0000
Validation loss decreased (10077.630420 --> 9959.041797).  Saving model ...
epoch 17: loss = 10105.4733, Diff_loss = 10106.3420, preserve_loss = 0.0007, adv_loss = -0.8338, discri_loss = 0.6531, sp_cls = 0.0000
Validation loss decreased (9959.041797 --> 9836.653906).  Saving model ...
epoch 18: loss = 9899.4504, Diff_loss = 9900.3173, preserve_loss = 0.0006, adv_loss = -0.8066, discri_loss = 0.6464, sp_cls = 0.0000
Validation loss decreased (9836.653906 --> 9736.578857).  Saving model ...
epoch 19: loss = 9900.3876, Diff_loss = 9901.2114, preserve_loss = 0.0006, adv_loss = -0.7751, discri_loss = 0.6183, sp_cls = 0.0000
Validation loss decreased (9736.578857 --> 9695.542285).  Saving model ...
epoch 20: loss = 9801.5538, Diff_loss = 9802.3016, preserve_loss = 0.0008, adv_loss = -0.7588, discri_loss = 0.6235, sp_cls = 0.0000
Validation loss decreased (9695.542285 --> 9615.253320).  Saving model ...
epoch 21: loss = 9792.3830, Diff_loss = 9793.0427, preserve_loss = 0.0010, adv_loss = -0.7421, discri_loss = 0.6158, sp_cls = 0.0000
Validation loss decreased (9615.253320 --> 9551.466797).  Saving model ...
epoch 22: loss = 9710.5905, Diff_loss = 9711.1778, preserve_loss = 0.0011, adv_loss = -0.7295, discri_loss = 0.6162, sp_cls = 0.0000
Validation loss decreased (9551.466797 --> 9507.368018).  Saving model ...
epoch 23: loss = 9693.2538, Diff_loss = 9693.8332, preserve_loss = 0.0011, adv_loss = -0.7199, discri_loss = 0.6076, sp_cls = 0.0000
Validation loss decreased (9507.368018 --> 9458.397559).  Saving model ...
epoch 24: loss = 9537.9161, Diff_loss = 9538.4502, preserve_loss = 0.0012, adv_loss = -0.7151, discri_loss = 0.6134, sp_cls = 0.0000
Validation loss decreased (9458.397559 --> 9452.051611).  Saving model ...
epoch 25: loss = 9606.6126, Diff_loss = 9607.1274, preserve_loss = 0.0013, adv_loss = -0.7087, discri_loss = 0.6091, sp_cls = 0.0000
Validation loss decreased (9452.051611 --> 9374.137256).  Saving model ...
epoch 26: loss = 9441.2265, Diff_loss = 9441.7109, preserve_loss = 0.0013, adv_loss = -0.7045, discri_loss = 0.6092, sp_cls = 0.0000
Validation loss decreased (9374.137256 --> 9372.985693).  Saving model ...
epoch 27: loss = 9344.4798, Diff_loss = 9344.9557, preserve_loss = 0.0013, adv_loss = -0.7001, discri_loss = 0.6104, sp_cls = 0.0000
Validation loss decreased (9372.985693 --> 9353.193701).  Saving model ...
epoch 28: loss = 9431.2141, Diff_loss = 9431.7074, preserve_loss = 0.0013, adv_loss = -0.6961, discri_loss = 0.6064, sp_cls = 0.0000
Validation loss decreased (9353.193701 --> 9327.083350).  Saving model ...
epoch 29: loss = 9443.4633, Diff_loss = 9443.9100, preserve_loss = 0.0014, adv_loss = -0.6950, discri_loss = 0.6119, sp_cls = 0.0000
Validation loss decreased (9327.083350 --> 9283.204785).  Saving model ...
epoch 30: loss = 9430.0439, Diff_loss = 9430.4878, preserve_loss = 0.0014, adv_loss = -0.6874, discri_loss = 0.5947, sp_cls = 0.0000
Validation loss decreased (9283.204785 --> 9273.811816).  Saving model ...
epoch 31: loss = 9374.9156, Diff_loss = 9375.3110, preserve_loss = 0.0015, adv_loss = -0.6894, discri_loss = 0.6090, sp_cls = 0.0000
Validation loss decreased (9273.811816 --> 9249.631641).  Saving model ...
epoch 32: loss = 9381.5303, Diff_loss = 9381.9700, preserve_loss = 0.0014, adv_loss = -0.6850, discri_loss = 0.6049, sp_cls = 0.0000
EarlyStopping counter: 1 / 20
epoch 33: loss = 9346.1715, Diff_loss = 9346.6166, preserve_loss = 0.0014, adv_loss = -0.6839, discri_loss = 0.5986, sp_cls = 0.0000
EarlyStopping counter: 2 / 20
epoch 34: loss = 9322.7374, Diff_loss = 9323.1547, preserve_loss = 0.0014, adv_loss = -0.6794, discri_loss = 0.5987, sp_cls = 0.0000
Validation loss decreased (9249.631641 --> 9238.857080).  Saving model ...
epoch 35: loss = 9252.8585, Diff_loss = 9253.2841, preserve_loss = 0.0014, adv_loss = -0.6785, discri_loss = 0.6009, sp_cls = 0.0000
Validation loss decreased (9238.857080 --> 9226.248926).  Saving model ...
epoch 36: loss = 9220.5690, Diff_loss = 9221.0097, preserve_loss = 0.0014, adv_loss = -0.6829, discri_loss = 0.6019, sp_cls = 0.0000
Validation loss decreased (9226.248926 --> 9214.652783).  Saving model ...
epoch 37: loss = 9322.4040, Diff_loss = 9322.8078, preserve_loss = 0.0015, adv_loss = -0.6845, discri_loss = 0.6143, sp_cls = 0.0000
Validation loss decreased (9214.652783 --> 9180.748535).  Saving model ...
epoch 38: loss = 9189.0236, Diff_loss = 9189.4340, preserve_loss = 0.0015, adv_loss = -0.6835, discri_loss = 0.6045, sp_cls = 0.0000
Validation loss decreased (9180.748535 --> 9175.165869).  Saving model ...
epoch 39: loss = 9267.6873, Diff_loss = 9268.1143, preserve_loss = 0.0014, adv_loss = -0.6846, discri_loss = 0.6012, sp_cls = 0.0000
EarlyStopping counter: 1 / 20
epoch 40: loss = 9199.6134, Diff_loss = 9200.0205, preserve_loss = 0.0015, adv_loss = -0.6775, discri_loss = 0.5992, sp_cls = 0.0000
inference: loss = 8901.3642, Diff_loss = 8901.8629, preserve_loss = 0.0010, adv_loss = -0.6212
All results recorded in adata.
Validation loss decreased (9175.165869 --> 9172.944971).  Saving model ...
epoch 41: loss = 9137.2876, Diff_loss = 9137.6748, preserve_loss = 0.0015, adv_loss = -0.6803, discri_loss = 0.6042, sp_cls = 0.0000
Validation loss decreased (9172.944971 --> 9155.864307).  Saving model ...
epoch 42: loss = 9203.6956, Diff_loss = 9204.0882, preserve_loss = 0.0015, adv_loss = -0.6818, discri_loss = 0.6001, sp_cls = 0.0000
Validation loss decreased (9155.864307 --> 9141.372363).  Saving model ...
epoch 43: loss = 9122.8630, Diff_loss = 9123.2355, preserve_loss = 0.0016, adv_loss = -0.6821, discri_loss = 0.6057, sp_cls = 0.0000
EarlyStopping counter: 1 / 20
epoch 44: loss = 9187.4850, Diff_loss = 9187.8512, preserve_loss = 0.0016, adv_loss = -0.6795, discri_loss = 0.6024, sp_cls = 0.0000
EarlyStopping counter: 2 / 20
epoch 45: loss = 9063.7587, Diff_loss = 9064.1211, preserve_loss = 0.0016, adv_loss = -0.6829, discri_loss = 0.6040, sp_cls = 0.0000
EarlyStopping counter: 3 / 20
epoch 46: loss = 9192.8401, Diff_loss = 9193.1885, preserve_loss = 0.0016, adv_loss = -0.6803, discri_loss = 0.5978, sp_cls = 0.0000
EarlyStopping counter: 4 / 20
epoch 47: loss = 9084.7463, Diff_loss = 9085.0923, preserve_loss = 0.0017, adv_loss = -0.6824, discri_loss = 0.6000, sp_cls = 0.0000
Validation loss decreased (9141.372363 --> 9124.273926).  Saving model ...
epoch 48: loss = 9190.9792, Diff_loss = 9191.3431, preserve_loss = 0.0016, adv_loss = -0.6792, discri_loss = 0.5953, sp_cls = 0.0000
EarlyStopping counter: 1 / 20
epoch 49: loss = 9192.3082, Diff_loss = 9192.6279, preserve_loss = 0.0017, adv_loss = -0.6771, discri_loss = 0.5964, sp_cls = 0.0000
Validation loss decreased (9124.273926 --> 9101.125928).  Saving model ...
epoch 50: loss = 9081.3696, Diff_loss = 9081.6774, preserve_loss = 0.0018, adv_loss = -0.6790, discri_loss = 0.6010, sp_cls = 0.0000
inference: loss = 8781.2076, Diff_loss = 8781.6815, preserve_loss = 0.0010, adv_loss = -0.6092
All results recorded in adata.
[I 2026-02-11 14:58:08,156] Trial 17 pruned. 

============================================================
Trial 18: gamma=219.177, lambda_adv=0.367, lambda_sp_cls=9.839, lr=0.00059, dropout=0.23, latent_dim=64, denoise_hidden=512, batch_size=128
============================================================
using cuda
Training start!
epoch 1: loss = 15331.1080, Diff_loss = 13983.7455, preserve_loss = 6.1440, adv_loss = 0.0000, discri_loss = 0.0000, sp_cls = 0.0743
epoch 2: loss = 12540.8627, Diff_loss = 12535.0511, preserve_loss = 0.0265, adv_loss = 0.0000, discri_loss = 0.0000, sp_cls = 0.0007
epoch 3: loss = 12029.8189, Diff_loss = 12027.3031, preserve_loss = 0.0115, adv_loss = 0.0000, discri_loss = 0.0000, sp_cls = 0.0002
epoch 4: loss = 11693.0182, Diff_loss = 11691.4994, preserve_loss = 0.0069, adv_loss = 0.0000, discri_loss = 0.0000, sp_cls = 0.0001
epoch 5: loss = 11498.8219, Diff_loss = 11497.4358, preserve_loss = 0.0063, adv_loss = 0.0000, discri_loss = 0.0000, sp_cls = 0.0001
epoch 6: loss = 11163.0485, Diff_loss = 11160.7869, preserve_loss = 0.0103, adv_loss = 0.0000, discri_loss = 0.0000, sp_cls = 0.0002
epoch 7: loss = 10896.8709, Diff_loss = 10895.3216, preserve_loss = 0.0071, adv_loss = 0.0000, discri_loss = 0.0000, sp_cls = 0.0000
epoch 8: loss = 10875.8302, Diff_loss = 10874.2767, preserve_loss = 0.0071, adv_loss = 0.0000, discri_loss = 0.0000, sp_cls = 0.0001
epoch 9: loss = 10765.8887, Diff_loss = 10764.3280, preserve_loss = 0.0071, adv_loss = 0.0000, discri_loss = 0.0000, sp_cls = 0.0001
epoch 10: loss = 10652.9581, Diff_loss = 10651.4203, preserve_loss = 0.0070, adv_loss = 0.0000, discri_loss = 0.0000, sp_cls = 0.0001
epoch 11: loss = 10572.0697, Diff_loss = 10571.0643, preserve_loss = 0.0063, adv_loss = -1.0487, discri_loss = 0.9674, sp_cls = 0.0000
Validation loss decreased (inf --> 10161.297803).  Saving model ...
epoch 12: loss = 10310.1703, Diff_loss = 10309.3774, preserve_loss = 0.0052, adv_loss = -0.9320, discri_loss = 0.7415, sp_cls = 0.0000
Validation loss decreased (10161.297803 --> 10042.007471).  Saving model ...
epoch 13: loss = 10245.4374, Diff_loss = 10244.6043, preserve_loss = 0.0052, adv_loss = -0.8111, discri_loss = 0.6337, sp_cls = 0.0001
Validation loss decreased (10042.007471 --> 9950.315259).  Saving model ...
epoch 14: loss = 10153.8188, Diff_loss = 10153.0575, preserve_loss = 0.0047, adv_loss = -0.7260, discri_loss = 0.5806, sp_cls = 0.0000
Validation loss decreased (9950.315259 --> 9866.758032).  Saving model ...
epoch 15: loss = 10069.2299, Diff_loss = 10068.3812, preserve_loss = 0.0050, adv_loss = -0.6648, discri_loss = 0.5432, sp_cls = 0.0000
Validation loss decreased (9866.758032 --> 9815.302600).  Saving model ...
epoch 16: loss = 9903.9648, Diff_loss = 9902.9792, preserve_loss = 0.0055, adv_loss = -0.6244, discri_loss = 0.5356, sp_cls = 0.0000
Validation loss decreased (9815.302600 --> 9750.084314).  Saving model ...
epoch 17: loss = 9994.0816, Diff_loss = 9993.0715, preserve_loss = 0.0056, adv_loss = -0.6117, discri_loss = 0.5301, sp_cls = 0.0001
Validation loss decreased (9750.084314 --> 9744.472290).  Saving model ...
epoch 18: loss = 9812.1821, Diff_loss = 9811.2726, preserve_loss = 0.0051, adv_loss = -0.5917, discri_loss = 0.5344, sp_cls = 0.0000
Validation loss decreased (9744.472290 --> 9705.904041).  Saving model ...
epoch 19: loss = 9927.7852, Diff_loss = 9926.9663, preserve_loss = 0.0047, adv_loss = -0.5891, discri_loss = 0.5253, sp_cls = 0.0000
Validation loss decreased (9705.904041 --> 9654.508875).  Saving model ...
epoch 20: loss = 9790.6274, Diff_loss = 9790.0162, preserve_loss = 0.0038, adv_loss = -0.5805, discri_loss = 0.5205, sp_cls = 0.0000
Validation loss decreased (9654.508875 --> 9631.410022).  Saving model ...
epoch 21: loss = 9679.5992, Diff_loss = 9679.1150, preserve_loss = 0.0032, adv_loss = -0.5835, discri_loss = 0.5327, sp_cls = 0.0001
Validation loss decreased (9631.410022 --> 9583.790332).  Saving model ...
epoch 22: loss = 9648.8203, Diff_loss = 9648.4150, preserve_loss = 0.0028, adv_loss = -0.5965, discri_loss = 0.5482, sp_cls = 0.0000
Validation loss decreased (9583.790332 --> 9525.697241).  Saving model ...
epoch 23: loss = 9728.8754, Diff_loss = 9728.5208, preserve_loss = 0.0026, adv_loss = -0.6005, discri_loss = 0.5506, sp_cls = 0.0000
Validation loss decreased (9525.697241 --> 9511.057556).  Saving model ...
epoch 24: loss = 9643.9682, Diff_loss = 9643.5799, preserve_loss = 0.0028, adv_loss = -0.6053, discri_loss = 0.5589, sp_cls = 0.0000
Validation loss decreased (9511.057556 --> 9441.165491).  Saving model ...
epoch 25: loss = 9532.9904, Diff_loss = 9532.6441, preserve_loss = 0.0026, adv_loss = -0.6040, discri_loss = 0.5499, sp_cls = 0.0001
Validation loss decreased (9441.165491 --> 9412.185498).  Saving model ...
epoch 26: loss = 9537.8948, Diff_loss = 9537.5276, preserve_loss = 0.0027, adv_loss = -0.6076, discri_loss = 0.5627, sp_cls = 0.0000
Validation loss decreased (9412.185498 --> 9403.242664).  Saving model ...
epoch 27: loss = 9499.1184, Diff_loss = 9498.7808, preserve_loss = 0.0026, adv_loss = -0.6083, discri_loss = 0.5598, sp_cls = 0.0000
EarlyStopping counter: 1 / 20
epoch 28: loss = 9532.8777, Diff_loss = 9532.5248, preserve_loss = 0.0026, adv_loss = -0.6192, discri_loss = 0.5813, sp_cls = 0.0000
Validation loss decreased (9403.242664 --> 9361.230457).  Saving model ...
epoch 29: loss = 9384.3830, Diff_loss = 9384.0391, preserve_loss = 0.0026, adv_loss = -0.6251, discri_loss = 0.5806, sp_cls = 0.0000
Validation loss decreased (9361.230457 --> 9349.097595).  Saving model ...
epoch 30: loss = 9470.4196, Diff_loss = 9470.0828, preserve_loss = 0.0026, adv_loss = -0.6279, discri_loss = 0.5827, sp_cls = 0.0000
Validation loss decreased (9349.097595 --> 9307.090320).  Saving model ...
epoch 31: loss = 9362.0550, Diff_loss = 9361.7165, preserve_loss = 0.0026, adv_loss = -0.6399, discri_loss = 0.5971, sp_cls = 0.0000
EarlyStopping counter: 1 / 20
epoch 32: loss = 9385.0696, Diff_loss = 9384.7310, preserve_loss = 0.0026, adv_loss = -0.6373, discri_loss = 0.5814, sp_cls = 0.0000
Validation loss decreased (9307.090320 --> 9288.624377).  Saving model ...
epoch 33: loss = 9424.7662, Diff_loss = 9424.4228, preserve_loss = 0.0026, adv_loss = -0.6316, discri_loss = 0.5727, sp_cls = 0.0000
Validation loss decreased (9288.624377 --> 9284.095947).  Saving model ...
epoch 34: loss = 9401.2277, Diff_loss = 9400.8762, preserve_loss = 0.0027, adv_loss = -0.6324, discri_loss = 0.5832, sp_cls = 0.0000
Validation loss decreased (9284.095947 --> 9258.075183).  Saving model ...
epoch 35: loss = 9190.3999, Diff_loss = 9190.0353, preserve_loss = 0.0027, adv_loss = -0.6386, discri_loss = 0.5998, sp_cls = 0.0001
EarlyStopping counter: 1 / 20
epoch 36: loss = 9288.2079, Diff_loss = 9287.8765, preserve_loss = 0.0026, adv_loss = -0.6449, discri_loss = 0.5948, sp_cls = 0.0000
EarlyStopping counter: 2 / 20
epoch 37: loss = 9262.1386, Diff_loss = 9261.8035, preserve_loss = 0.0026, adv_loss = -0.6483, discri_loss = 0.6030, sp_cls = 0.0000
Validation loss decreased (9258.075183 --> 9254.103967).  Saving model ...
epoch 38: loss = 9324.6550, Diff_loss = 9324.3150, preserve_loss = 0.0026, adv_loss = -0.6484, discri_loss = 0.5969, sp_cls = 0.0000
EarlyStopping counter: 1 / 20
epoch 39: loss = 9250.4831, Diff_loss = 9250.1550, preserve_loss = 0.0026, adv_loss = -0.6525, discri_loss = 0.6003, sp_cls = 0.0000
Validation loss decreased (9254.103967 --> 9248.342871).  Saving model ...
epoch 40: loss = 9254.0497, Diff_loss = 9253.7047, preserve_loss = 0.0027, adv_loss = -0.6567, discri_loss = 0.5997, sp_cls = 0.0000
inference: loss = 8994.5948, Diff_loss = 8994.3897, preserve_loss = 0.0019, adv_loss = -0.5988
All results recorded in adata.
[I 2026-02-11 15:18:22,346] Trial 18 pruned. 

============================================================
Trial 19: gamma=38.326, lambda_adv=1.286, lambda_sp_cls=0.648, lr=0.00088, dropout=0.26, latent_dim=64, denoise_hidden=512, batch_size=256
============================================================
using cuda
Training start!
epoch 1: loss = 15261.0736, Diff_loss = 14561.2559, preserve_loss = 18.2573, adv_loss = 0.0000, discri_loss = 0.0000, sp_cls = 0.1331
epoch 2: loss = 12564.6911, Diff_loss = 12559.6046, preserve_loss = 0.1327, adv_loss = 0.0000, discri_loss = 0.0000, sp_cls = 0.0008
epoch 3: loss = 12103.2859, Diff_loss = 12101.0918, preserve_loss = 0.0572, adv_loss = 0.0000, discri_loss = 0.0000, sp_cls = 0.0002
epoch 4: loss = 11929.2724, Diff_loss = 11927.7091, preserve_loss = 0.0408, adv_loss = 0.0000, discri_loss = 0.0000, sp_cls = 0.0001
epoch 5: loss = 11555.8506, Diff_loss = 11554.3212, preserve_loss = 0.0399, adv_loss = 0.0000, discri_loss = 0.0000, sp_cls = 0.0001
epoch 6: loss = 11419.7492, Diff_loss = 11418.2430, preserve_loss = 0.0393, adv_loss = 0.0000, discri_loss = 0.0000, sp_cls = 0.0001
epoch 7: loss = 11319.3516, Diff_loss = 11316.3140, preserve_loss = 0.0792, adv_loss = 0.0000, discri_loss = 0.0000, sp_cls = 0.0007
epoch 8: loss = 11033.5084, Diff_loss = 11031.9998, preserve_loss = 0.0394, adv_loss = 0.0000, discri_loss = 0.0000, sp_cls = 0.0001
epoch 9: loss = 11016.3432, Diff_loss = 11014.9806, preserve_loss = 0.0356, adv_loss = 0.0000, discri_loss = 0.0000, sp_cls = 0.0002
epoch 10: loss = 10926.0480, Diff_loss = 10924.8410, preserve_loss = 0.0315, adv_loss = 0.0000, discri_loss = 0.0000, sp_cls = 0.0002
epoch 11: loss = 10671.0042, Diff_loss = 10671.2389, preserve_loss = 0.0290, adv_loss = -1.0458, discri_loss = 0.9837, sp_cls = 0.0001
Validation loss decreased (inf --> 10347.448242).  Saving model ...
epoch 12: loss = 10452.2311, Diff_loss = 10452.5314, preserve_loss = 0.0242, adv_loss = -0.9550, discri_loss = 0.8082, sp_cls = 0.0000
Validation loss decreased (10347.448242 --> 10194.178467).  Saving model ...
epoch 13: loss = 10282.1040, Diff_loss = 10282.3526, preserve_loss = 0.0221, adv_loss = -0.8507, discri_loss = 0.6893, sp_cls = 0.0000
Validation loss decreased (10194.178467 --> 10055.682520).  Saving model ...
epoch 14: loss = 10217.9201, Diff_loss = 10218.0970, preserve_loss = 0.0209, adv_loss = -0.7614, discri_loss = 0.6070, sp_cls = 0.0001
Validation loss decreased (10055.682520 --> 9972.393311).  Saving model ...
epoch 15: loss = 10176.9936, Diff_loss = 10177.1419, preserve_loss = 0.0202, adv_loss = -0.7179, discri_loss = 0.6003, sp_cls = 0.0000
Validation loss decreased (9972.393311 --> 9894.094385).  Saving model ...
epoch 16: loss = 10044.3622, Diff_loss = 10044.5449, preserve_loss = 0.0187, adv_loss = -0.6993, discri_loss = 0.6023, sp_cls = 0.0000
Validation loss decreased (9894.094385 --> 9831.010840).  Saving model ...
epoch 17: loss = 10009.2961, Diff_loss = 10009.4922, preserve_loss = 0.0175, adv_loss = -0.6742, discri_loss = 0.5831, sp_cls = 0.0000
Validation loss decreased (9831.010840 --> 9770.381396).  Saving model ...
epoch 18: loss = 10064.8942, Diff_loss = 10065.0302, preserve_loss = 0.0185, adv_loss = -0.6566, discri_loss = 0.5841, sp_cls = 0.0001
Validation loss decreased (9770.381396 --> 9749.104102).  Saving model ...
epoch 19: loss = 9965.1897, Diff_loss = 9965.4342, preserve_loss = 0.0158, adv_loss = -0.6595, discri_loss = 0.6183, sp_cls = 0.0000
Validation loss decreased (9749.104102 --> 9687.711816).  Saving model ...
epoch 20: loss = 9919.0430, Diff_loss = 9919.3067, preserve_loss = 0.0153, adv_loss = -0.6612, discri_loss = 0.6084, sp_cls = 0.0000
Validation loss decreased (9687.711816 --> 9665.631641).  Saving model ...
epoch 21: loss = 9908.1508, Diff_loss = 9908.3951, preserve_loss = 0.0156, adv_loss = -0.6555, discri_loss = 0.5906, sp_cls = 0.0000
Validation loss decreased (9665.631641 --> 9628.666650).  Saving model ...
epoch 22: loss = 9823.0701, Diff_loss = 9823.2266, preserve_loss = 0.0180, adv_loss = -0.6576, discri_loss = 0.6149, sp_cls = 0.0000
Validation loss decreased (9628.666650 --> 9619.350879).  Saving model ...
epoch 23: loss = 9767.4209, Diff_loss = 9767.5045, preserve_loss = 0.0203, adv_loss = -0.6689, discri_loss = 0.6165, sp_cls = 0.0000
Validation loss decreased (9619.350879 --> 9588.322070).  Saving model ...
epoch 24: loss = 9753.5757, Diff_loss = 9753.6111, preserve_loss = 0.0217, adv_loss = -0.6741, discri_loss = 0.6292, sp_cls = 0.0001
Validation loss decreased (9588.322070 --> 9535.271240).  Saving model ...
epoch 25: loss = 9772.5543, Diff_loss = 9772.5596, preserve_loss = 0.0226, adv_loss = -0.6789, discri_loss = 0.6259, sp_cls = 0.0001
Validation loss decreased (9535.271240 --> 9515.164648).  Saving model ...
epoch 26: loss = 9686.0004, Diff_loss = 9686.0717, preserve_loss = 0.0212, adv_loss = -0.6871, discri_loss = 0.6423, sp_cls = 0.0000
Validation loss decreased (9515.164648 --> 9505.002002).  Saving model ...
epoch 27: loss = 9631.7609, Diff_loss = 9631.8695, preserve_loss = 0.0202, adv_loss = -0.6853, discri_loss = 0.6349, sp_cls = 0.0000
Validation loss decreased (9505.002002 --> 9496.275732).  Saving model ...
epoch 28: loss = 9611.3395, Diff_loss = 9611.4730, preserve_loss = 0.0199, adv_loss = -0.6956, discri_loss = 0.6363, sp_cls = 0.0000
Validation loss decreased (9496.275732 --> 9475.172266).  Saving model ...
epoch 29: loss = 9590.5157, Diff_loss = 9590.6787, preserve_loss = 0.0190, adv_loss = -0.6935, discri_loss = 0.6280, sp_cls = 0.0000
Validation loss decreased (9475.172266 --> 9442.620410).  Saving model ...
epoch 30: loss = 9619.0935, Diff_loss = 9619.2553, preserve_loss = 0.0187, adv_loss = -0.6838, discri_loss = 0.6260, sp_cls = 0.0000
Validation loss decreased (9442.620410 --> 9415.491260).  Saving model ...
epoch 31: loss = 9552.0681, Diff_loss = 9552.2489, preserve_loss = 0.0187, adv_loss = -0.6992, discri_loss = 0.6472, sp_cls = 0.0001
Validation loss decreased (9415.491260 --> 9410.429395).  Saving model ...
epoch 32: loss = 9620.1221, Diff_loss = 9620.3035, preserve_loss = 0.0187, adv_loss = -0.6977, discri_loss = 0.6314, sp_cls = 0.0000
Validation loss decreased (9410.429395 --> 9405.664404).  Saving model ...
epoch 33: loss = 9497.1012, Diff_loss = 9497.3083, preserve_loss = 0.0177, adv_loss = -0.6898, discri_loss = 0.6250, sp_cls = 0.0000
Validation loss decreased (9405.664404 --> 9389.316553).  Saving model ...
epoch 34: loss = 9508.1780, Diff_loss = 9508.3775, preserve_loss = 0.0177, adv_loss = -0.6827, discri_loss = 0.6165, sp_cls = 0.0000
Validation loss decreased (9389.316553 --> 9353.596582).  Saving model ...
epoch 35: loss = 9408.6715, Diff_loss = 9408.8733, preserve_loss = 0.0175, adv_loss = -0.6796, discri_loss = 0.6178, sp_cls = 0.0001
EarlyStopping counter: 1 / 20
epoch 36: loss = 9529.3804, Diff_loss = 9529.5703, preserve_loss = 0.0179, adv_loss = -0.6817, discri_loss = 0.6302, sp_cls = 0.0002
Validation loss decreased (9353.596582 --> 9338.800635).  Saving model ...
epoch 37: loss = 9473.8693, Diff_loss = 9474.0601, preserve_loss = 0.0180, adv_loss = -0.6846, discri_loss = 0.6286, sp_cls = 0.0001
Validation loss decreased (9338.800635 --> 9318.930664).  Saving model ...
epoch 38: loss = 9482.5284, Diff_loss = 9482.7248, preserve_loss = 0.0178, adv_loss = -0.6819, discri_loss = 0.6265, sp_cls = 0.0000
EarlyStopping counter: 1 / 20
epoch 39: loss = 9360.9050, Diff_loss = 9361.1055, preserve_loss = 0.0178, adv_loss = -0.6856, discri_loss = 0.6244, sp_cls = 0.0000
Validation loss decreased (9318.930664 --> 9300.293408).  Saving model ...
epoch 40: loss = 9435.4525, Diff_loss = 9435.6379, preserve_loss = 0.0182, adv_loss = -0.6871, discri_loss = 0.6248, sp_cls = 0.0000
inference: loss = 9094.4663, Diff_loss = 9094.7216, preserve_loss = 0.0146, adv_loss = -0.6331
All results recorded in adata.
Validation loss decreased (9300.293408 --> 9289.247510).  Saving model ...
epoch 41: loss = 9363.9261, Diff_loss = 9364.0988, preserve_loss = 0.0185, adv_loss = -0.6851, discri_loss = 0.6313, sp_cls = 0.0001
EarlyStopping counter: 1 / 20
epoch 42: loss = 9250.3026, Diff_loss = 9250.4851, preserve_loss = 0.0184, adv_loss = -0.6915, discri_loss = 0.6338, sp_cls = 0.0002
Validation loss decreased (9289.247510 --> 9273.212939).  Saving model ...
epoch 43: loss = 9268.5211, Diff_loss = 9268.6688, preserve_loss = 0.0193, adv_loss = -0.6907, discri_loss = 0.6366, sp_cls = 0.0002
Validation loss decreased (9273.212939 --> 9265.939062).  Saving model ...
epoch 44: loss = 9240.6174, Diff_loss = 9240.7364, preserve_loss = 0.0199, adv_loss = -0.6848, discri_loss = 0.6244, sp_cls = 0.0001
Validation loss decreased (9265.939062 --> 9252.896094).  Saving model ...
epoch 45: loss = 9362.9193, Diff_loss = 9363.0168, preserve_loss = 0.0204, adv_loss = -0.6831, discri_loss = 0.6230, sp_cls = 0.0000
Validation loss decreased (9252.896094 --> 9252.000098).  Saving model ...
epoch 46: loss = 9324.7035, Diff_loss = 9324.7870, preserve_loss = 0.0207, adv_loss = -0.6821, discri_loss = 0.6239, sp_cls = 0.0001
EarlyStopping counter: 1 / 20
epoch 47: loss = 9194.0133, Diff_loss = 9194.0887, preserve_loss = 0.0210, adv_loss = -0.6845, discri_loss = 0.6245, sp_cls = 0.0001
Validation loss decreased (9252.000098 --> 9216.829785).  Saving model ...
epoch 48: loss = 9242.8657, Diff_loss = 9242.9375, preserve_loss = 0.0211, adv_loss = -0.6842, discri_loss = 0.6300, sp_cls = 0.0001
EarlyStopping counter: 1 / 20
epoch 49: loss = 9241.3425, Diff_loss = 9241.4206, preserve_loss = 0.0209, adv_loss = -0.6847, discri_loss = 0.6200, sp_cls = 0.0000
EarlyStopping counter: 2 / 20
epoch 50: loss = 9238.0879, Diff_loss = 9238.1352, preserve_loss = 0.0216, adv_loss = -0.6806, discri_loss = 0.6183, sp_cls = 0.0000
inference: loss = 8959.6938, Diff_loss = 8959.9176, preserve_loss = 0.0150, adv_loss = -0.6219
All results recorded in adata.
EarlyStopping counter: 3 / 20
epoch 51: loss = 9245.1076, Diff_loss = 9245.1579, preserve_loss = 0.0213, adv_loss = -0.6750, discri_loss = 0.6157, sp_cls = 0.0002
Validation loss decreased (9216.829785 --> 9207.536230).  Saving model ...
epoch 52: loss = 9256.5864, Diff_loss = 9256.6272, preserve_loss = 0.0216, adv_loss = -0.6746, discri_loss = 0.6155, sp_cls = 0.0001
Validation loss decreased (9207.536230 --> 9181.145459).  Saving model ...
epoch 53: loss = 9308.7182, Diff_loss = 9308.7736, preserve_loss = 0.0211, adv_loss = -0.6725, discri_loss = 0.6146, sp_cls = 0.0002
EarlyStopping counter: 1 / 20
epoch 54: loss = 9302.0613, Diff_loss = 9302.0962, preserve_loss = 0.0216, adv_loss = -0.6704, discri_loss = 0.6055, sp_cls = 0.0001
EarlyStopping counter: 2 / 20
epoch 55: loss = 9137.9474, Diff_loss = 9138.0046, preserve_loss = 0.0207, adv_loss = -0.6626, discri_loss = 0.6037, sp_cls = 0.0001
EarlyStopping counter: 3 / 20
epoch 56: loss = 9207.0268, Diff_loss = 9207.0994, preserve_loss = 0.0204, adv_loss = -0.6646, discri_loss = 0.6063, sp_cls = 0.0000
EarlyStopping counter: 4 / 20
epoch 57: loss = 9191.7595, Diff_loss = 9191.8267, preserve_loss = 0.0205, adv_loss = -0.6643, discri_loss = 0.6039, sp_cls = 0.0000
Validation loss decreased (9181.145459 --> 9169.860010).  Saving model ...
epoch 58: loss = 9298.5187, Diff_loss = 9298.5688, preserve_loss = 0.0209, adv_loss = -0.6620, discri_loss = 0.5983, sp_cls = 0.0001
EarlyStopping counter: 1 / 20
epoch 59: loss = 9210.1282, Diff_loss = 9210.2032, preserve_loss = 0.0202, adv_loss = -0.6608, discri_loss = 0.6003, sp_cls = 0.0001
EarlyStopping counter: 2 / 20
epoch 60: loss = 9204.1789, Diff_loss = 9204.2416, preserve_loss = 0.0204, adv_loss = -0.6581, discri_loss = 0.5976, sp_cls = 0.0002
inference: loss = 8901.5879, Diff_loss = 8901.7954, preserve_loss = 0.0142, adv_loss = -0.5846
All results recorded in adata.
EarlyStopping counter: 3 / 20
epoch 61: loss = 9165.7477, Diff_loss = 9165.8013, preserve_loss = 0.0205, adv_loss = -0.6527, discri_loss = 0.5911, sp_cls = 0.0002
EarlyStopping counter: 4 / 20
epoch 62: loss = 9198.3874, Diff_loss = 9198.4391, preserve_loss = 0.0204, adv_loss = -0.6473, discri_loss = 0.5903, sp_cls = 0.0001
EarlyStopping counter: 5 / 20
epoch 63: loss = 9168.2507, Diff_loss = 9168.3008, preserve_loss = 0.0204, adv_loss = -0.6462, discri_loss = 0.5900, sp_cls = 0.0001
Validation loss decreased (9169.860010 --> 9168.018262).  Saving model ...
epoch 64: loss = 9154.5740, Diff_loss = 9154.6279, preserve_loss = 0.0203, adv_loss = -0.6480, discri_loss = 0.5871, sp_cls = 0.0002
EarlyStopping counter: 1 / 20
epoch 65: loss = 9137.8345, Diff_loss = 9137.8825, preserve_loss = 0.0203, adv_loss = -0.6430, discri_loss = 0.5846, sp_cls = 0.0001
Validation loss decreased (9168.018262 --> 9161.021094).  Saving model ...
epoch 66: loss = 9219.0477, Diff_loss = 9219.0830, preserve_loss = 0.0206, adv_loss = -0.6403, discri_loss = 0.5805, sp_cls = 0.0000
EarlyStopping counter: 1 / 20
epoch 67: loss = 9237.8326, Diff_loss = 9237.8646, preserve_loss = 0.0205, adv_loss = -0.6370, discri_loss = 0.5732, sp_cls = 0.0003
EarlyStopping counter: 2 / 20
epoch 68: loss = 9224.0859, Diff_loss = 9224.0924, preserve_loss = 0.0211, adv_loss = -0.6329, discri_loss = 0.5813, sp_cls = 0.0002
EarlyStopping counter: 3 / 20
epoch 69: loss = 9103.0903, Diff_loss = 9103.1303, preserve_loss = 0.0202, adv_loss = -0.6325, discri_loss = 0.5781, sp_cls = 0.0001
Validation loss decreased (9161.021094 --> 9150.273389).  Saving model ...
epoch 70: loss = 9142.4367, Diff_loss = 9142.4705, preserve_loss = 0.0203, adv_loss = -0.6326, discri_loss = 0.5743, sp_cls = 0.0000
inference: loss = 8893.9519, Diff_loss = 8894.1226, preserve_loss = 0.0145, adv_loss = -0.5662
All results recorded in adata.
EarlyStopping counter: 1 / 20
epoch 71: loss = 9220.4330, Diff_loss = 9220.4566, preserve_loss = 0.0205, adv_loss = -0.6286, discri_loss = 0.5657, sp_cls = 0.0001
EarlyStopping counter: 2 / 20
epoch 72: loss = 9132.2205, Diff_loss = 9132.2598, preserve_loss = 0.0200, adv_loss = -0.6267, discri_loss = 0.5699, sp_cls = 0.0001
EarlyStopping counter: 3 / 20
epoch 73: loss = 9257.0314, Diff_loss = 9257.0217, preserve_loss = 0.0210, adv_loss = -0.6188, discri_loss = 0.5580, sp_cls = 0.0001
EarlyStopping counter: 4 / 20
epoch 74: loss = 9202.6405, Diff_loss = 9202.6397, preserve_loss = 0.0207, adv_loss = -0.6149, discri_loss = 0.5590, sp_cls = 0.0002
EarlyStopping counter: 5 / 20
epoch 75: loss = 9194.8817, Diff_loss = 9194.8831, preserve_loss = 0.0206, adv_loss = -0.6149, discri_loss = 0.5615, sp_cls = 0.0001
EarlyStopping counter: 6 / 20
epoch 76: loss = 9173.6326, Diff_loss = 9173.6431, preserve_loss = 0.0204, adv_loss = -0.6146, discri_loss = 0.5597, sp_cls = 0.0001
EarlyStopping counter: 7 / 20
epoch 77: loss = 9182.9093, Diff_loss = 9182.9069, preserve_loss = 0.0207, adv_loss = -0.6145, discri_loss = 0.5595, sp_cls = 0.0001
EarlyStopping counter: 8 / 20
epoch 78: loss = 9095.0142, Diff_loss = 9095.0443, preserve_loss = 0.0198, adv_loss = -0.6137, discri_loss = 0.5605, sp_cls = 0.0000
EarlyStopping counter: 9 / 20
epoch 79: loss = 9100.7083, Diff_loss = 9100.7324, preserve_loss = 0.0199, adv_loss = -0.6131, discri_loss = 0.5659, sp_cls = 0.0000
EarlyStopping counter: 10 / 20
epoch 80: loss = 9211.0394, Diff_loss = 9211.0736, preserve_loss = 0.0197, adv_loss = -0.6138, discri_loss = 0.5645, sp_cls = 0.0001
inference: loss = 8900.2294, Diff_loss = 8900.3883, preserve_loss = 0.0143, adv_loss = -0.5502
All results recorded in adata.
EarlyStopping counter: 11 / 20
epoch 81: loss = 9109.7208, Diff_loss = 9109.7615, preserve_loss = 0.0194, adv_loss = -0.6107, discri_loss = 0.5581, sp_cls = 0.0001
EarlyStopping counter: 12 / 20
epoch 82: loss = 9156.8739, Diff_loss = 9156.8908, preserve_loss = 0.0200, adv_loss = -0.6078, discri_loss = 0.5561, sp_cls = 0.0001
EarlyStopping counter: 13 / 20
epoch 83: loss = 9146.7588, Diff_loss = 9146.7966, preserve_loss = 0.0195, adv_loss = -0.6103, discri_loss = 0.5581, sp_cls = 0.0001
EarlyStopping counter: 14 / 20
epoch 84: loss = 9112.8125, Diff_loss = 9112.8773, preserve_loss = 0.0187, adv_loss = -0.6078, discri_loss = 0.5553, sp_cls = 0.0001
EarlyStopping counter: 15 / 20
epoch 85: loss = 9225.5059, Diff_loss = 9225.5404, preserve_loss = 0.0196, adv_loss = -0.6101, discri_loss = 0.5575, sp_cls = 0.0001
EarlyStopping counter: 16 / 20
epoch 86: loss = 9201.5597, Diff_loss = 9201.6287, preserve_loss = 0.0187, adv_loss = -0.6115, discri_loss = 0.5625, sp_cls = 0.0001
EarlyStopping counter: 17 / 20
epoch 87: loss = 9212.2349, Diff_loss = 9212.3115, preserve_loss = 0.0184, adv_loss = -0.6070, discri_loss = 0.5557, sp_cls = 0.0001
EarlyStopping counter: 18 / 20
epoch 88: loss = 9215.4828, Diff_loss = 9215.5493, preserve_loss = 0.0186, adv_loss = -0.6060, discri_loss = 0.5593, sp_cls = 0.0002
EarlyStopping counter: 19 / 20
epoch 89: loss = 9165.1433, Diff_loss = 9165.2146, preserve_loss = 0.0184, adv_loss = -0.6035, discri_loss = 0.5498, sp_cls = 0.0001
EarlyStopping counter: 20 / 20
Early stopping at epoch 89
Training finished!
inference: loss = 8891.6936, Diff_loss = 8891.8745, preserve_loss = 0.0150, adv_loss = -0.5874
All results recorded in adata.
>>> Trial 19 score=0.5354
    [Bio] NMI=0.4722, ARI=0.3633, label_ASW=0.5400, cLISI=0.9527, iso_ASW=0.5254, iso_F1=0.6459
    [Batch] sil=0.9562, iLISI=0.3020, kBET=0.0800, PCR=0.0000
    [Modality] sil=0.9975, iLISI=0.3339, kBET=0.1761, PCR=0.7734, graph_conn=0.9317
[I 2026-02-11 15:44:49,770] Trial 19 finished with value: 0.5353524884657984 and parameters: {'gamma': 38.32603693632665, 'lambda_adv': 1.286143901820588, 'lr': 0.000877857097193361, 'dropout_rate': 0.2583243726931777, 'latent_dim': 64, 'lambda_sp_cls': 0.6483472040987402, 'batch_size': 256}. Best is trial 15 with value: 0.5537243471958723.

============================================================
Trial 20: gamma=94.891, lambda_adv=0.262, lambda_sp_cls=1.423, lr=0.00058, dropout=0.22, latent_dim=16, denoise_hidden=512, batch_size=256
============================================================
using cuda
Training start!
epoch 1: loss = 15398.8483, Diff_loss = 15036.0867, preserve_loss = 3.8148, adv_loss = 0.0000, discri_loss = 0.0000, sp_cls = 0.5418
epoch 2: loss = 12818.3239, Diff_loss = 12814.7226, preserve_loss = 0.0365, adv_loss = 0.0000, discri_loss = 0.0000, sp_cls = 0.0935
epoch 3: loss = 12553.5886, Diff_loss = 12551.9853, preserve_loss = 0.0165, adv_loss = 0.0000, discri_loss = 0.0000, sp_cls = 0.0270
epoch 4: loss = 12120.7903, Diff_loss = 12119.7676, preserve_loss = 0.0106, adv_loss = 0.0000, discri_loss = 0.0000, sp_cls = 0.0111
epoch 5: loss = 12097.6216, Diff_loss = 12096.7923, preserve_loss = 0.0087, adv_loss = 0.0000, discri_loss = 0.0000, sp_cls = 0.0060
epoch 6: loss = 11872.6248, Diff_loss = 11871.8659, preserve_loss = 0.0079, adv_loss = 0.0000, discri_loss = 0.0000, sp_cls = 0.0037
epoch 7: loss = 11581.5435, Diff_loss = 11580.6754, preserve_loss = 0.0091, adv_loss = 0.0000, discri_loss = 0.0000, sp_cls = 0.0025
epoch 8: loss = 11336.5112, Diff_loss = 11335.6797, preserve_loss = 0.0087, adv_loss = 0.0000, discri_loss = 0.0000, sp_cls = 0.0015
epoch 9: loss = 11437.5588, Diff_loss = 11436.5464, preserve_loss = 0.0107, adv_loss = 0.0000, discri_loss = 0.0000, sp_cls = 0.0009
epoch 10: loss = 11177.7027, Diff_loss = 11175.7429, preserve_loss = 0.0206, adv_loss = 0.0000, discri_loss = 0.0000, sp_cls = 0.0011
epoch 11: loss = 11000.1544, Diff_loss = 10999.2424, preserve_loss = 0.0125, adv_loss = -1.0695, discri_loss = 1.0572, sp_cls = 0.0005
Validation loss decreased (inf --> 10636.354834).  Saving model ...
epoch 12: loss = 10739.4158, Diff_loss = 10738.2137, preserve_loss = 0.0155, adv_loss = -1.0265, discri_loss = 0.8985, sp_cls = 0.0003
Validation loss decreased (10636.354834 --> 10410.809229).  Saving model ...
epoch 13: loss = 10564.6015, Diff_loss = 10563.2977, preserve_loss = 0.0164, adv_loss = -0.9740, discri_loss = 0.8140, sp_cls = 0.0001
Validation loss decreased (10410.809229 --> 10237.777148).  Saving model ...
epoch 14: loss = 10438.8357, Diff_loss = 10437.5065, preserve_loss = 0.0166, adv_loss = -0.9229, discri_loss = 0.7611, sp_cls = 0.0001
Validation loss decreased (10237.777148 --> 10088.599268).  Saving model ...
epoch 15: loss = 10320.7841, Diff_loss = 10319.4405, preserve_loss = 0.0166, adv_loss = -0.8828, discri_loss = 0.7421, sp_cls = 0.0001
Validation loss decreased (10088.599268 --> 9975.634180).  Saving model ...
epoch 16: loss = 10157.6397, Diff_loss = 10156.3242, preserve_loss = 0.0162, adv_loss = -0.8435, discri_loss = 0.7083, sp_cls = 0.0000
Validation loss decreased (9975.634180 --> 9887.496143).  Saving model ...
epoch 17: loss = 10137.9821, Diff_loss = 10136.6851, preserve_loss = 0.0159, adv_loss = -0.8150, discri_loss = 0.6894, sp_cls = 0.0000
Validation loss decreased (9887.496143 --> 9805.564990).  Saving model ...
epoch 18: loss = 9923.5043, Diff_loss = 9922.2841, preserve_loss = 0.0151, adv_loss = -0.8029, discri_loss = 0.6943, sp_cls = 0.0000
Validation loss decreased (9805.564990 --> 9719.316504).  Saving model ...
epoch 19: loss = 9880.8592, Diff_loss = 9879.6660, preserve_loss = 0.0148, adv_loss = -0.7903, discri_loss = 0.6877, sp_cls = 0.0000
Validation loss decreased (9719.316504 --> 9640.576563).  Saving model ...
epoch 20: loss = 9743.5802, Diff_loss = 9742.5197, preserve_loss = 0.0133, adv_loss = -0.7737, discri_loss = 0.6798, sp_cls = 0.0000
Validation loss decreased (9640.576563 --> 9602.256055).  Saving model ...
epoch 21: loss = 9752.1077, Diff_loss = 9751.0228, preserve_loss = 0.0135, adv_loss = -0.7629, discri_loss = 0.6762, sp_cls = 0.0000
Validation loss decreased (9602.256055 --> 9549.145410).  Saving model ...
epoch 22: loss = 9699.3159, Diff_loss = 9698.2243, preserve_loss = 0.0136, adv_loss = -0.7595, discri_loss = 0.6784, sp_cls = 0.0000
Validation loss decreased (9549.145410 --> 9502.721289).  Saving model ...
epoch 23: loss = 9729.7016, Diff_loss = 9728.6594, preserve_loss = 0.0131, adv_loss = -0.7553, discri_loss = 0.6681, sp_cls = 0.0000
Validation loss decreased (9502.721289 --> 9467.073828).  Saving model ...
epoch 24: loss = 9602.7097, Diff_loss = 9601.6864, preserve_loss = 0.0128, adv_loss = -0.7463, discri_loss = 0.6597, sp_cls = 0.0000
Validation loss decreased (9467.073828 --> 9424.181152).  Saving model ...
epoch 25: loss = 9629.0170, Diff_loss = 9628.0045, preserve_loss = 0.0127, adv_loss = -0.7404, discri_loss = 0.6559, sp_cls = 0.0000
Validation loss decreased (9424.181152 --> 9402.703174).  Saving model ...
epoch 26: loss = 9505.0270, Diff_loss = 9504.1198, preserve_loss = 0.0116, adv_loss = -0.7307, discri_loss = 0.6449, sp_cls = 0.0000
Validation loss decreased (9402.703174 --> 9376.596533).  Saving model ...
epoch 27: loss = 9489.3675, Diff_loss = 9488.4529, preserve_loss = 0.0116, adv_loss = -0.7279, discri_loss = 0.6515, sp_cls = 0.0000
Validation loss decreased (9376.596533 --> 9362.314893).  Saving model ...
epoch 28: loss = 9556.2995, Diff_loss = 9555.4348, preserve_loss = 0.0111, adv_loss = -0.7205, discri_loss = 0.6426, sp_cls = 0.0000
Validation loss decreased (9362.314893 --> 9315.487305).  Saving model ...
epoch 29: loss = 9470.2816, Diff_loss = 9469.4154, preserve_loss = 0.0111, adv_loss = -0.7134, discri_loss = 0.6297, sp_cls = 0.0000
Validation loss decreased (9315.487305 --> 9311.063770).  Saving model ...
epoch 30: loss = 9461.4604, Diff_loss = 9460.6150, preserve_loss = 0.0109, adv_loss = -0.7105, discri_loss = 0.6350, sp_cls = 0.0000
Validation loss decreased (9311.063770 --> 9306.879443).  Saving model ...
epoch 31: loss = 9447.5542, Diff_loss = 9446.7383, preserve_loss = 0.0106, adv_loss = -0.7115, discri_loss = 0.6473, sp_cls = 0.0000
Validation loss decreased (9306.879443 --> 9294.287988).  Saving model ...
epoch 32: loss = 9427.6780, Diff_loss = 9426.8750, preserve_loss = 0.0104, adv_loss = -0.7100, discri_loss = 0.6448, sp_cls = 0.0000
Validation loss decreased (9294.287988 --> 9285.373438).  Saving model ...
epoch 33: loss = 9263.7194, Diff_loss = 9262.9025, preserve_loss = 0.0106, adv_loss = -0.7115, discri_loss = 0.6437, sp_cls = 0.0000
Validation loss decreased (9285.373438 --> 9282.132129).  Saving model ...
epoch 34: loss = 9382.6221, Diff_loss = 9381.8108, preserve_loss = 0.0105, adv_loss = -0.7055, discri_loss = 0.6401, sp_cls = 0.0000
Validation loss decreased (9282.132129 --> 9267.158008).  Saving model ...
epoch 35: loss = 9313.1352, Diff_loss = 9312.3492, preserve_loss = 0.0102, adv_loss = -0.7015, discri_loss = 0.6327, sp_cls = 0.0000
EarlyStopping counter: 1 / 20
epoch 36: loss = 9321.0711, Diff_loss = 9320.2366, preserve_loss = 0.0107, adv_loss = -0.7024, discri_loss = 0.6331, sp_cls = 0.0000
Validation loss decreased (9267.158008 --> 9249.831201).  Saving model ...
epoch 37: loss = 9356.8346, Diff_loss = 9356.0290, preserve_loss = 0.0104, adv_loss = -0.7065, discri_loss = 0.6499, sp_cls = 0.0000
Validation loss decreased (9249.831201 --> 9221.911914).  Saving model ...
epoch 38: loss = 9225.0809, Diff_loss = 9224.2899, preserve_loss = 0.0103, adv_loss = -0.7059, discri_loss = 0.6451, sp_cls = 0.0000
EarlyStopping counter: 1 / 20
epoch 39: loss = 9315.4966, Diff_loss = 9314.7164, preserve_loss = 0.0102, adv_loss = -0.7107, discri_loss = 0.6541, sp_cls = 0.0000
Validation loss decreased (9221.911914 --> 9216.008691).  Saving model ...
epoch 40: loss = 9250.5760, Diff_loss = 9249.7811, preserve_loss = 0.0103, adv_loss = -0.7123, discri_loss = 0.6512, sp_cls = 0.0000
inference: loss = 9018.1688, Diff_loss = 9017.6232, preserve_loss = 0.0076, adv_loss = -0.6653
All results recorded in adata.
[I 2026-02-11 15:53:54,794] Trial 20 pruned. 

============================================================
Trial 21: gamma=153.163, lambda_adv=0.078, lambda_sp_cls=0.578, lr=0.00075, dropout=0.24, latent_dim=20, denoise_hidden=512, batch_size=256
============================================================
using cuda
Training start!
epoch 1: loss = 15736.2860, Diff_loss = 14948.5180, preserve_loss = 5.1415, adv_loss = 0.0000, discri_loss = 0.0000, sp_cls = 0.4919
epoch 2: loss = 12747.3838, Diff_loss = 12743.3009, preserve_loss = 0.0265, adv_loss = 0.0000, discri_loss = 0.0000, sp_cls = 0.0449
epoch 3: loss = 12421.7382, Diff_loss = 12420.2787, preserve_loss = 0.0095, adv_loss = 0.0000, discri_loss = 0.0000, sp_cls = 0.0113
epoch 4: loss = 12008.9279, Diff_loss = 12008.1670, preserve_loss = 0.0049, adv_loss = 0.0000, discri_loss = 0.0000, sp_cls = 0.0051
epoch 5: loss = 11903.6676, Diff_loss = 11903.1802, preserve_loss = 0.0032, adv_loss = 0.0000, discri_loss = 0.0000, sp_cls = 0.0029
epoch 6: loss = 11684.5242, Diff_loss = 11684.1372, preserve_loss = 0.0025, adv_loss = 0.0000, discri_loss = 0.0000, sp_cls = 0.0014
epoch 7: loss = 11369.4658, Diff_loss = 11369.1351, preserve_loss = 0.0022, adv_loss = 0.0000, discri_loss = 0.0000, sp_cls = 0.0007
epoch 8: loss = 11292.8756, Diff_loss = 11292.6107, preserve_loss = 0.0017, adv_loss = 0.0000, discri_loss = 0.0000, sp_cls = 0.0006
epoch 9: loss = 11081.9474, Diff_loss = 11081.7327, preserve_loss = 0.0014, adv_loss = 0.0000, discri_loss = 0.0000, sp_cls = 0.0005
epoch 10: loss = 11063.3281, Diff_loss = 11060.3231, preserve_loss = 0.0196, adv_loss = 0.0000, discri_loss = 0.0000, sp_cls = 0.0006
epoch 11: loss = 10836.3548, Diff_loss = 10836.1028, preserve_loss = 0.0022, adv_loss = -1.0668, discri_loss = 1.0472, sp_cls = 0.0004
Validation loss decreased (inf --> 10467.391406).  Saving model ...
epoch 12: loss = 10648.4300, Diff_loss = 10648.2406, preserve_loss = 0.0018, adv_loss = -1.0195, discri_loss = 0.9184, sp_cls = 0.0002
Validation loss decreased (10467.391406 --> 10262.788135).  Saving model ...
epoch 13: loss = 10487.9868, Diff_loss = 10487.5297, preserve_loss = 0.0035, adv_loss = -0.9753, discri_loss = 0.8554, sp_cls = 0.0002
Validation loss decreased (10262.788135 --> 10140.785352).  Saving model ...
epoch 14: loss = 10295.3515, Diff_loss = 10294.7740, preserve_loss = 0.0042, adv_loss = -0.9326, discri_loss = 0.7998, sp_cls = 0.0001
Validation loss decreased (10140.785352 --> 9975.447607).  Saving model ...
epoch 15: loss = 10307.9880, Diff_loss = 10307.1782, preserve_loss = 0.0057, adv_loss = -0.8897, discri_loss = 0.7653, sp_cls = 0.0001
Validation loss decreased (9975.447607 --> 9899.784863).  Saving model ...
epoch 16: loss = 10174.3945, Diff_loss = 10173.6165, preserve_loss = 0.0055, adv_loss = -0.8507, discri_loss = 0.7256, sp_cls = 0.0001
Validation loss decreased (9899.784863 --> 9851.351465).  Saving model ...
epoch 17: loss = 10103.0077, Diff_loss = 10102.2924, preserve_loss = 0.0051, adv_loss = -0.8232, discri_loss = 0.7167, sp_cls = 0.0001
Validation loss decreased (9851.351465 --> 9767.145410).  Saving model ...
epoch 18: loss = 9838.1431, Diff_loss = 9837.4602, preserve_loss = 0.0049, adv_loss = -0.8048, discri_loss = 0.7137, sp_cls = 0.0001
Validation loss decreased (9767.145410 --> 9706.683496).  Saving model ...
epoch 19: loss = 9899.7677, Diff_loss = 9899.1246, preserve_loss = 0.0046, adv_loss = -0.7842, discri_loss = 0.6889, sp_cls = 0.0000
Validation loss decreased (9706.683496 --> 9636.698242).  Saving model ...
epoch 20: loss = 9888.5693, Diff_loss = 9888.0391, preserve_loss = 0.0039, adv_loss = -0.7735, discri_loss = 0.6841, sp_cls = 0.0000
Validation loss decreased (9636.698242 --> 9602.357080).  Saving model ...
epoch 21: loss = 9763.1954, Diff_loss = 9762.6662, preserve_loss = 0.0038, adv_loss = -0.7545, discri_loss = 0.6615, sp_cls = 0.0000
Validation loss decreased (9602.357080 --> 9547.288281).  Saving model ...
epoch 22: loss = 9735.9518, Diff_loss = 9735.4822, preserve_loss = 0.0034, adv_loss = -0.7432, discri_loss = 0.6622, sp_cls = 0.0000
Validation loss decreased (9547.288281 --> 9518.120947).  Saving model ...
epoch 23: loss = 9670.0960, Diff_loss = 9669.6136, preserve_loss = 0.0035, adv_loss = -0.7348, discri_loss = 0.6634, sp_cls = 0.0000
Validation loss decreased (9518.120947 --> 9467.414453).  Saving model ...
epoch 24: loss = 9654.4506, Diff_loss = 9653.9616, preserve_loss = 0.0036, adv_loss = -0.7309, discri_loss = 0.6477, sp_cls = 0.0000
Validation loss decreased (9467.414453 --> 9417.668945).  Saving model ...
epoch 25: loss = 9688.4951, Diff_loss = 9688.0587, preserve_loss = 0.0032, adv_loss = -0.7210, discri_loss = 0.6410, sp_cls = 0.0000
Validation loss decreased (9417.668945 --> 9390.996777).  Saving model ...
epoch 26: loss = 9534.4417, Diff_loss = 9534.0595, preserve_loss = 0.0029, adv_loss = -0.7193, discri_loss = 0.6405, sp_cls = 0.0000
Validation loss decreased (9390.996777 --> 9361.878662).  Saving model ...
epoch 27: loss = 9448.9594, Diff_loss = 9448.5208, preserve_loss = 0.0032, adv_loss = -0.7079, discri_loss = 0.6308, sp_cls = 0.0000
Validation loss decreased (9361.878662 --> 9355.482617).  Saving model ...
epoch 28: loss = 9457.3615, Diff_loss = 9456.9683, preserve_loss = 0.0029, adv_loss = -0.7032, discri_loss = 0.6292, sp_cls = 0.0000
Validation loss decreased (9355.482617 --> 9354.663574).  Saving model ...
epoch 29: loss = 9458.4276, Diff_loss = 9458.0255, preserve_loss = 0.0030, adv_loss = -0.7015, discri_loss = 0.6274, sp_cls = 0.0000
Validation loss decreased (9354.663574 --> 9343.939062).  Saving model ...
epoch 30: loss = 9465.5215, Diff_loss = 9465.1267, preserve_loss = 0.0029, adv_loss = -0.6951, discri_loss = 0.6233, sp_cls = 0.0000
Validation loss decreased (9343.939062 --> 9315.404785).  Saving model ...
epoch 31: loss = 9470.7066, Diff_loss = 9470.3061, preserve_loss = 0.0030, adv_loss = -0.6978, discri_loss = 0.6340, sp_cls = 0.0000
Validation loss decreased (9315.404785 --> 9288.604297).  Saving model ...
epoch 32: loss = 9458.6363, Diff_loss = 9458.2520, preserve_loss = 0.0029, adv_loss = -0.6910, discri_loss = 0.6201, sp_cls = 0.0000
EarlyStopping counter: 1 / 20
epoch 33: loss = 9377.8561, Diff_loss = 9377.4931, preserve_loss = 0.0027, adv_loss = -0.6864, discri_loss = 0.6160, sp_cls = 0.0000
Validation loss decreased (9288.604297 --> 9286.606396).  Saving model ...
epoch 34: loss = 9360.3595, Diff_loss = 9359.9824, preserve_loss = 0.0028, adv_loss = -0.6873, discri_loss = 0.6188, sp_cls = 0.0000
Validation loss decreased (9286.606396 --> 9259.234619).  Saving model ...
epoch 35: loss = 9402.0650, Diff_loss = 9401.6840, preserve_loss = 0.0028, adv_loss = -0.6830, discri_loss = 0.6226, sp_cls = 0.0000
Validation loss decreased (9259.234619 --> 9249.498340).  Saving model ...
epoch 36: loss = 9388.6261, Diff_loss = 9388.2408, preserve_loss = 0.0029, adv_loss = -0.6883, discri_loss = 0.6316, sp_cls = 0.0000
EarlyStopping counter: 1 / 20
epoch 37: loss = 9364.4196, Diff_loss = 9364.0214, preserve_loss = 0.0030, adv_loss = -0.6899, discri_loss = 0.6230, sp_cls = 0.0000
EarlyStopping counter: 2 / 20
epoch 38: loss = 9339.6701, Diff_loss = 9339.2722, preserve_loss = 0.0030, adv_loss = -0.6927, discri_loss = 0.6288, sp_cls = 0.0000
Validation loss decreased (9249.498340 --> 9218.331689).  Saving model ...
epoch 39: loss = 9335.6649, Diff_loss = 9335.2749, preserve_loss = 0.0029, adv_loss = -0.6912, discri_loss = 0.6392, sp_cls = 0.0000
EarlyStopping counter: 1 / 20
epoch 40: loss = 9190.6760, Diff_loss = 9190.2769, preserve_loss = 0.0030, adv_loss = -0.6838, discri_loss = 0.6111, sp_cls = 0.0000
inference: loss = 9036.2589, Diff_loss = 9035.9974, preserve_loss = 0.0020, adv_loss = -0.6172
All results recorded in adata.
[I 2026-02-11 16:03:50,208] Trial 21 pruned. 

============================================================
Trial 22: gamma=324.000, lambda_adv=0.012, lambda_sp_cls=0.243, lr=0.00125, dropout=0.24, latent_dim=32, denoise_hidden=512, batch_size=256
============================================================
using cuda
Training start!
epoch 1: loss = 16995.6296, Diff_loss = 14337.7173, preserve_loss = 8.2032, adv_loss = 0.0000, discri_loss = 0.0000, sp_cls = 0.2730
epoch 2: loss = 12445.0352, Diff_loss = 12441.6505, preserve_loss = 0.0104, adv_loss = 0.0000, discri_loss = 0.0000, sp_cls = 0.0087
epoch 3: loss = 12122.3994, Diff_loss = 12120.9689, preserve_loss = 0.0044, adv_loss = 0.0000, discri_loss = 0.0000, sp_cls = 0.0015
epoch 4: loss = 11544.0625, Diff_loss = 11543.2341, preserve_loss = 0.0026, adv_loss = 0.0000, discri_loss = 0.0000, sp_cls = 0.0008
epoch 5: loss = 11313.6900, Diff_loss = 11312.8640, preserve_loss = 0.0025, adv_loss = 0.0000, discri_loss = 0.0000, sp_cls = 0.0006
epoch 6: loss = 11104.9988, Diff_loss = 11103.9646, preserve_loss = 0.0032, adv_loss = 0.0000, discri_loss = 0.0000, sp_cls = 0.0004
epoch 7: loss = 10978.4723, Diff_loss = 10976.9551, preserve_loss = 0.0047, adv_loss = 0.0000, discri_loss = 0.0000, sp_cls = 0.0005
epoch 8: loss = 10880.6353, Diff_loss = 10879.1041, preserve_loss = 0.0047, adv_loss = 0.0000, discri_loss = 0.0000, sp_cls = 0.0007
epoch 9: loss = 10710.3363, Diff_loss = 10708.8908, preserve_loss = 0.0045, adv_loss = 0.0000, discri_loss = 0.0000, sp_cls = 0.0006
epoch 10: loss = 10644.3518, Diff_loss = 10642.8885, preserve_loss = 0.0045, adv_loss = 0.0000, discri_loss = 0.0000, sp_cls = 0.0004
epoch 11: loss = 10471.7717, Diff_loss = 10470.6321, preserve_loss = 0.0036, adv_loss = -1.0315, discri_loss = 0.9438, sp_cls = 0.0003
Validation loss decreased (inf --> 10188.459131).  Saving model ...
epoch 12: loss = 10356.8269, Diff_loss = 10355.7881, preserve_loss = 0.0032, adv_loss = -0.8883, discri_loss = 0.7373, sp_cls = 0.0001
Validation loss decreased (10188.459131 --> 10046.417480).  Saving model ...
epoch 13: loss = 10236.2458, Diff_loss = 10235.1955, preserve_loss = 0.0033, adv_loss = -0.7582, discri_loss = 0.6283, sp_cls = 0.0001
Validation loss decreased (10046.417480 --> 9950.727686).  Saving model ...
epoch 14: loss = 10239.9048, Diff_loss = 10239.1092, preserve_loss = 0.0025, adv_loss = -0.6980, discri_loss = 0.6015, sp_cls = 0.0001
Validation loss decreased (9950.727686 --> 9904.864502).  Saving model ...
epoch 15: loss = 10087.0280, Diff_loss = 10086.2654, preserve_loss = 0.0024, adv_loss = -0.6407, discri_loss = 0.5402, sp_cls = 0.0000
Validation loss decreased (9904.864502 --> 9816.668408).  Saving model ...
epoch 16: loss = 10049.2324, Diff_loss = 10048.4749, preserve_loss = 0.0024, adv_loss = -0.6108, discri_loss = 0.5407, sp_cls = 0.0000
Validation loss decreased (9816.668408 --> 9807.691260).  Saving model ...
epoch 17: loss = 9952.0767, Diff_loss = 9951.2973, preserve_loss = 0.0024, adv_loss = -0.5858, discri_loss = 0.5156, sp_cls = 0.0000
Validation loss decreased (9807.691260 --> 9738.568262).  Saving model ...
epoch 18: loss = 9931.4704, Diff_loss = 9930.4822, preserve_loss = 0.0031, adv_loss = -0.5779, discri_loss = 0.5219, sp_cls = 0.0000
Validation loss decreased (9738.568262 --> 9699.074121).  Saving model ...
epoch 19: loss = 9819.7969, Diff_loss = 9818.7984, preserve_loss = 0.0031, adv_loss = -0.5759, discri_loss = 0.5155, sp_cls = 0.0001
Validation loss decreased (9699.074121 --> 9676.955615).  Saving model ...
epoch 20: loss = 9831.2562, Diff_loss = 9830.3683, preserve_loss = 0.0028, adv_loss = -0.5556, discri_loss = 0.4858, sp_cls = 0.0002
Validation loss decreased (9676.955615 --> 9624.189355).  Saving model ...
epoch 21: loss = 9827.4743, Diff_loss = 9826.6157, preserve_loss = 0.0027, adv_loss = -0.5394, discri_loss = 0.4841, sp_cls = 0.0000
Validation loss decreased (9624.189355 --> 9601.789111).  Saving model ...
epoch 22: loss = 9836.4338, Diff_loss = 9835.6677, preserve_loss = 0.0024, adv_loss = -0.5511, discri_loss = 0.5195, sp_cls = 0.0000
Validation loss decreased (9601.789111 --> 9580.687695).  Saving model ...
epoch 23: loss = 9745.5795, Diff_loss = 9744.8178, preserve_loss = 0.0024, adv_loss = -0.5506, discri_loss = 0.5063, sp_cls = 0.0001
Validation loss decreased (9580.687695 --> 9539.170264).  Saving model ...
epoch 24: loss = 9822.1422, Diff_loss = 9821.4179, preserve_loss = 0.0023, adv_loss = -0.5488, discri_loss = 0.5064, sp_cls = 0.0001
Validation loss decreased (9539.170264 --> 9523.159521).  Saving model ...
epoch 25: loss = 9665.7150, Diff_loss = 9664.9645, preserve_loss = 0.0023, adv_loss = -0.5629, discri_loss = 0.5270, sp_cls = 0.0000
Validation loss decreased (9523.159521 --> 9489.887158).  Saving model ...
epoch 26: loss = 9645.6468, Diff_loss = 9644.9650, preserve_loss = 0.0021, adv_loss = -0.5576, discri_loss = 0.5192, sp_cls = 0.0000
Validation loss decreased (9489.887158 --> 9457.530859).  Saving model ...
epoch 27: loss = 9647.4102, Diff_loss = 9646.7486, preserve_loss = 0.0021, adv_loss = -0.5685, discri_loss = 0.5254, sp_cls = 0.0000
EarlyStopping counter: 1 / 20
epoch 28: loss = 9562.2115, Diff_loss = 9561.5352, preserve_loss = 0.0021, adv_loss = -0.5674, discri_loss = 0.5325, sp_cls = 0.0000
Validation loss decreased (9457.530859 --> 9419.004980).  Saving model ...
epoch 29: loss = 9600.2063, Diff_loss = 9599.5327, preserve_loss = 0.0021, adv_loss = -0.5804, discri_loss = 0.5631, sp_cls = 0.0001
EarlyStopping counter: 1 / 20
epoch 30: loss = 9522.5231, Diff_loss = 9521.8637, preserve_loss = 0.0021, adv_loss = -0.5846, discri_loss = 0.5436, sp_cls = 0.0000
Validation loss decreased (9419.004980 --> 9407.230322).  Saving model ...
epoch 31: loss = 9549.8738, Diff_loss = 9549.2638, preserve_loss = 0.0019, adv_loss = -0.5720, discri_loss = 0.5236, sp_cls = 0.0001
Validation loss decreased (9407.230322 --> 9373.942236).  Saving model ...
epoch 32: loss = 9493.1447, Diff_loss = 9492.5325, preserve_loss = 0.0019, adv_loss = -0.5765, discri_loss = 0.5396, sp_cls = 0.0000
Validation loss decreased (9373.942236 --> 9367.740674).  Saving model ...
epoch 33: loss = 9411.0139, Diff_loss = 9410.4129, preserve_loss = 0.0019, adv_loss = -0.5758, discri_loss = 0.5350, sp_cls = 0.0000
Validation loss decreased (9367.740674 --> 9355.610400).  Saving model ...
epoch 34: loss = 9554.2378, Diff_loss = 9553.6331, preserve_loss = 0.0019, adv_loss = -0.5800, discri_loss = 0.5378, sp_cls = 0.0001
Validation loss decreased (9355.610400 --> 9352.563232).  Saving model ...
epoch 35: loss = 9438.9680, Diff_loss = 9438.3542, preserve_loss = 0.0019, adv_loss = -0.5764, discri_loss = 0.5348, sp_cls = 0.0000
Validation loss decreased (9352.563232 --> 9321.296680).  Saving model ...
epoch 36: loss = 9417.6745, Diff_loss = 9417.0765, preserve_loss = 0.0019, adv_loss = -0.5827, discri_loss = 0.5476, sp_cls = 0.0001
Validation loss decreased (9321.296680 --> 9318.232471).  Saving model ...
epoch 37: loss = 9443.5225, Diff_loss = 9442.9424, preserve_loss = 0.0018, adv_loss = -0.5794, discri_loss = 0.5450, sp_cls = 0.0000
Validation loss decreased (9318.232471 --> 9309.582275).  Saving model ...
epoch 38: loss = 9335.3044, Diff_loss = 9334.7469, preserve_loss = 0.0017, adv_loss = -0.5823, discri_loss = 0.5463, sp_cls = 0.0000
Validation loss decreased (9309.582275 --> 9291.205273).  Saving model ...
epoch 39: loss = 9361.2132, Diff_loss = 9360.6468, preserve_loss = 0.0018, adv_loss = -0.5870, discri_loss = 0.5370, sp_cls = 0.0001
Validation loss decreased (9291.205273 --> 9269.302734).  Saving model ...
epoch 40: loss = 9344.3267, Diff_loss = 9343.7310, preserve_loss = 0.0019, adv_loss = -0.5859, discri_loss = 0.5513, sp_cls = 0.0001
inference: loss = 9094.7806, Diff_loss = 9094.4528, preserve_loss = 0.0010, adv_loss = -0.5371
All results recorded in adata.
[I 2026-02-11 16:13:26,563] Trial 22 pruned. 

============================================================
Trial 23: gamma=115.248, lambda_adv=2.014, lambda_sp_cls=0.581, lr=0.00038, dropout=0.26, latent_dim=64, denoise_hidden=512, batch_size=256
============================================================
using cuda
Training start!
epoch 1: loss = 19255.7424, Diff_loss = 15442.3764, preserve_loss = 33.0872, adv_loss = 0.0000, discri_loss = 0.0000, sp_cls = 0.2451
epoch 2: loss = 12995.0131, Diff_loss = 12966.3185, preserve_loss = 0.2489, adv_loss = 0.0000, discri_loss = 0.0000, sp_cls = 0.0124
epoch 3: loss = 12670.8296, Diff_loss = 12658.3561, preserve_loss = 0.1082, adv_loss = 0.0000, discri_loss = 0.0000, sp_cls = 0.0051
epoch 4: loss = 12326.6550, Diff_loss = 12319.6185, preserve_loss = 0.0610, adv_loss = 0.0000, discri_loss = 0.0000, sp_cls = 0.0027
epoch 5: loss = 12204.8968, Diff_loss = 12199.7840, preserve_loss = 0.0444, adv_loss = 0.0000, discri_loss = 0.0000, sp_cls = 0.0014
epoch 6: loss = 12129.1952, Diff_loss = 12125.8206, preserve_loss = 0.0293, adv_loss = 0.0000, discri_loss = 0.0000, sp_cls = 0.0007
epoch 7: loss = 11998.1137, Diff_loss = 11995.6797, preserve_loss = 0.0211, adv_loss = 0.0000, discri_loss = 0.0000, sp_cls = 0.0006
epoch 8: loss = 11820.7133, Diff_loss = 11818.7894, preserve_loss = 0.0167, adv_loss = 0.0000, discri_loss = 0.0000, sp_cls = 0.0005
epoch 9: loss = 11642.5405, Diff_loss = 11640.9962, preserve_loss = 0.0134, adv_loss = 0.0000, discri_loss = 0.0000, sp_cls = 0.0003
epoch 10: loss = 11532.5486, Diff_loss = 11531.3028, preserve_loss = 0.0108, adv_loss = 0.0000, discri_loss = 0.0000, sp_cls = 0.0003
epoch 11: loss = 11415.1400, Diff_loss = 11416.3538, preserve_loss = 0.0082, adv_loss = -1.0729, discri_loss = 1.0473, sp_cls = 0.0002
Validation loss decreased (inf --> 10940.509912).  Saving model ...
epoch 12: loss = 11205.0053, Diff_loss = 11206.3920, preserve_loss = 0.0062, adv_loss = -1.0454, discri_loss = 0.9234, sp_cls = 0.0002
Validation loss decreased (10940.509912 --> 10704.656885).  Saving model ...
epoch 13: loss = 10771.3345, Diff_loss = 10772.7375, preserve_loss = 0.0054, adv_loss = -1.0038, discri_loss = 0.8371, sp_cls = 0.0001
Validation loss decreased (10704.656885 --> 10511.171191).  Saving model ...
epoch 14: loss = 10691.5079, Diff_loss = 10692.9398, preserve_loss = 0.0044, adv_loss = -0.9646, discri_loss = 0.7851, sp_cls = 0.0001
Validation loss decreased (10511.171191 --> 10327.869580).  Saving model ...
epoch 15: loss = 10557.5788, Diff_loss = 10558.9080, preserve_loss = 0.0046, adv_loss = -0.9237, discri_loss = 0.7457, sp_cls = 0.0001
Validation loss decreased (10327.869580 --> 10191.076025).  Saving model ...
epoch 16: loss = 10363.2499, Diff_loss = 10364.5279, preserve_loss = 0.0043, adv_loss = -0.8832, discri_loss = 0.7118, sp_cls = 0.0001
Validation loss decreased (10191.076025 --> 10066.569141).  Saving model ...
epoch 17: loss = 10278.3033, Diff_loss = 10279.4862, preserve_loss = 0.0048, adv_loss = -0.8615, discri_loss = 0.7101, sp_cls = 0.0001
Validation loss decreased (10066.569141 --> 9953.673145).  Saving model ...
epoch 18: loss = 10159.0233, Diff_loss = 10160.1072, preserve_loss = 0.0052, adv_loss = -0.8360, discri_loss = 0.6840, sp_cls = 0.0001
Validation loss decreased (9953.673145 --> 9863.369434).  Saving model ...
epoch 19: loss = 9938.0583, Diff_loss = 9939.1278, preserve_loss = 0.0050, adv_loss = -0.8154, discri_loss = 0.6759, sp_cls = 0.0000
Validation loss decreased (9863.369434 --> 9786.460254).  Saving model ...
epoch 20: loss = 9907.4830, Diff_loss = 9908.5410, preserve_loss = 0.0047, adv_loss = -0.7930, discri_loss = 0.6562, sp_cls = 0.0000
Validation loss decreased (9786.460254 --> 9724.042041).  Saving model ...
epoch 21: loss = 9978.5592, Diff_loss = 9979.5562, preserve_loss = 0.0050, adv_loss = -0.7796, discri_loss = 0.6444, sp_cls = 0.0001
Validation loss decreased (9724.042041 --> 9645.266846).  Saving model ...
epoch 22: loss = 9774.0097, Diff_loss = 9775.0317, preserve_loss = 0.0045, adv_loss = -0.7640, discri_loss = 0.6407, sp_cls = 0.0000
Validation loss decreased (9645.266846 --> 9617.979980).  Saving model ...
epoch 23: loss = 9723.0924, Diff_loss = 9724.1486, preserve_loss = 0.0040, adv_loss = -0.7557, discri_loss = 0.6354, sp_cls = 0.0000
Validation loss decreased (9617.979980 --> 9578.836816).  Saving model ...
epoch 24: loss = 9758.6119, Diff_loss = 9759.6534, preserve_loss = 0.0040, adv_loss = -0.7454, discri_loss = 0.6355, sp_cls = 0.0000
Validation loss decreased (9578.836816 --> 9523.071436).  Saving model ...
epoch 25: loss = 9707.4262, Diff_loss = 9708.4188, preserve_loss = 0.0042, adv_loss = -0.7340, discri_loss = 0.6243, sp_cls = 0.0000
Validation loss decreased (9523.071436 --> 9476.925000).  Saving model ...
epoch 26: loss = 9615.2382, Diff_loss = 9616.2386, preserve_loss = 0.0040, adv_loss = -0.7272, discri_loss = 0.6170, sp_cls = 0.0000
Validation loss decreased (9476.925000 --> 9444.465381).  Saving model ...
epoch 27: loss = 9606.6019, Diff_loss = 9607.5633, preserve_loss = 0.0043, adv_loss = -0.7229, discri_loss = 0.6300, sp_cls = 0.0001
Validation loss decreased (9444.465381 --> 9441.210352).  Saving model ...
epoch 28: loss = 9518.8089, Diff_loss = 9519.7969, preserve_loss = 0.0040, adv_loss = -0.7215, discri_loss = 0.6338, sp_cls = 0.0000
Validation loss decreased (9441.210352 --> 9400.612256).  Saving model ...
epoch 29: loss = 9540.8777, Diff_loss = 9541.8639, preserve_loss = 0.0040, adv_loss = -0.7187, discri_loss = 0.6318, sp_cls = 0.0000
Validation loss decreased (9400.612256 --> 9355.502930).  Saving model ...
epoch 30: loss = 9457.1415, Diff_loss = 9458.1230, preserve_loss = 0.0040, adv_loss = -0.7150, discri_loss = 0.6251, sp_cls = 0.0000
Validation loss decreased (9355.502930 --> 9348.513477).  Saving model ...
epoch 31: loss = 9447.6116, Diff_loss = 9448.5632, preserve_loss = 0.0041, adv_loss = -0.7099, discri_loss = 0.6211, sp_cls = 0.0000
Validation loss decreased (9348.513477 --> 9312.848975).  Saving model ...
epoch 32: loss = 9458.7841, Diff_loss = 9459.7387, preserve_loss = 0.0040, adv_loss = -0.7034, discri_loss = 0.6146, sp_cls = 0.0000
EarlyStopping counter: 1 / 20
epoch 33: loss = 9298.4279, Diff_loss = 9299.3511, preserve_loss = 0.0042, adv_loss = -0.7007, discri_loss = 0.6103, sp_cls = 0.0001
Validation loss decreased (9312.848975 --> 9293.770020).  Saving model ...
epoch 34: loss = 9452.6616, Diff_loss = 9453.5557, preserve_loss = 0.0045, adv_loss = -0.6992, discri_loss = 0.6146, sp_cls = 0.0000
Validation loss decreased (9293.770020 --> 9274.691162).  Saving model ...
epoch 35: loss = 9397.3520, Diff_loss = 9398.2663, preserve_loss = 0.0043, adv_loss = -0.6973, discri_loss = 0.6116, sp_cls = 0.0000
Validation loss decreased (9274.691162 --> 9264.203076).  Saving model ...
epoch 36: loss = 9396.0599, Diff_loss = 9396.9642, preserve_loss = 0.0043, adv_loss = -0.6959, discri_loss = 0.6036, sp_cls = 0.0000
EarlyStopping counter: 1 / 20
epoch 37: loss = 9365.7350, Diff_loss = 9366.6143, preserve_loss = 0.0043, adv_loss = -0.6855, discri_loss = 0.5969, sp_cls = 0.0001
Validation loss decreased (9264.203076 --> 9239.890967).  Saving model ...
epoch 38: loss = 9336.6381, Diff_loss = 9337.4959, preserve_loss = 0.0046, adv_loss = -0.6864, discri_loss = 0.6053, sp_cls = 0.0000
Validation loss decreased (9239.890967 --> 9233.747461).  Saving model ...
epoch 39: loss = 9370.7822, Diff_loss = 9371.6371, preserve_loss = 0.0045, adv_loss = -0.6818, discri_loss = 0.5975, sp_cls = 0.0001
Validation loss decreased (9233.747461 --> 9224.862891).  Saving model ...
epoch 40: loss = 9226.4147, Diff_loss = 9227.2989, preserve_loss = 0.0043, adv_loss = -0.6855, discri_loss = 0.6098, sp_cls = 0.0000
inference: loss = 9026.5259, Diff_loss = 9027.4411, preserve_loss = 0.0025, adv_loss = -0.5950
All results recorded in adata.
[I 2026-02-11 16:23:59,155] Trial 23 pruned. 

============================================================
Trial 24: gamma=183.508, lambda_adv=0.808, lambda_sp_cls=2.940, lr=0.00053, dropout=0.23, latent_dim=64, denoise_hidden=512, batch_size=256
============================================================
using cuda
Training start!
epoch 1: loss = 19898.1633, Diff_loss = 14972.5872, preserve_loss = 26.8376, adv_loss = 0.0000, discri_loss = 0.0000, sp_cls = 0.2216
epoch 2: loss = 12845.1370, Diff_loss = 12827.9097, preserve_loss = 0.0937, adv_loss = 0.0000, discri_loss = 0.0000, sp_cls = 0.0089
epoch 3: loss = 12545.9361, Diff_loss = 12538.5203, preserve_loss = 0.0404, adv_loss = 0.0000, discri_loss = 0.0000, sp_cls = 0.0033
epoch 4: loss = 12237.2897, Diff_loss = 12232.7373, preserve_loss = 0.0248, adv_loss = 0.0000, discri_loss = 0.0000, sp_cls = 0.0015
epoch 5: loss = 11991.7504, Diff_loss = 11988.6783, preserve_loss = 0.0167, adv_loss = 0.0000, discri_loss = 0.0000, sp_cls = 0.0007
epoch 6: loss = 11868.2353, Diff_loss = 11866.0968, preserve_loss = 0.0116, adv_loss = 0.0000, discri_loss = 0.0000, sp_cls = 0.0006
epoch 7: loss = 11623.9854, Diff_loss = 11622.1148, preserve_loss = 0.0102, adv_loss = 0.0000, discri_loss = 0.0000, sp_cls = 0.0013
epoch 8: loss = 11560.1159, Diff_loss = 11558.4816, preserve_loss = 0.0089, adv_loss = 0.0000, discri_loss = 0.0000, sp_cls = 0.0006
epoch 9: loss = 11424.9862, Diff_loss = 11423.7970, preserve_loss = 0.0065, adv_loss = 0.0000, discri_loss = 0.0000, sp_cls = 0.0003
epoch 10: loss = 11335.8900, Diff_loss = 11335.0340, preserve_loss = 0.0047, adv_loss = 0.0000, discri_loss = 0.0000, sp_cls = 0.0002
epoch 11: loss = 11179.9297, Diff_loss = 11180.2291, preserve_loss = 0.0030, adv_loss = -1.0572, discri_loss = 1.0135, sp_cls = 0.0002
Validation loss decreased (inf --> 10632.660254).  Saving model ...
epoch 12: loss = 10820.8616, Diff_loss = 10821.2212, preserve_loss = 0.0024, adv_loss = -0.9977, discri_loss = 0.8578, sp_cls = 0.0001
Validation loss decreased (10632.660254 --> 10426.691309).  Saving model ...
epoch 13: loss = 10595.2653, Diff_loss = 10595.5810, preserve_loss = 0.0024, adv_loss = -0.9313, discri_loss = 0.7545, sp_cls = 0.0000
Validation loss decreased (10426.691309 --> 10277.113770).  Saving model ...
epoch 14: loss = 10419.3765, Diff_loss = 10419.6349, preserve_loss = 0.0024, adv_loss = -0.8557, discri_loss = 0.6859, sp_cls = 0.0001
Validation loss decreased (10277.113770 --> 10145.042969).  Saving model ...
epoch 15: loss = 10247.6702, Diff_loss = 10247.7221, preserve_loss = 0.0033, adv_loss = -0.8040, discri_loss = 0.6659, sp_cls = 0.0002
Validation loss decreased (10145.042969 --> 10039.543994).  Saving model ...
epoch 16: loss = 10207.4868, Diff_loss = 10207.4797, preserve_loss = 0.0034, adv_loss = -0.7607, discri_loss = 0.6309, sp_cls = 0.0001
Validation loss decreased (10039.543994 --> 9897.356543).  Saving model ...
epoch 17: loss = 10107.4046, Diff_loss = 10107.3470, preserve_loss = 0.0036, adv_loss = -0.7372, discri_loss = 0.6376, sp_cls = 0.0000
Validation loss decreased (9897.356543 --> 9816.821631).  Saving model ...
epoch 18: loss = 10030.3931, Diff_loss = 10030.2608, preserve_loss = 0.0039, adv_loss = -0.7284, discri_loss = 0.6368, sp_cls = 0.0002
Validation loss decreased (9816.821631 --> 9735.485840).  Saving model ...
epoch 19: loss = 9972.1257, Diff_loss = 9972.0357, preserve_loss = 0.0036, adv_loss = -0.7093, discri_loss = 0.6165, sp_cls = 0.0001
Validation loss decreased (9735.485840 --> 9687.968408).  Saving model ...
epoch 20: loss = 9904.3626, Diff_loss = 9904.2635, preserve_loss = 0.0036, adv_loss = -0.7019, discri_loss = 0.6215, sp_cls = 0.0001
Validation loss decreased (9687.968408 --> 9605.592578).  Saving model ...
epoch 21: loss = 9796.9570, Diff_loss = 9796.9318, preserve_loss = 0.0032, adv_loss = -0.6946, discri_loss = 0.6238, sp_cls = 0.0001
Validation loss decreased (9605.592578 --> 9543.166211).  Saving model ...
epoch 22: loss = 9752.6491, Diff_loss = 9752.6024, preserve_loss = 0.0033, adv_loss = -0.6877, discri_loss = 0.6190, sp_cls = 0.0000
Validation loss decreased (9543.166211 --> 9533.302295).  Saving model ...
epoch 23: loss = 9605.9801, Diff_loss = 9605.9690, preserve_loss = 0.0031, adv_loss = -0.6936, discri_loss = 0.6456, sp_cls = 0.0001
Validation loss decreased (9533.302295 --> 9459.181445).  Saving model ...
epoch 24: loss = 9613.7329, Diff_loss = 9613.7470, preserve_loss = 0.0030, adv_loss = -0.6971, discri_loss = 0.6320, sp_cls = 0.0000
Validation loss decreased (9459.181445 --> 9455.762109).  Saving model ...
epoch 25: loss = 9603.5450, Diff_loss = 9603.5463, preserve_loss = 0.0031, adv_loss = -0.6984, discri_loss = 0.6429, sp_cls = 0.0000
Validation loss decreased (9455.762109 --> 9414.947314).  Saving model ...
epoch 26: loss = 9510.8953, Diff_loss = 9510.9331, preserve_loss = 0.0029, adv_loss = -0.7001, discri_loss = 0.6432, sp_cls = 0.0001
Validation loss decreased (9414.947314 --> 9372.134619).  Saving model ...
epoch 27: loss = 9444.2489, Diff_loss = 9444.2763, preserve_loss = 0.0029, adv_loss = -0.7007, discri_loss = 0.6406, sp_cls = 0.0001
Validation loss decreased (9372.134619 --> 9346.287207).  Saving model ...
epoch 28: loss = 9502.8015, Diff_loss = 9502.8197, preserve_loss = 0.0030, adv_loss = -0.6989, discri_loss = 0.6385, sp_cls = 0.0001
EarlyStopping counter: 1 / 20
epoch 29: loss = 9428.2647, Diff_loss = 9428.2677, preserve_loss = 0.0031, adv_loss = -0.7033, discri_loss = 0.6391, sp_cls = 0.0000
Validation loss decreased (9346.287207 --> 9336.056592).  Saving model ...
epoch 30: loss = 9442.0767, Diff_loss = 9442.1006, preserve_loss = 0.0030, adv_loss = -0.7051, discri_loss = 0.6569, sp_cls = 0.0000
Validation loss decreased (9336.056592 --> 9287.898438).  Saving model ...
epoch 31: loss = 9419.0820, Diff_loss = 9419.1134, preserve_loss = 0.0029, adv_loss = -0.7069, discri_loss = 0.6437, sp_cls = 0.0001
Validation loss decreased (9287.898438 --> 9278.396826).  Saving model ...
epoch 32: loss = 9364.3468, Diff_loss = 9364.3996, preserve_loss = 0.0028, adv_loss = -0.7073, discri_loss = 0.6507, sp_cls = 0.0001
EarlyStopping counter: 1 / 20
epoch 33: loss = 9354.2385, Diff_loss = 9354.3010, preserve_loss = 0.0028, adv_loss = -0.7061, discri_loss = 0.6476, sp_cls = 0.0000
Validation loss decreased (9278.396826 --> 9273.869971).  Saving model ...
epoch 34: loss = 9421.1784, Diff_loss = 9421.2281, preserve_loss = 0.0029, adv_loss = -0.7096, discri_loss = 0.6498, sp_cls = 0.0000
Validation loss decreased (9273.869971 --> 9253.845166).  Saving model ...
epoch 35: loss = 9390.2168, Diff_loss = 9390.2898, preserve_loss = 0.0027, adv_loss = -0.7060, discri_loss = 0.6444, sp_cls = 0.0000
Validation loss decreased (9253.845166 --> 9221.011914).  Saving model ...
epoch 36: loss = 9320.0671, Diff_loss = 9320.1294, preserve_loss = 0.0028, adv_loss = -0.7078, discri_loss = 0.6553, sp_cls = 0.0000
EarlyStopping counter: 1 / 20
epoch 37: loss = 9334.2536, Diff_loss = 9334.2896, preserve_loss = 0.0029, adv_loss = -0.7136, discri_loss = 0.6541, sp_cls = 0.0000
Validation loss decreased (9221.011914 --> 9199.456348).  Saving model ...
epoch 38: loss = 9244.4486, Diff_loss = 9244.5107, preserve_loss = 0.0028, adv_loss = -0.7201, discri_loss = 0.6587, sp_cls = 0.0000
Validation loss decreased (9199.456348 --> 9187.843359).  Saving model ...
epoch 39: loss = 9275.7613, Diff_loss = 9275.8477, preserve_loss = 0.0027, adv_loss = -0.7174, discri_loss = 0.6519, sp_cls = 0.0000
EarlyStopping counter: 1 / 20
epoch 40: loss = 9326.6740, Diff_loss = 9326.7512, preserve_loss = 0.0028, adv_loss = -0.7208, discri_loss = 0.6529, sp_cls = 0.0000
inference: loss = 9009.3824, Diff_loss = 9009.5349, preserve_loss = 0.0021, adv_loss = -0.6698
All results recorded in adata.
EarlyStopping counter: 2 / 20
epoch 41: loss = 9323.0946, Diff_loss = 9323.1372, preserve_loss = 0.0029, adv_loss = -0.7176, discri_loss = 0.6584, sp_cls = 0.0000
Validation loss decreased (9187.843359 --> 9177.144287).  Saving model ...
epoch 42: loss = 9283.2794, Diff_loss = 9283.3504, preserve_loss = 0.0028, adv_loss = -0.7225, discri_loss = 0.6562, sp_cls = 0.0000
EarlyStopping counter: 1 / 20
epoch 43: loss = 9298.5559, Diff_loss = 9298.6159, preserve_loss = 0.0028, adv_loss = -0.7209, discri_loss = 0.6516, sp_cls = 0.0000
EarlyStopping counter: 2 / 20
epoch 44: loss = 9254.5097, Diff_loss = 9254.5815, preserve_loss = 0.0028, adv_loss = -0.7259, discri_loss = 0.6589, sp_cls = 0.0000
Validation loss decreased (9177.144287 --> 9171.989990).  Saving model ...
epoch 45: loss = 9153.6045, Diff_loss = 9153.6949, preserve_loss = 0.0027, adv_loss = -0.7256, discri_loss = 0.6543, sp_cls = 0.0001
Validation loss decreased (9171.989990 --> 9159.050342).  Saving model ...
epoch 46: loss = 9232.0773, Diff_loss = 9232.1789, preserve_loss = 0.0027, adv_loss = -0.7303, discri_loss = 0.6596, sp_cls = 0.0000
Validation loss decreased (9159.050342 --> 9146.984717).  Saving model ...
epoch 47: loss = 9115.7969, Diff_loss = 9115.9258, preserve_loss = 0.0025, adv_loss = -0.7301, discri_loss = 0.6606, sp_cls = 0.0000
Validation loss decreased (9146.984717 --> 9116.038770).  Saving model ...
epoch 48: loss = 9109.3824, Diff_loss = 9109.4988, preserve_loss = 0.0026, adv_loss = -0.7296, discri_loss = 0.6456, sp_cls = 0.0000
EarlyStopping counter: 1 / 20
epoch 49: loss = 9133.6024, Diff_loss = 9133.7220, preserve_loss = 0.0025, adv_loss = -0.7251, discri_loss = 0.6441, sp_cls = 0.0000
EarlyStopping counter: 2 / 20
epoch 50: loss = 9260.4773, Diff_loss = 9260.5895, preserve_loss = 0.0026, adv_loss = -0.7244, discri_loss = 0.6416, sp_cls = 0.0000
inference: loss = 8866.2516, Diff_loss = 8866.4225, preserve_loss = 0.0020, adv_loss = -0.6711
All results recorded in adata.
EarlyStopping counter: 3 / 20
epoch 51: loss = 9177.2886, Diff_loss = 9177.4108, preserve_loss = 0.0025, adv_loss = -0.7246, discri_loss = 0.6563, sp_cls = 0.0000
Validation loss decreased (9116.038770 --> 9105.744922).  Saving model ...
epoch 52: loss = 9153.0203, Diff_loss = 9153.1395, preserve_loss = 0.0025, adv_loss = -0.7252, discri_loss = 0.6470, sp_cls = 0.0000
EarlyStopping counter: 1 / 20
epoch 53: loss = 9132.1055, Diff_loss = 9132.2118, preserve_loss = 0.0026, adv_loss = -0.7259, discri_loss = 0.6494, sp_cls = 0.0000
EarlyStopping counter: 2 / 20
epoch 54: loss = 9208.2807, Diff_loss = 9208.4115, preserve_loss = 0.0025, adv_loss = -0.7242, discri_loss = 0.6400, sp_cls = 0.0000
Validation loss decreased (9105.744922 --> 9099.680566).  Saving model ...
epoch 55: loss = 9193.8982, Diff_loss = 9194.0135, preserve_loss = 0.0025, adv_loss = -0.7208, discri_loss = 0.6347, sp_cls = 0.0000
EarlyStopping counter: 1 / 20
epoch 56: loss = 9140.6700, Diff_loss = 9140.7855, preserve_loss = 0.0025, adv_loss = -0.7201, discri_loss = 0.6361, sp_cls = 0.0000
EarlyStopping counter: 2 / 20
epoch 57: loss = 9105.8001, Diff_loss = 9105.9243, preserve_loss = 0.0025, adv_loss = -0.7182, discri_loss = 0.6368, sp_cls = 0.0000
Validation loss decreased (9099.680566 --> 9061.875391).  Saving model ...
epoch 58: loss = 9097.7446, Diff_loss = 9097.8854, preserve_loss = 0.0024, adv_loss = -0.7188, discri_loss = 0.6442, sp_cls = 0.0000
EarlyStopping counter: 1 / 20
epoch 59: loss = 9226.6675, Diff_loss = 9226.7903, preserve_loss = 0.0025, adv_loss = -0.7120, discri_loss = 0.6275, sp_cls = 0.0000
EarlyStopping counter: 2 / 20
epoch 60: loss = 9139.4333, Diff_loss = 9139.5619, preserve_loss = 0.0024, adv_loss = -0.7093, discri_loss = 0.6278, sp_cls = 0.0000
inference: loss = 8804.7450, Diff_loss = 8804.9366, preserve_loss = 0.0018, adv_loss = -0.6440
All results recorded in adata.
EarlyStopping counter: 3 / 20
epoch 61: loss = 9065.3414, Diff_loss = 9065.4796, preserve_loss = 0.0024, adv_loss = -0.7081, discri_loss = 0.6269, sp_cls = 0.0000
EarlyStopping counter: 4 / 20
epoch 62: loss = 9049.9637, Diff_loss = 9050.0993, preserve_loss = 0.0024, adv_loss = -0.7078, discri_loss = 0.6271, sp_cls = 0.0000
EarlyStopping counter: 5 / 20
epoch 63: loss = 9001.6840, Diff_loss = 9001.8322, preserve_loss = 0.0023, adv_loss = -0.7064, discri_loss = 0.6251, sp_cls = 0.0000
EarlyStopping counter: 6 / 20
epoch 64: loss = 9072.6523, Diff_loss = 9072.7901, preserve_loss = 0.0024, adv_loss = -0.7050, discri_loss = 0.6176, sp_cls = 0.0000
Validation loss decreased (9061.875391 --> 9059.431934).  Saving model ...
epoch 65: loss = 9110.2148, Diff_loss = 9110.3540, preserve_loss = 0.0023, adv_loss = -0.7008, discri_loss = 0.6149, sp_cls = 0.0000
EarlyStopping counter: 1 / 20
epoch 66: loss = 9085.5246, Diff_loss = 9085.6594, preserve_loss = 0.0023, adv_loss = -0.6968, discri_loss = 0.6100, sp_cls = 0.0000
Validation loss decreased (9059.431934 --> 9051.492285).  Saving model ...
epoch 67: loss = 9028.0116, Diff_loss = 9028.1500, preserve_loss = 0.0023, adv_loss = -0.6956, discri_loss = 0.6139, sp_cls = 0.0000
EarlyStopping counter: 1 / 20
epoch 68: loss = 8997.0596, Diff_loss = 8997.1855, preserve_loss = 0.0024, adv_loss = -0.6924, discri_loss = 0.6046, sp_cls = 0.0000
EarlyStopping counter: 2 / 20
epoch 69: loss = 9107.1261, Diff_loss = 9107.2489, preserve_loss = 0.0024, adv_loss = -0.6878, discri_loss = 0.6037, sp_cls = 0.0000
EarlyStopping counter: 3 / 20
epoch 70: loss = 9108.1284, Diff_loss = 9108.2642, preserve_loss = 0.0023, adv_loss = -0.6857, discri_loss = 0.6009, sp_cls = 0.0000
inference: loss = 8802.8683, Diff_loss = 8803.0469, preserve_loss = 0.0017, adv_loss = -0.6079
All results recorded in adata.
EarlyStopping counter: 4 / 20
epoch 71: loss = 9169.0657, Diff_loss = 9169.1820, preserve_loss = 0.0024, adv_loss = -0.6865, discri_loss = 0.6033, sp_cls = 0.0000
EarlyStopping counter: 5 / 20
epoch 72: loss = 9056.8690, Diff_loss = 9056.9845, preserve_loss = 0.0024, adv_loss = -0.6817, discri_loss = 0.5925, sp_cls = 0.0000
EarlyStopping counter: 6 / 20
epoch 73: loss = 9093.9140, Diff_loss = 9094.0356, preserve_loss = 0.0023, adv_loss = -0.6793, discri_loss = 0.5996, sp_cls = 0.0000
EarlyStopping counter: 7 / 20
epoch 74: loss = 9119.2453, Diff_loss = 9119.3694, preserve_loss = 0.0023, adv_loss = -0.6759, discri_loss = 0.5916, sp_cls = 0.0000
EarlyStopping counter: 8 / 20
epoch 75: loss = 9086.8283, Diff_loss = 9086.9563, preserve_loss = 0.0023, adv_loss = -0.6756, discri_loss = 0.5965, sp_cls = 0.0000
EarlyStopping counter: 9 / 20
epoch 76: loss = 9088.6769, Diff_loss = 9088.7988, preserve_loss = 0.0023, adv_loss = -0.6720, discri_loss = 0.5910, sp_cls = 0.0000
EarlyStopping counter: 10 / 20
epoch 77: loss = 9102.3322, Diff_loss = 9102.4646, preserve_loss = 0.0022, adv_loss = -0.6743, discri_loss = 0.5956, sp_cls = 0.0000
EarlyStopping counter: 11 / 20
epoch 78: loss = 9202.9563, Diff_loss = 9203.0863, preserve_loss = 0.0022, adv_loss = -0.6685, discri_loss = 0.5906, sp_cls = 0.0000
EarlyStopping counter: 12 / 20
epoch 79: loss = 9046.5086, Diff_loss = 9046.6401, preserve_loss = 0.0022, adv_loss = -0.6693, discri_loss = 0.5888, sp_cls = 0.0001
EarlyStopping counter: 13 / 20
epoch 80: loss = 9045.2404, Diff_loss = 9045.3724, preserve_loss = 0.0022, adv_loss = -0.6678, discri_loss = 0.5846, sp_cls = 0.0000
inference: loss = 8800.4747, Diff_loss = 8800.6311, preserve_loss = 0.0017, adv_loss = -0.5828
All results recorded in adata.
EarlyStopping counter: 14 / 20
epoch 81: loss = 9215.2808, Diff_loss = 9215.3958, preserve_loss = 0.0023, adv_loss = -0.6634, discri_loss = 0.5853, sp_cls = 0.0000
EarlyStopping counter: 15 / 20
epoch 82: loss = 9106.6001, Diff_loss = 9106.7222, preserve_loss = 0.0023, adv_loss = -0.6673, discri_loss = 0.5856, sp_cls = 0.0000
EarlyStopping counter: 16 / 20
epoch 83: loss = 9191.3252, Diff_loss = 9191.4410, preserve_loss = 0.0023, adv_loss = -0.6640, discri_loss = 0.5781, sp_cls = 0.0000
EarlyStopping counter: 17 / 20
epoch 84: loss = 9171.4935, Diff_loss = 9171.5993, preserve_loss = 0.0023, adv_loss = -0.6633, discri_loss = 0.5845, sp_cls = 0.0000
EarlyStopping counter: 18 / 20
epoch 85: loss = 9146.7637, Diff_loss = 9146.8622, preserve_loss = 0.0024, adv_loss = -0.6624, discri_loss = 0.5860, sp_cls = 0.0000
EarlyStopping counter: 19 / 20
epoch 86: loss = 9105.4636, Diff_loss = 9105.5642, preserve_loss = 0.0024, adv_loss = -0.6610, discri_loss = 0.5846, sp_cls = 0.0000
EarlyStopping counter: 20 / 20
Early stopping at epoch 86
Training finished!
inference: loss = 8808.6055, Diff_loss = 8808.7876, preserve_loss = 0.0018, adv_loss = -0.6243
All results recorded in adata.
>>> Trial 24 score=0.5413
    [Bio] NMI=0.5447, ARI=0.4477, label_ASW=0.5375, cLISI=0.9585, iso_ASW=0.5457, iso_F1=0.7197
    [Batch] sil=0.9700, iLISI=0.2714, kBET=0.0499, PCR=0.0000
    [Modality] sil=1.0000, iLISI=0.3121, kBET=0.1686, PCR=0.6970, graph_conn=0.9339
[I 2026-02-11 16:50:25,887] Trial 24 finished with value: 0.5413389253972791 and parameters: {'gamma': 183.50834008567102, 'lambda_adv': 0.8084733138360672, 'lr': 0.0005340949068478596, 'dropout_rate': 0.2332372162602146, 'latent_dim': 64, 'lambda_sp_cls': 2.9401614113375993, 'batch_size': 256}. Best is trial 15 with value: 0.5537243471958723.

============================================================
Trial 25: gamma=192.473, lambda_adv=0.781, lambda_sp_cls=3.082, lr=0.00056, dropout=0.22, latent_dim=64, denoise_hidden=512, batch_size=256
============================================================
using cuda
Training start!
epoch 1: loss = 19253.0980, Diff_loss = 14725.3185, preserve_loss = 23.5212, adv_loss = 0.0000, discri_loss = 0.0000, sp_cls = 0.1909
epoch 2: loss = 12696.3739, Diff_loss = 12680.1432, preserve_loss = 0.0843, adv_loss = 0.0000, discri_loss = 0.0000, sp_cls = 0.0037
epoch 3: loss = 12341.2493, Diff_loss = 12334.9170, preserve_loss = 0.0329, adv_loss = 0.0000, discri_loss = 0.0000, sp_cls = 0.0014
epoch 4: loss = 12273.2805, Diff_loss = 12269.9177, preserve_loss = 0.0175, adv_loss = 0.0000, discri_loss = 0.0000, sp_cls = 0.0007
epoch 5: loss = 12040.7125, Diff_loss = 12038.5781, preserve_loss = 0.0111, adv_loss = 0.0000, discri_loss = 0.0000, sp_cls = 0.0004
epoch 6: loss = 11741.4609, Diff_loss = 11740.0245, preserve_loss = 0.0075, adv_loss = 0.0000, discri_loss = 0.0000, sp_cls = 0.0002
epoch 7: loss = 11645.5355, Diff_loss = 11644.4689, preserve_loss = 0.0055, adv_loss = 0.0000, discri_loss = 0.0000, sp_cls = 0.0001
epoch 8: loss = 11522.9940, Diff_loss = 11522.1856, preserve_loss = 0.0042, adv_loss = 0.0000, discri_loss = 0.0000, sp_cls = 0.0001
epoch 9: loss = 11372.7422, Diff_loss = 11372.0921, preserve_loss = 0.0034, adv_loss = 0.0000, discri_loss = 0.0000, sp_cls = 0.0000
epoch 10: loss = 11154.7658, Diff_loss = 11154.2260, preserve_loss = 0.0028, adv_loss = 0.0000, discri_loss = 0.0000, sp_cls = 0.0000
epoch 11: loss = 11010.1421, Diff_loss = 11010.4651, preserve_loss = 0.0027, adv_loss = -1.0716, discri_loss = 1.0497, sp_cls = 0.0000
Validation loss decreased (inf --> 10631.546680).  Saving model ...
epoch 12: loss = 10727.1669, Diff_loss = 10727.3554, preserve_loss = 0.0032, adv_loss = -1.0306, discri_loss = 0.8909, sp_cls = 0.0000
Validation loss decreased (10631.546680 --> 10393.632129).  Saving model ...
epoch 13: loss = 10539.6628, Diff_loss = 10539.6298, preserve_loss = 0.0041, adv_loss = -0.9708, discri_loss = 0.7788, sp_cls = 0.0001
Validation loss decreased (10393.632129 --> 10236.661768).  Saving model ...
epoch 14: loss = 10336.5212, Diff_loss = 10336.3453, preserve_loss = 0.0046, adv_loss = -0.8998, discri_loss = 0.7088, sp_cls = 0.0002
Validation loss decreased (10236.661768 --> 10072.964209).  Saving model ...
epoch 15: loss = 10310.8536, Diff_loss = 10310.8535, preserve_loss = 0.0034, adv_loss = -0.8288, discri_loss = 0.6509, sp_cls = 0.0000
Validation loss decreased (10072.964209 --> 9958.655371).  Saving model ...
epoch 16: loss = 10199.1824, Diff_loss = 10199.2464, preserve_loss = 0.0028, adv_loss = -0.7760, discri_loss = 0.6244, sp_cls = 0.0000
Validation loss decreased (9958.655371 --> 9886.633643).  Saving model ...
epoch 17: loss = 10088.5460, Diff_loss = 10088.6271, preserve_loss = 0.0026, adv_loss = -0.7473, discri_loss = 0.6264, sp_cls = 0.0000
Validation loss decreased (9886.633643 --> 9802.013379).  Saving model ...
epoch 18: loss = 9949.9226, Diff_loss = 9949.9957, preserve_loss = 0.0026, adv_loss = -0.7252, discri_loss = 0.6066, sp_cls = 0.0000
Validation loss decreased (9802.013379 --> 9736.101855).  Saving model ...
epoch 19: loss = 9903.1818, Diff_loss = 9903.2718, preserve_loss = 0.0025, adv_loss = -0.7244, discri_loss = 0.6477, sp_cls = 0.0000
Validation loss decreased (9736.101855 --> 9689.889502).  Saving model ...
epoch 20: loss = 9815.6777, Diff_loss = 9815.8082, preserve_loss = 0.0022, adv_loss = -0.7110, discri_loss = 0.6143, sp_cls = 0.0000
Validation loss decreased (9689.889502 --> 9630.514941).  Saving model ...
epoch 21: loss = 9750.8594, Diff_loss = 9750.9348, preserve_loss = 0.0025, adv_loss = -0.7026, discri_loss = 0.6214, sp_cls = 0.0000
Validation loss decreased (9630.514941 --> 9603.351758).  Saving model ...
epoch 22: loss = 9731.7765, Diff_loss = 9731.8290, preserve_loss = 0.0026, adv_loss = -0.6959, discri_loss = 0.6091, sp_cls = 0.0000
Validation loss decreased (9603.351758 --> 9531.610986).  Saving model ...
epoch 23: loss = 9671.3292, Diff_loss = 9671.3764, preserve_loss = 0.0026, adv_loss = -0.6919, discri_loss = 0.6088, sp_cls = 0.0000
Validation loss decreased (9531.610986 --> 9496.325684).  Saving model ...
epoch 24: loss = 9684.5474, Diff_loss = 9684.5622, preserve_loss = 0.0027, adv_loss = -0.6950, discri_loss = 0.6225, sp_cls = 0.0000
Validation loss decreased (9496.325684 --> 9475.920166).  Saving model ...
epoch 25: loss = 9633.6132, Diff_loss = 9633.6175, preserve_loss = 0.0028, adv_loss = -0.6946, discri_loss = 0.6198, sp_cls = 0.0001
Validation loss decreased (9475.920166 --> 9431.427051).  Saving model ...
epoch 26: loss = 9610.0715, Diff_loss = 9610.0587, preserve_loss = 0.0029, adv_loss = -0.6874, discri_loss = 0.6134, sp_cls = 0.0000
Validation loss decreased (9431.427051 --> 9402.682129).  Saving model ...
epoch 27: loss = 9558.3258, Diff_loss = 9558.2677, preserve_loss = 0.0031, adv_loss = -0.6890, discri_loss = 0.6151, sp_cls = 0.0000
Validation loss decreased (9402.682129 --> 9394.280908).  Saving model ...
epoch 28: loss = 9533.5297, Diff_loss = 9533.4347, preserve_loss = 0.0033, adv_loss = -0.6882, discri_loss = 0.6189, sp_cls = 0.0000
Validation loss decreased (9394.280908 --> 9350.370703).  Saving model ...
epoch 29: loss = 9373.7898, Diff_loss = 9373.6433, preserve_loss = 0.0036, adv_loss = -0.6895, discri_loss = 0.6099, sp_cls = 0.0000
EarlyStopping counter: 1 / 20
epoch 30: loss = 9473.8452, Diff_loss = 9473.6771, preserve_loss = 0.0037, adv_loss = -0.6843, discri_loss = 0.5996, sp_cls = 0.0000
Validation loss decreased (9350.370703 --> 9339.222070).  Saving model ...
epoch 31: loss = 9364.9165, Diff_loss = 9364.6993, preserve_loss = 0.0039, adv_loss = -0.6808, discri_loss = 0.5996, sp_cls = 0.0001
Validation loss decreased (9339.222070 --> 9315.209473).  Saving model ...
epoch 32: loss = 9397.0150, Diff_loss = 9396.8182, preserve_loss = 0.0038, adv_loss = -0.6811, discri_loss = 0.6074, sp_cls = 0.0000
Validation loss decreased (9315.209473 --> 9292.387939).  Saving model ...
epoch 33: loss = 9285.9593, Diff_loss = 9285.7828, preserve_loss = 0.0037, adv_loss = -0.6821, discri_loss = 0.6026, sp_cls = 0.0000
Validation loss decreased (9292.387939 --> 9239.039697).  Saving model ...
epoch 34: loss = 9382.6878, Diff_loss = 9382.4857, preserve_loss = 0.0038, adv_loss = -0.6811, discri_loss = 0.5988, sp_cls = 0.0001
EarlyStopping counter: 1 / 20
epoch 35: loss = 9346.2015, Diff_loss = 9346.0309, preserve_loss = 0.0036, adv_loss = -0.6756, discri_loss = 0.5995, sp_cls = 0.0000
Validation loss decreased (9239.039697 --> 9237.235645).  Saving model ...
epoch 36: loss = 9322.8770, Diff_loss = 9322.7278, preserve_loss = 0.0036, adv_loss = -0.6854, discri_loss = 0.6122, sp_cls = 0.0000
Validation loss decreased (9237.235645 --> 9204.059814).  Saving model ...
epoch 37: loss = 9294.8921, Diff_loss = 9294.7541, preserve_loss = 0.0035, adv_loss = -0.6855, discri_loss = 0.6074, sp_cls = 0.0000
Validation loss decreased (9204.059814 --> 9190.880664).  Saving model ...
epoch 38: loss = 9326.7405, Diff_loss = 9326.6340, preserve_loss = 0.0033, adv_loss = -0.6861, discri_loss = 0.6051, sp_cls = 0.0000
Validation loss decreased (9190.880664 --> 9181.568115).  Saving model ...
epoch 39: loss = 9231.2342, Diff_loss = 9231.0583, preserve_loss = 0.0037, adv_loss = -0.6819, discri_loss = 0.6072, sp_cls = 0.0000
EarlyStopping counter: 1 / 20
epoch 40: loss = 9305.0241, Diff_loss = 9304.8721, preserve_loss = 0.0036, adv_loss = -0.6818, discri_loss = 0.6024, sp_cls = 0.0000
inference: loss = 8957.4127, Diff_loss = 8957.4553, preserve_loss = 0.0023, adv_loss = -0.6092
All results recorded in adata.
Validation loss decreased (9181.568115 --> 9151.963916).  Saving model ...
epoch 41: loss = 9235.2165, Diff_loss = 9235.0678, preserve_loss = 0.0035, adv_loss = -0.6737, discri_loss = 0.5902, sp_cls = 0.0000
EarlyStopping counter: 1 / 20
epoch 42: loss = 9262.0400, Diff_loss = 9261.9102, preserve_loss = 0.0034, adv_loss = -0.6821, discri_loss = 0.6012, sp_cls = 0.0000
EarlyStopping counter: 2 / 20
epoch 43: loss = 9195.8973, Diff_loss = 9195.8024, preserve_loss = 0.0033, adv_loss = -0.6827, discri_loss = 0.6046, sp_cls = 0.0000
Validation loss decreased (9151.963916 --> 9141.678613).  Saving model ...
epoch 44: loss = 9256.7214, Diff_loss = 9256.5782, preserve_loss = 0.0035, adv_loss = -0.6807, discri_loss = 0.5951, sp_cls = 0.0000
EarlyStopping counter: 1 / 20
epoch 45: loss = 9232.0730, Diff_loss = 9231.9475, preserve_loss = 0.0034, adv_loss = -0.6820, discri_loss = 0.6028, sp_cls = 0.0000
Validation loss decreased (9141.678613 --> 9123.397656).  Saving model ...
epoch 46: loss = 9236.3194, Diff_loss = 9236.1962, preserve_loss = 0.0034, adv_loss = -0.6778, discri_loss = 0.5876, sp_cls = 0.0000
EarlyStopping counter: 1 / 20
epoch 47: loss = 9145.8972, Diff_loss = 9145.7901, preserve_loss = 0.0033, adv_loss = -0.6791, discri_loss = 0.5997, sp_cls = 0.0000
Validation loss decreased (9123.397656 --> 9105.228516).  Saving model ...
epoch 48: loss = 9163.2934, Diff_loss = 9163.1741, preserve_loss = 0.0034, adv_loss = -0.6752, discri_loss = 0.5851, sp_cls = 0.0000
EarlyStopping counter: 1 / 20
epoch 49: loss = 9119.8226, Diff_loss = 9119.7120, preserve_loss = 0.0033, adv_loss = -0.6709, discri_loss = 0.5891, sp_cls = 0.0000
EarlyStopping counter: 2 / 20
epoch 50: loss = 9149.0410, Diff_loss = 9148.9466, preserve_loss = 0.0032, adv_loss = -0.6723, discri_loss = 0.5854, sp_cls = 0.0000
inference: loss = 8834.4743, Diff_loss = 8834.5509, preserve_loss = 0.0020, adv_loss = -0.5983
All results recorded in adata.
EarlyStopping counter: 3 / 20
epoch 51: loss = 9240.5710, Diff_loss = 9240.4787, preserve_loss = 0.0032, adv_loss = -0.6715, discri_loss = 0.5902, sp_cls = 0.0000
EarlyStopping counter: 4 / 20
epoch 52: loss = 9128.2275, Diff_loss = 9128.1663, preserve_loss = 0.0031, adv_loss = -0.6736, discri_loss = 0.5969, sp_cls = 0.0000
Validation loss decreased (9105.228516 --> 9089.763916).  Saving model ...
epoch 53: loss = 9122.9824, Diff_loss = 9122.8773, preserve_loss = 0.0033, adv_loss = -0.6744, discri_loss = 0.5925, sp_cls = 0.0000
EarlyStopping counter: 1 / 20
epoch 54: loss = 9134.6793, Diff_loss = 9134.5930, preserve_loss = 0.0032, adv_loss = -0.6688, discri_loss = 0.5816, sp_cls = 0.0001
Validation loss decreased (9089.763916 --> 9089.033691).  Saving model ...
epoch 55: loss = 9139.3870, Diff_loss = 9139.2952, preserve_loss = 0.0032, adv_loss = -0.6650, discri_loss = 0.5788, sp_cls = 0.0000
Validation loss decreased (9089.033691 --> 9081.706299).  Saving model ...
epoch 56: loss = 9113.4461, Diff_loss = 9113.3701, preserve_loss = 0.0031, adv_loss = -0.6623, discri_loss = 0.5764, sp_cls = 0.0000
EarlyStopping counter: 1 / 20
epoch 57: loss = 9061.6149, Diff_loss = 9061.5407, preserve_loss = 0.0031, adv_loss = -0.6637, discri_loss = 0.5795, sp_cls = 0.0000
EarlyStopping counter: 2 / 20
epoch 58: loss = 9055.2908, Diff_loss = 9055.1957, preserve_loss = 0.0032, adv_loss = -0.6599, discri_loss = 0.5750, sp_cls = 0.0000
Validation loss decreased (9081.706299 --> 9072.091357).  Saving model ...
epoch 59: loss = 8998.3875, Diff_loss = 8998.3234, preserve_loss = 0.0030, adv_loss = -0.6560, discri_loss = 0.5699, sp_cls = 0.0000
EarlyStopping counter: 1 / 20
epoch 60: loss = 9061.5829, Diff_loss = 9061.5045, preserve_loss = 0.0031, adv_loss = -0.6576, discri_loss = 0.5769, sp_cls = 0.0000
inference: loss = 8777.7340, Diff_loss = 8777.8076, preserve_loss = 0.0020, adv_loss = -0.5882
All results recorded in adata.
Validation loss decreased (9072.091357 --> 9066.289307).  Saving model ...
epoch 61: loss = 9019.4695, Diff_loss = 9019.3818, preserve_loss = 0.0031, adv_loss = -0.6573, discri_loss = 0.5668, sp_cls = 0.0000
EarlyStopping counter: 1 / 20
epoch 62: loss = 9013.9144, Diff_loss = 9013.8334, preserve_loss = 0.0031, adv_loss = -0.6535, discri_loss = 0.5620, sp_cls = 0.0000
EarlyStopping counter: 2 / 20
epoch 63: loss = 9079.4603, Diff_loss = 9079.3688, preserve_loss = 0.0031, adv_loss = -0.6467, discri_loss = 0.5612, sp_cls = 0.0000
EarlyStopping counter: 3 / 20
epoch 64: loss = 9096.1581, Diff_loss = 9096.0699, preserve_loss = 0.0031, adv_loss = -0.6440, discri_loss = 0.5579, sp_cls = 0.0000
EarlyStopping counter: 4 / 20
epoch 65: loss = 9119.6393, Diff_loss = 9119.5612, preserve_loss = 0.0030, adv_loss = -0.6414, discri_loss = 0.5519, sp_cls = 0.0000
EarlyStopping counter: 5 / 20
epoch 66: loss = 9022.5504, Diff_loss = 9022.4552, preserve_loss = 0.0031, adv_loss = -0.6414, discri_loss = 0.5536, sp_cls = 0.0000
EarlyStopping counter: 6 / 20
epoch 67: loss = 9047.6992, Diff_loss = 9047.6025, preserve_loss = 0.0031, adv_loss = -0.6393, discri_loss = 0.5463, sp_cls = 0.0000
EarlyStopping counter: 7 / 20
epoch 68: loss = 9093.3298, Diff_loss = 9093.2435, preserve_loss = 0.0030, adv_loss = -0.6347, discri_loss = 0.5481, sp_cls = 0.0000
Validation loss decreased (9066.289307 --> 9061.643799).  Saving model ...
epoch 69: loss = 8977.2767, Diff_loss = 8977.1819, preserve_loss = 0.0031, adv_loss = -0.6325, discri_loss = 0.5470, sp_cls = 0.0000
EarlyStopping counter: 1 / 20
epoch 70: loss = 9090.9045, Diff_loss = 9090.8184, preserve_loss = 0.0030, adv_loss = -0.6308, discri_loss = 0.5450, sp_cls = 0.0000
inference: loss = 8773.2637, Diff_loss = 8773.3308, preserve_loss = 0.0019, adv_loss = -0.5573
All results recorded in adata.
EarlyStopping counter: 2 / 20
epoch 71: loss = 9124.9226, Diff_loss = 9124.8388, preserve_loss = 0.0030, adv_loss = -0.6298, discri_loss = 0.5394, sp_cls = 0.0000
EarlyStopping counter: 3 / 20
epoch 72: loss = 9064.0910, Diff_loss = 9064.0199, preserve_loss = 0.0029, adv_loss = -0.6322, discri_loss = 0.5475, sp_cls = 0.0000
EarlyStopping counter: 4 / 20
epoch 73: loss = 8996.7774, Diff_loss = 8996.6910, preserve_loss = 0.0030, adv_loss = -0.6268, discri_loss = 0.5372, sp_cls = 0.0000
EarlyStopping counter: 5 / 20
epoch 74: loss = 9004.4355, Diff_loss = 9004.3384, preserve_loss = 0.0030, adv_loss = -0.6253, discri_loss = 0.5311, sp_cls = 0.0000
EarlyStopping counter: 6 / 20
epoch 75: loss = 9198.6941, Diff_loss = 9198.5948, preserve_loss = 0.0030, adv_loss = -0.6213, discri_loss = 0.5360, sp_cls = 0.0000
EarlyStopping counter: 7 / 20
epoch 76: loss = 8945.2077, Diff_loss = 8945.1239, preserve_loss = 0.0030, adv_loss = -0.6205, discri_loss = 0.5420, sp_cls = 0.0000
EarlyStopping counter: 8 / 20
epoch 77: loss = 9098.9639, Diff_loss = 9098.8824, preserve_loss = 0.0029, adv_loss = -0.6203, discri_loss = 0.5314, sp_cls = 0.0000
EarlyStopping counter: 9 / 20
epoch 78: loss = 9040.9101, Diff_loss = 9040.8142, preserve_loss = 0.0030, adv_loss = -0.6182, discri_loss = 0.5322, sp_cls = 0.0000
EarlyStopping counter: 10 / 20
epoch 79: loss = 9079.0388, Diff_loss = 9078.9524, preserve_loss = 0.0029, adv_loss = -0.6148, discri_loss = 0.5311, sp_cls = 0.0000
EarlyStopping counter: 11 / 20
epoch 80: loss = 9081.7828, Diff_loss = 9081.6925, preserve_loss = 0.0030, adv_loss = -0.6147, discri_loss = 0.5295, sp_cls = 0.0000
inference: loss = 8782.2989, Diff_loss = 8782.3696, preserve_loss = 0.0018, adv_loss = -0.5274
All results recorded in adata.
EarlyStopping counter: 12 / 20
epoch 81: loss = 8996.0805, Diff_loss = 8996.0109, preserve_loss = 0.0028, adv_loss = -0.6107, discri_loss = 0.5266, sp_cls = 0.0000
EarlyStopping counter: 13 / 20
epoch 82: loss = 9002.9982, Diff_loss = 9002.9185, preserve_loss = 0.0029, adv_loss = -0.6115, discri_loss = 0.5258, sp_cls = 0.0000
EarlyStopping counter: 14 / 20
epoch 83: loss = 8949.6415, Diff_loss = 8949.5539, preserve_loss = 0.0029, adv_loss = -0.6089, discri_loss = 0.5247, sp_cls = 0.0000
EarlyStopping counter: 15 / 20
epoch 84: loss = 9101.2347, Diff_loss = 9101.1492, preserve_loss = 0.0029, adv_loss = -0.6053, discri_loss = 0.5241, sp_cls = 0.0000
EarlyStopping counter: 16 / 20
epoch 85: loss = 9041.4361, Diff_loss = 9041.3534, preserve_loss = 0.0029, adv_loss = -0.6102, discri_loss = 0.5310, sp_cls = 0.0000
EarlyStopping counter: 17 / 20
epoch 86: loss = 9200.9608, Diff_loss = 9200.8763, preserve_loss = 0.0029, adv_loss = -0.6085, discri_loss = 0.5261, sp_cls = 0.0000
EarlyStopping counter: 18 / 20
epoch 87: loss = 9065.4351, Diff_loss = 9065.3480, preserve_loss = 0.0029, adv_loss = -0.6073, discri_loss = 0.5327, sp_cls = 0.0000
EarlyStopping counter: 19 / 20
epoch 88: loss = 9080.9385, Diff_loss = 9080.8512, preserve_loss = 0.0029, adv_loss = -0.6054, discri_loss = 0.5184, sp_cls = 0.0000
EarlyStopping counter: 20 / 20
Early stopping at epoch 88
Training finished!
inference: loss = 8773.0136, Diff_loss = 8773.0903, preserve_loss = 0.0018, adv_loss = -0.5470
All results recorded in adata.
>>> Trial 25 score=0.5491
    [Bio] NMI=0.5969, ARI=0.5178, label_ASW=0.5378, cLISI=0.9544, iso_ASW=0.5397, iso_F1=0.6016
    [Batch] sil=0.9760, iLISI=0.2784, kBET=0.0627, PCR=0.0000
    [Modality] sil=0.9983, iLISI=0.3284, kBET=0.1712, PCR=0.7453, graph_conn=0.9372
[I 2026-02-11 17:17:34,942] Trial 25 finished with value: 0.549146949464448 and parameters: {'gamma': 192.47263271765325, 'lambda_adv': 0.7813764711980598, 'lr': 0.0005592684799107253, 'dropout_rate': 0.21506920944883573, 'latent_dim': 64, 'lambda_sp_cls': 3.081655020504155, 'batch_size': 256}. Best is trial 15 with value: 0.5537243471958723.

============================================================
Trial 26: gamma=43.661, lambda_adv=0.816, lambda_sp_cls=3.097, lr=0.00062, dropout=0.23, latent_dim=64, denoise_hidden=512, batch_size=128
============================================================
using cuda
Training start!
epoch 1: loss = 14223.3395, Diff_loss = 13903.9558, preserve_loss = 7.3089, adv_loss = 0.0000, discri_loss = 0.0000, sp_cls = 0.0872
epoch 2: loss = 12434.1100, Diff_loss = 12430.4178, preserve_loss = 0.0845, adv_loss = 0.0000, discri_loss = 0.0000, sp_cls = 0.0011
epoch 3: loss = 12069.9106, Diff_loss = 12068.2797, preserve_loss = 0.0373, adv_loss = 0.0000, discri_loss = 0.0000, sp_cls = 0.0002
epoch 4: loss = 11667.6763, Diff_loss = 11666.1927, preserve_loss = 0.0340, adv_loss = 0.0000, discri_loss = 0.0000, sp_cls = 0.0002
epoch 5: loss = 11391.9144, Diff_loss = 11390.4824, preserve_loss = 0.0328, adv_loss = 0.0000, discri_loss = 0.0000, sp_cls = 0.0001
epoch 6: loss = 11220.6035, Diff_loss = 11218.9807, preserve_loss = 0.0372, adv_loss = 0.0000, discri_loss = 0.0000, sp_cls = 0.0001
epoch 7: loss = 11071.3587, Diff_loss = 11069.6784, preserve_loss = 0.0385, adv_loss = 0.0000, discri_loss = 0.0000, sp_cls = 0.0003
epoch 8: loss = 10902.1847, Diff_loss = 10900.8163, preserve_loss = 0.0313, adv_loss = 0.0000, discri_loss = 0.0000, sp_cls = 0.0002
epoch 9: loss = 10676.0861, Diff_loss = 10674.9036, preserve_loss = 0.0271, adv_loss = 0.0000, discri_loss = 0.0000, sp_cls = 0.0003
epoch 10: loss = 10711.9346, Diff_loss = 10710.9281, preserve_loss = 0.0231, adv_loss = 0.0000, discri_loss = 0.0000, sp_cls = 0.0001
epoch 11: loss = 10488.7751, Diff_loss = 10488.7415, preserve_loss = 0.0201, adv_loss = -1.0344, discri_loss = 0.9393, sp_cls = 0.0000
Validation loss decreased (inf --> 10116.766235).  Saving model ...
epoch 12: loss = 10347.3003, Diff_loss = 10347.1721, preserve_loss = 0.0198, adv_loss = -0.9040, discri_loss = 0.7103, sp_cls = 0.0000
Validation loss decreased (10116.766235 --> 9983.213367).  Saving model ...
epoch 13: loss = 10260.9531, Diff_loss = 10260.7791, preserve_loss = 0.0186, adv_loss = -0.7803, discri_loss = 0.6005, sp_cls = 0.0001
Validation loss decreased (9983.213367 --> 9887.283154).  Saving model ...
epoch 14: loss = 10030.8631, Diff_loss = 10030.7724, preserve_loss = 0.0153, adv_loss = -0.7088, discri_loss = 0.5598, sp_cls = 0.0000
Validation loss decreased (9887.283154 --> 9862.105457).  Saving model ...
epoch 15: loss = 9991.5690, Diff_loss = 9991.4797, preserve_loss = 0.0142, adv_loss = -0.6487, discri_loss = 0.5099, sp_cls = 0.0001
Validation loss decreased (9862.105457 --> 9768.861340).  Saving model ...
epoch 16: loss = 9891.1007, Diff_loss = 9891.0093, preserve_loss = 0.0134, adv_loss = -0.6066, discri_loss = 0.5000, sp_cls = 0.0000
Validation loss decreased (9768.861340 --> 9699.951453).  Saving model ...
epoch 17: loss = 9816.6058, Diff_loss = 9816.4554, preserve_loss = 0.0143, adv_loss = -0.5820, discri_loss = 0.4902, sp_cls = 0.0000
Validation loss decreased (9699.951453 --> 9656.398621).  Saving model ...
epoch 18: loss = 9809.7183, Diff_loss = 9809.6172, preserve_loss = 0.0131, adv_loss = -0.5782, discri_loss = 0.5074, sp_cls = 0.0000
Validation loss decreased (9656.398621 --> 9626.107678).  Saving model ...
epoch 19: loss = 9814.2677, Diff_loss = 9814.1488, preserve_loss = 0.0133, adv_loss = -0.5651, discri_loss = 0.5035, sp_cls = 0.0000
Validation loss decreased (9626.107678 --> 9576.707861).  Saving model ...
epoch 20: loss = 9722.5290, Diff_loss = 9722.4485, preserve_loss = 0.0125, adv_loss = -0.5687, discri_loss = 0.5159, sp_cls = 0.0002
Validation loss decreased (9576.707861 --> 9563.019348).  Saving model ...
epoch 21: loss = 9626.5990, Diff_loss = 9626.5377, preserve_loss = 0.0122, adv_loss = -0.5780, discri_loss = 0.5450, sp_cls = 0.0000
Validation loss decreased (9563.019348 --> 9532.680139).  Saving model ...
epoch 22: loss = 9743.1896, Diff_loss = 9743.1348, preserve_loss = 0.0123, adv_loss = -0.5912, discri_loss = 0.5555, sp_cls = 0.0000
Validation loss decreased (9532.680139 --> 9492.004700).  Saving model ...
epoch 23: loss = 9588.7944, Diff_loss = 9588.7353, preserve_loss = 0.0126, adv_loss = -0.6028, discri_loss = 0.5785, sp_cls = 0.0000
Validation loss decreased (9492.004700 --> 9443.809595).  Saving model ...
epoch 24: loss = 9630.4555, Diff_loss = 9630.3950, preserve_loss = 0.0128, adv_loss = -0.6127, discri_loss = 0.5739, sp_cls = 0.0000
Validation loss decreased (9443.809595 --> 9410.705396).  Saving model ...
epoch 25: loss = 9614.5883, Diff_loss = 9614.5297, preserve_loss = 0.0128, adv_loss = -0.6165, discri_loss = 0.5740, sp_cls = 0.0002
EarlyStopping counter: 1 / 20
epoch 26: loss = 9514.0229, Diff_loss = 9513.9591, preserve_loss = 0.0131, adv_loss = -0.6248, discri_loss = 0.5883, sp_cls = 0.0000
Validation loss decreased (9410.705396 --> 9368.661731).  Saving model ...
epoch 27: loss = 9540.1186, Diff_loss = 9540.0200, preserve_loss = 0.0140, adv_loss = -0.6304, discri_loss = 0.5806, sp_cls = 0.0001
Validation loss decreased (9368.661731 --> 9329.658215).  Saving model ...
epoch 28: loss = 9357.2818, Diff_loss = 9357.2060, preserve_loss = 0.0136, adv_loss = -0.6353, discri_loss = 0.5857, sp_cls = 0.0000
Validation loss decreased (9329.658215 --> 9325.537402).  Saving model ...
epoch 29: loss = 9530.0414, Diff_loss = 9529.9471, preserve_loss = 0.0139, adv_loss = -0.6295, discri_loss = 0.5800, sp_cls = 0.0000
Validation loss decreased (9325.537402 --> 9323.598059).  Saving model ...
epoch 30: loss = 9439.3149, Diff_loss = 9439.2537, preserve_loss = 0.0133, adv_loss = -0.6358, discri_loss = 0.5976, sp_cls = 0.0000
Validation loss decreased (9323.598059 --> 9290.432581).  Saving model ...
epoch 31: loss = 9420.4418, Diff_loss = 9420.3928, preserve_loss = 0.0132, adv_loss = -0.6460, discri_loss = 0.6072, sp_cls = 0.0003
EarlyStopping counter: 1 / 20
epoch 32: loss = 9363.6717, Diff_loss = 9363.6204, preserve_loss = 0.0133, adv_loss = -0.6498, discri_loss = 0.5932, sp_cls = 0.0000
Validation loss decreased (9290.432581 --> 9273.204272).  Saving model ...
epoch 33: loss = 9367.5669, Diff_loss = 9367.4990, preserve_loss = 0.0136, adv_loss = -0.6450, discri_loss = 0.5941, sp_cls = 0.0000
EarlyStopping counter: 1 / 20
epoch 34: loss = 9309.7113, Diff_loss = 9309.6686, preserve_loss = 0.0132, adv_loss = -0.6555, discri_loss = 0.5995, sp_cls = 0.0000
Validation loss decreased (9273.204272 --> 9257.776807).  Saving model ...
epoch 35: loss = 9229.7217, Diff_loss = 9229.6691, preserve_loss = 0.0134, adv_loss = -0.6521, discri_loss = 0.5976, sp_cls = 0.0001
Validation loss decreased (9257.776807 --> 9238.903186).  Saving model ...
epoch 36: loss = 9291.9949, Diff_loss = 9291.9509, preserve_loss = 0.0132, adv_loss = -0.6510, discri_loss = 0.5961, sp_cls = 0.0000
EarlyStopping counter: 1 / 20
epoch 37: loss = 9207.5530, Diff_loss = 9207.5578, preserve_loss = 0.0122, adv_loss = -0.6601, discri_loss = 0.6163, sp_cls = 0.0000
EarlyStopping counter: 2 / 20
epoch 38: loss = 9256.3942, Diff_loss = 9256.3912, preserve_loss = 0.0124, adv_loss = -0.6604, discri_loss = 0.5994, sp_cls = 0.0000
Validation loss decreased (9238.903186 --> 9206.899707).  Saving model ...
epoch 39: loss = 9330.9671, Diff_loss = 9330.9577, preserve_loss = 0.0123, adv_loss = -0.6491, discri_loss = 0.5847, sp_cls = 0.0000
EarlyStopping counter: 1 / 20
epoch 40: loss = 9306.4199, Diff_loss = 9306.4043, preserve_loss = 0.0124, adv_loss = -0.6459, discri_loss = 0.5928, sp_cls = 0.0000
inference: loss = 8966.7987, Diff_loss = 8966.8213, preserve_loss = 0.0106, adv_loss = -0.5953
All results recorded in adata.
[I 2026-02-11 17:37:14,556] Trial 26 pruned. 

============================================================
Trial 27: gamma=182.169, lambda_adv=0.907, lambda_sp_cls=4.906, lr=0.00051, dropout=0.21, latent_dim=64, denoise_hidden=512, batch_size=256
============================================================
using cuda
Training start!
epoch 1: loss = 19257.9313, Diff_loss = 14937.5361, preserve_loss = 23.7126, adv_loss = 0.0000, discri_loss = 0.0000, sp_cls = 0.1443
epoch 2: loss = 12814.6075, Diff_loss = 12797.9468, preserve_loss = 0.0914, adv_loss = 0.0000, discri_loss = 0.0000, sp_cls = 0.0033
epoch 3: loss = 12377.2280, Diff_loss = 12369.8971, preserve_loss = 0.0402, adv_loss = 0.0000, discri_loss = 0.0000, sp_cls = 0.0010
epoch 4: loss = 12369.9361, Diff_loss = 12365.7003, preserve_loss = 0.0232, adv_loss = 0.0000, discri_loss = 0.0000, sp_cls = 0.0006
epoch 5: loss = 12087.0437, Diff_loss = 12084.1643, preserve_loss = 0.0158, adv_loss = 0.0000, discri_loss = 0.0000, sp_cls = 0.0003
epoch 6: loss = 11962.4436, Diff_loss = 11960.3841, preserve_loss = 0.0113, adv_loss = 0.0000, discri_loss = 0.0000, sp_cls = 0.0003
epoch 7: loss = 11721.4336, Diff_loss = 11719.6034, preserve_loss = 0.0100, adv_loss = 0.0000, discri_loss = 0.0000, sp_cls = 0.0003
epoch 8: loss = 11548.4633, Diff_loss = 11546.8385, preserve_loss = 0.0089, adv_loss = 0.0000, discri_loss = 0.0000, sp_cls = 0.0003
epoch 9: loss = 11428.0970, Diff_loss = 11426.5837, preserve_loss = 0.0083, adv_loss = 0.0000, discri_loss = 0.0000, sp_cls = 0.0004
epoch 10: loss = 11313.9847, Diff_loss = 11312.4425, preserve_loss = 0.0085, adv_loss = 0.0000, discri_loss = 0.0000, sp_cls = 0.0005
epoch 11: loss = 11054.1792, Diff_loss = 11054.0222, preserve_loss = 0.0061, adv_loss = -1.0623, discri_loss = 1.0403, sp_cls = 0.0002
Validation loss decreased (inf --> 10698.077295).  Saving model ...
epoch 12: loss = 10797.0570, Diff_loss = 10797.0256, preserve_loss = 0.0053, adv_loss = -1.0222, discri_loss = 0.9062, sp_cls = 0.0001
Validation loss decreased (10698.077295 --> 10481.073437).  Saving model ...
epoch 13: loss = 10636.6813, Diff_loss = 10636.7009, preserve_loss = 0.0047, adv_loss = -0.9750, discri_loss = 0.8163, sp_cls = 0.0002
Validation loss decreased (10481.073437 --> 10308.855859).  Saving model ...
epoch 14: loss = 10553.5981, Diff_loss = 10553.7174, preserve_loss = 0.0039, adv_loss = -0.9201, discri_loss = 0.7557, sp_cls = 0.0002
Validation loss decreased (10308.855859 --> 10149.710742).  Saving model ...
epoch 15: loss = 10406.7405, Diff_loss = 10406.9070, preserve_loss = 0.0035, adv_loss = -0.8822, discri_loss = 0.7387, sp_cls = 0.0001
Validation loss decreased (10149.710742 --> 10034.377441).  Saving model ...
epoch 16: loss = 10280.7995, Diff_loss = 10280.9991, preserve_loss = 0.0032, adv_loss = -0.8548, discri_loss = 0.7166, sp_cls = 0.0001
Validation loss decreased (10034.377441 --> 9926.195752).  Saving model ...
epoch 17: loss = 10143.6591, Diff_loss = 10143.7835, preserve_loss = 0.0034, adv_loss = -0.8276, discri_loss = 0.7075, sp_cls = 0.0001
Validation loss decreased (9926.195752 --> 9846.021045).  Saving model ...
epoch 18: loss = 9959.6554, Diff_loss = 9959.8646, preserve_loss = 0.0029, adv_loss = -0.8067, discri_loss = 0.6851, sp_cls = 0.0001
Validation loss decreased (9846.021045 --> 9761.548779).  Saving model ...
epoch 19: loss = 9926.1105, Diff_loss = 9926.2966, preserve_loss = 0.0029, adv_loss = -0.7908, discri_loss = 0.6892, sp_cls = 0.0001
Validation loss decreased (9761.548779 --> 9691.127295).  Saving model ...
epoch 20: loss = 9806.9836, Diff_loss = 9807.1628, preserve_loss = 0.0029, adv_loss = -0.7819, discri_loss = 0.6889, sp_cls = 0.0002
Validation loss decreased (9691.127295 --> 9646.934424).  Saving model ...
epoch 21: loss = 9818.7804, Diff_loss = 9818.9386, preserve_loss = 0.0029, adv_loss = -0.7646, discri_loss = 0.6773, sp_cls = 0.0000
Validation loss decreased (9646.934424 --> 9579.845703).  Saving model ...
epoch 22: loss = 9749.7453, Diff_loss = 9749.9114, preserve_loss = 0.0029, adv_loss = -0.7571, discri_loss = 0.6735, sp_cls = 0.0003
Validation loss decreased (9579.845703 --> 9545.334912).  Saving model ...
epoch 23: loss = 9691.6197, Diff_loss = 9691.7038, preserve_loss = 0.0033, adv_loss = -0.7468, discri_loss = 0.6619, sp_cls = 0.0002
Validation loss decreased (9545.334912 --> 9515.574951).  Saving model ...
epoch 24: loss = 9694.3155, Diff_loss = 9694.4866, preserve_loss = 0.0028, adv_loss = -0.7430, discri_loss = 0.6755, sp_cls = 0.0000
Validation loss decreased (9515.574951 --> 9485.641016).  Saving model ...
epoch 25: loss = 9614.6375, Diff_loss = 9614.7898, preserve_loss = 0.0029, adv_loss = -0.7423, discri_loss = 0.6769, sp_cls = 0.0000
Validation loss decreased (9485.641016 --> 9438.746875).  Saving model ...
epoch 26: loss = 9491.7210, Diff_loss = 9491.8596, preserve_loss = 0.0029, adv_loss = -0.7401, discri_loss = 0.6798, sp_cls = 0.0000
Validation loss decreased (9438.746875 --> 9430.864551).  Saving model ...
epoch 27: loss = 9538.4324, Diff_loss = 9538.5624, preserve_loss = 0.0030, adv_loss = -0.7382, discri_loss = 0.6801, sp_cls = 0.0000
Validation loss decreased (9430.864551 --> 9409.014014).  Saving model ...
epoch 28: loss = 9402.3999, Diff_loss = 9402.5217, preserve_loss = 0.0030, adv_loss = -0.7410, discri_loss = 0.6798, sp_cls = 0.0000
Validation loss decreased (9409.014014 --> 9398.249707).  Saving model ...
epoch 29: loss = 9502.6143, Diff_loss = 9502.6859, preserve_loss = 0.0033, adv_loss = -0.7402, discri_loss = 0.6839, sp_cls = 0.0000
Validation loss decreased (9398.249707 --> 9354.793652).  Saving model ...
epoch 30: loss = 9477.6578, Diff_loss = 9477.7714, preserve_loss = 0.0030, adv_loss = -0.7371, discri_loss = 0.6742, sp_cls = 0.0000
EarlyStopping counter: 1 / 20
epoch 31: loss = 9391.8173, Diff_loss = 9391.9462, preserve_loss = 0.0030, adv_loss = -0.7364, discri_loss = 0.6787, sp_cls = 0.0001
Validation loss decreased (9354.793652 --> 9330.922705).  Saving model ...
epoch 32: loss = 9445.7892, Diff_loss = 9445.9140, preserve_loss = 0.0030, adv_loss = -0.7397, discri_loss = 0.6818, sp_cls = 0.0001
Validation loss decreased (9330.922705 --> 9310.145557).  Saving model ...
epoch 33: loss = 9319.9585, Diff_loss = 9320.0771, preserve_loss = 0.0030, adv_loss = -0.7402, discri_loss = 0.6769, sp_cls = 0.0000
Validation loss decreased (9310.145557 --> 9296.293945).  Saving model ...
epoch 34: loss = 9404.7582, Diff_loss = 9404.8819, preserve_loss = 0.0030, adv_loss = -0.7377, discri_loss = 0.6793, sp_cls = 0.0001
Validation loss decreased (9296.293945 --> 9279.926123).  Saving model ...
epoch 35: loss = 9278.9543, Diff_loss = 9279.0968, preserve_loss = 0.0029, adv_loss = -0.7398, discri_loss = 0.6867, sp_cls = 0.0000
Validation loss decreased (9279.926123 --> 9245.667969).  Saving model ...
epoch 36: loss = 9330.0848, Diff_loss = 9330.1991, preserve_loss = 0.0030, adv_loss = -0.7365, discri_loss = 0.6663, sp_cls = 0.0000
EarlyStopping counter: 1 / 20
epoch 37: loss = 9296.9943, Diff_loss = 9297.0803, preserve_loss = 0.0032, adv_loss = -0.7353, discri_loss = 0.6712, sp_cls = 0.0000
Validation loss decreased (9245.667969 --> 9235.957813).  Saving model ...
epoch 38: loss = 9284.5914, Diff_loss = 9284.6722, preserve_loss = 0.0032, adv_loss = -0.7332, discri_loss = 0.6619, sp_cls = 0.0000
EarlyStopping counter: 1 / 20
epoch 39: loss = 9218.4070, Diff_loss = 9218.4437, preserve_loss = 0.0034, adv_loss = -0.7305, discri_loss = 0.6661, sp_cls = 0.0000
Validation loss decreased (9235.957813 --> 9206.495996).  Saving model ...
epoch 40: loss = 9221.9563, Diff_loss = 9221.9739, preserve_loss = 0.0035, adv_loss = -0.7320, discri_loss = 0.6644, sp_cls = 0.0000
inference: loss = 8965.6820, Diff_loss = 8965.9241, preserve_loss = 0.0021, adv_loss = -0.6867
All results recorded in adata.
EarlyStopping counter: 1 / 20
epoch 41: loss = 9338.9350, Diff_loss = 9338.8316, preserve_loss = 0.0042, adv_loss = -0.7278, discri_loss = 0.6548, sp_cls = 0.0001
Validation loss decreased (9206.495996 --> 9199.217432).  Saving model ...
epoch 42: loss = 9235.4295, Diff_loss = 9235.3072, preserve_loss = 0.0043, adv_loss = -0.7275, discri_loss = 0.6612, sp_cls = 0.0003
EarlyStopping counter: 1 / 20
epoch 43: loss = 9141.8090, Diff_loss = 9141.6031, preserve_loss = 0.0048, adv_loss = -0.7297, discri_loss = 0.6677, sp_cls = 0.0001
Validation loss decreased (9199.217432 --> 9177.554395).  Saving model ...
epoch 44: loss = 9191.8326, Diff_loss = 9191.6211, preserve_loss = 0.0048, adv_loss = -0.7293, discri_loss = 0.6594, sp_cls = 0.0000
EarlyStopping counter: 1 / 20
epoch 45: loss = 9158.7812, Diff_loss = 9158.4775, preserve_loss = 0.0053, adv_loss = -0.7291, discri_loss = 0.6615, sp_cls = 0.0001
EarlyStopping counter: 2 / 20
epoch 46: loss = 9175.9769, Diff_loss = 9175.6645, preserve_loss = 0.0053, adv_loss = -0.7263, discri_loss = 0.6584, sp_cls = 0.0000
Validation loss decreased (9177.554395 --> 9174.637354).  Saving model ...
epoch 47: loss = 9153.9920, Diff_loss = 9153.6652, preserve_loss = 0.0054, adv_loss = -0.7238, discri_loss = 0.6533, sp_cls = 0.0000
EarlyStopping counter: 1 / 20
epoch 48: loss = 9157.6817, Diff_loss = 9157.3661, preserve_loss = 0.0053, adv_loss = -0.7249, discri_loss = 0.6585, sp_cls = 0.0000
Validation loss decreased (9174.637354 --> 9158.254053).  Saving model ...
epoch 49: loss = 9028.9916, Diff_loss = 9028.7277, preserve_loss = 0.0050, adv_loss = -0.7223, discri_loss = 0.6582, sp_cls = 0.0000
Validation loss decreased (9158.254053 --> 9148.672119).  Saving model ...
epoch 50: loss = 9087.9846, Diff_loss = 9087.7230, preserve_loss = 0.0050, adv_loss = -0.7196, discri_loss = 0.6472, sp_cls = 0.0000
inference: loss = 8845.7210, Diff_loss = 8845.7714, preserve_loss = 0.0031, adv_loss = -0.6755
All results recorded in adata.
Validation loss decreased (9148.672119 --> 9140.654932).  Saving model ...
epoch 51: loss = 9118.0735, Diff_loss = 9117.7997, preserve_loss = 0.0051, adv_loss = -0.7157, discri_loss = 0.6501, sp_cls = 0.0000
Validation loss decreased (9140.654932 --> 9123.493311).  Saving model ...
epoch 52: loss = 9195.4614, Diff_loss = 9195.1690, preserve_loss = 0.0051, adv_loss = -0.7102, discri_loss = 0.6359, sp_cls = 0.0000
EarlyStopping counter: 1 / 20
epoch 53: loss = 9060.4146, Diff_loss = 9060.1591, preserve_loss = 0.0049, adv_loss = -0.7118, discri_loss = 0.6464, sp_cls = 0.0000
EarlyStopping counter: 2 / 20
epoch 54: loss = 9083.8137, Diff_loss = 9083.5954, preserve_loss = 0.0047, adv_loss = -0.7110, discri_loss = 0.6471, sp_cls = 0.0000
EarlyStopping counter: 3 / 20
epoch 55: loss = 9061.7548, Diff_loss = 9061.5085, preserve_loss = 0.0049, adv_loss = -0.7127, discri_loss = 0.6456, sp_cls = 0.0001
EarlyStopping counter: 4 / 20
epoch 56: loss = 9065.0809, Diff_loss = 9064.8249, preserve_loss = 0.0049, adv_loss = -0.7086, discri_loss = 0.6427, sp_cls = 0.0001
EarlyStopping counter: 5 / 20
epoch 57: loss = 9094.8378, Diff_loss = 9094.5833, preserve_loss = 0.0049, adv_loss = -0.7109, discri_loss = 0.6443, sp_cls = 0.0000
EarlyStopping counter: 6 / 20
epoch 58: loss = 9100.2338, Diff_loss = 9100.0077, preserve_loss = 0.0048, adv_loss = -0.7094, discri_loss = 0.6338, sp_cls = 0.0001
Validation loss decreased (9123.493311 --> 9094.435840).  Saving model ...
epoch 59: loss = 9018.1733, Diff_loss = 9017.9343, preserve_loss = 0.0048, adv_loss = -0.7042, discri_loss = 0.6357, sp_cls = 0.0001
EarlyStopping counter: 1 / 20
epoch 60: loss = 9012.3505, Diff_loss = 9012.1374, preserve_loss = 0.0047, adv_loss = -0.7051, discri_loss = 0.6373, sp_cls = 0.0000
inference: loss = 8791.7938, Diff_loss = 8791.8403, preserve_loss = 0.0030, adv_loss = -0.6597
All results recorded in adata.
EarlyStopping counter: 2 / 20
epoch 61: loss = 9037.5732, Diff_loss = 9037.3537, preserve_loss = 0.0047, adv_loss = -0.7026, discri_loss = 0.6285, sp_cls = 0.0001
EarlyStopping counter: 3 / 20
epoch 62: loss = 9155.3355, Diff_loss = 9155.0850, preserve_loss = 0.0049, adv_loss = -0.6998, discri_loss = 0.6230, sp_cls = 0.0002
EarlyStopping counter: 4 / 20
epoch 63: loss = 9146.6914, Diff_loss = 9146.4577, preserve_loss = 0.0047, adv_loss = -0.6957, discri_loss = 0.6229, sp_cls = 0.0000
EarlyStopping counter: 5 / 20
epoch 64: loss = 9122.0319, Diff_loss = 9121.7890, preserve_loss = 0.0048, adv_loss = -0.6900, discri_loss = 0.6179, sp_cls = 0.0002
EarlyStopping counter: 6 / 20
epoch 65: loss = 8982.4207, Diff_loss = 8982.2031, preserve_loss = 0.0046, adv_loss = -0.6891, discri_loss = 0.6172, sp_cls = 0.0001
EarlyStopping counter: 7 / 20
epoch 66: loss = 9044.4622, Diff_loss = 9044.1988, preserve_loss = 0.0049, adv_loss = -0.6880, discri_loss = 0.6126, sp_cls = 0.0001
EarlyStopping counter: 8 / 20
epoch 67: loss = 9107.7644, Diff_loss = 9107.5098, preserve_loss = 0.0048, adv_loss = -0.6815, discri_loss = 0.6042, sp_cls = 0.0001
Validation loss decreased (9094.435840 --> 9094.140430).  Saving model ...
epoch 68: loss = 9006.8543, Diff_loss = 9006.6129, preserve_loss = 0.0047, adv_loss = -0.6799, discri_loss = 0.6115, sp_cls = 0.0001
EarlyStopping counter: 1 / 20
epoch 69: loss = 9074.3609, Diff_loss = 9074.1278, preserve_loss = 0.0047, adv_loss = -0.6780, discri_loss = 0.6062, sp_cls = 0.0001
EarlyStopping counter: 2 / 20
epoch 70: loss = 8993.8212, Diff_loss = 8993.5907, preserve_loss = 0.0046, adv_loss = -0.6792, discri_loss = 0.6087, sp_cls = 0.0001
inference: loss = 8786.7019, Diff_loss = 8786.7306, preserve_loss = 0.0029, adv_loss = -0.6227
All results recorded in adata.
EarlyStopping counter: 3 / 20
epoch 71: loss = 9103.4638, Diff_loss = 9103.2204, preserve_loss = 0.0047, adv_loss = -0.6767, discri_loss = 0.6093, sp_cls = 0.0001
EarlyStopping counter: 4 / 20
epoch 72: loss = 9128.1729, Diff_loss = 9127.9122, preserve_loss = 0.0048, adv_loss = -0.6750, discri_loss = 0.5972, sp_cls = 0.0001
EarlyStopping counter: 5 / 20
epoch 73: loss = 9113.5828, Diff_loss = 9113.3195, preserve_loss = 0.0048, adv_loss = -0.6723, discri_loss = 0.5974, sp_cls = 0.0000
EarlyStopping counter: 6 / 20
epoch 74: loss = 9055.4022, Diff_loss = 9055.1737, preserve_loss = 0.0046, adv_loss = -0.6700, discri_loss = 0.5983, sp_cls = 0.0001
Validation loss decreased (9094.140430 --> 9089.672705).  Saving model ...
epoch 75: loss = 9162.8475, Diff_loss = 9162.5704, preserve_loss = 0.0048, adv_loss = -0.6637, discri_loss = 0.5961, sp_cls = 0.0001
EarlyStopping counter: 1 / 20
epoch 76: loss = 9028.6534, Diff_loss = 9028.4098, preserve_loss = 0.0047, adv_loss = -0.6681, discri_loss = 0.6027, sp_cls = 0.0001
EarlyStopping counter: 2 / 20
epoch 77: loss = 9106.2705, Diff_loss = 9106.0409, preserve_loss = 0.0046, adv_loss = -0.6667, discri_loss = 0.6012, sp_cls = 0.0000
EarlyStopping counter: 3 / 20
epoch 78: loss = 9143.9195, Diff_loss = 9143.6776, preserve_loss = 0.0046, adv_loss = -0.6672, discri_loss = 0.6000, sp_cls = 0.0001
Validation loss decreased (9089.672705 --> 9079.023291).  Saving model ...
epoch 79: loss = 9073.2111, Diff_loss = 9072.9590, preserve_loss = 0.0047, adv_loss = -0.6615, discri_loss = 0.5934, sp_cls = 0.0000
EarlyStopping counter: 1 / 20
epoch 80: loss = 9108.8517, Diff_loss = 9108.6298, preserve_loss = 0.0045, adv_loss = -0.6652, discri_loss = 0.5968, sp_cls = 0.0000
inference: loss = 8785.8036, Diff_loss = 8785.8622, preserve_loss = 0.0027, adv_loss = -0.6139
All results recorded in adata.
EarlyStopping counter: 2 / 20
epoch 81: loss = 9052.2787, Diff_loss = 9052.0573, preserve_loss = 0.0045, adv_loss = -0.6628, discri_loss = 0.5913, sp_cls = 0.0001
EarlyStopping counter: 3 / 20
epoch 82: loss = 9016.1286, Diff_loss = 9015.9318, preserve_loss = 0.0044, adv_loss = -0.6611, discri_loss = 0.5994, sp_cls = 0.0001
EarlyStopping counter: 4 / 20
epoch 83: loss = 9065.1784, Diff_loss = 9064.9927, preserve_loss = 0.0043, adv_loss = -0.6650, discri_loss = 0.5986, sp_cls = 0.0000
EarlyStopping counter: 5 / 20
epoch 84: loss = 9108.2829, Diff_loss = 9108.1342, preserve_loss = 0.0041, adv_loss = -0.6634, discri_loss = 0.5955, sp_cls = 0.0001
EarlyStopping counter: 6 / 20
epoch 85: loss = 9008.2302, Diff_loss = 9008.0322, preserve_loss = 0.0044, adv_loss = -0.6638, discri_loss = 0.5938, sp_cls = 0.0000
EarlyStopping counter: 7 / 20
epoch 86: loss = 9129.1669, Diff_loss = 9128.9863, preserve_loss = 0.0043, adv_loss = -0.6631, discri_loss = 0.5918, sp_cls = 0.0001
EarlyStopping counter: 8 / 20
epoch 87: loss = 9112.2669, Diff_loss = 9112.1016, preserve_loss = 0.0042, adv_loss = -0.6594, discri_loss = 0.5919, sp_cls = 0.0000
EarlyStopping counter: 9 / 20
epoch 88: loss = 9110.6921, Diff_loss = 9110.5505, preserve_loss = 0.0041, adv_loss = -0.6579, discri_loss = 0.6011, sp_cls = 0.0000
EarlyStopping counter: 10 / 20
epoch 89: loss = 9004.7521, Diff_loss = 9004.6295, preserve_loss = 0.0040, adv_loss = -0.6628, discri_loss = 0.6057, sp_cls = 0.0000
EarlyStopping counter: 11 / 20
epoch 90: loss = 9090.6755, Diff_loss = 9090.5258, preserve_loss = 0.0041, adv_loss = -0.6634, discri_loss = 0.5968, sp_cls = 0.0000
inference: loss = 8813.9413, Diff_loss = 8814.0149, preserve_loss = 0.0026, adv_loss = -0.5957
All results recorded in adata.
EarlyStopping counter: 12 / 20
epoch 91: loss = 9074.9497, Diff_loss = 9074.8022, preserve_loss = 0.0041, adv_loss = -0.6615, discri_loss = 0.5981, sp_cls = 0.0001
EarlyStopping counter: 13 / 20
epoch 92: loss = 9069.2050, Diff_loss = 9069.0581, preserve_loss = 0.0041, adv_loss = -0.6618, discri_loss = 0.5933, sp_cls = 0.0002
EarlyStopping counter: 14 / 20
epoch 93: loss = 9082.4647, Diff_loss = 9082.3024, preserve_loss = 0.0042, adv_loss = -0.6560, discri_loss = 0.5908, sp_cls = 0.0000
EarlyStopping counter: 15 / 20
epoch 94: loss = 9066.1556, Diff_loss = 9066.0156, preserve_loss = 0.0041, adv_loss = -0.6609, discri_loss = 0.5985, sp_cls = 0.0000
EarlyStopping counter: 16 / 20
epoch 95: loss = 9089.7121, Diff_loss = 9089.5424, preserve_loss = 0.0042, adv_loss = -0.6608, discri_loss = 0.5982, sp_cls = 0.0001
EarlyStopping counter: 17 / 20
epoch 96: loss = 9066.5400, Diff_loss = 9066.3717, preserve_loss = 0.0042, adv_loss = -0.6617, discri_loss = 0.6029, sp_cls = 0.0000
EarlyStopping counter: 18 / 20
epoch 97: loss = 9017.5148, Diff_loss = 9017.3782, preserve_loss = 0.0041, adv_loss = -0.6644, discri_loss = 0.5988, sp_cls = 0.0001
EarlyStopping counter: 19 / 20
epoch 98: loss = 9085.6373, Diff_loss = 9085.4567, preserve_loss = 0.0043, adv_loss = -0.6605, discri_loss = 0.5950, sp_cls = 0.0001
EarlyStopping counter: 20 / 20
Early stopping at epoch 98
Training finished!
inference: loss = 8787.1340, Diff_loss = 8787.1796, preserve_loss = 0.0028, adv_loss = -0.6098
All results recorded in adata.
>>> Trial 27 score=0.5514
    [Bio] NMI=0.5876, ARI=0.4943, label_ASW=0.5397, cLISI=0.9564, iso_ASW=0.5239, iso_F1=0.7000
    [Batch] sil=0.9720, iLISI=0.2811, kBET=0.0594, PCR=0.0000
    [Modality] sil=0.9989, iLISI=0.3463, kBET=0.2188, PCR=0.6730, graph_conn=0.9441
[I 2026-02-11 18:08:54,316] Trial 27 finished with value: 0.5514245466511726 and parameters: {'gamma': 182.16876572784096, 'lambda_adv': 0.9072555331281288, 'lr': 0.0005111879401996515, 'dropout_rate': 0.21084946787542164, 'latent_dim': 64, 'lambda_sp_cls': 4.906338209806249, 'batch_size': 256}. Best is trial 15 with value: 0.5537243471958723.

============================================================
Trial 28: gamma=259.719, lambda_adv=0.271, lambda_sp_cls=7.551, lr=0.00040, dropout=0.20, latent_dim=64, denoise_hidden=512, batch_size=256
============================================================
using cuda
Training start!
epoch 1: loss = 22479.8056, Diff_loss = 15396.2899, preserve_loss = 27.2677, adv_loss = 0.0000, discri_loss = 0.0000, sp_cls = 0.2084
epoch 2: loss = 12876.3947, Diff_loss = 12848.1558, preserve_loss = 0.1085, adv_loss = 0.0000, discri_loss = 0.0000, sp_cls = 0.0066
epoch 3: loss = 12749.3483, Diff_loss = 12736.8999, preserve_loss = 0.0479, adv_loss = 0.0000, discri_loss = 0.0000, sp_cls = 0.0021
epoch 4: loss = 12276.8340, Diff_loss = 12269.7395, preserve_loss = 0.0273, adv_loss = 0.0000, discri_loss = 0.0000, sp_cls = 0.0009
epoch 5: loss = 12148.4215, Diff_loss = 12143.9784, preserve_loss = 0.0171, adv_loss = 0.0000, discri_loss = 0.0000, sp_cls = 0.0007
epoch 6: loss = 12041.9631, Diff_loss = 12038.7855, preserve_loss = 0.0122, adv_loss = 0.0000, discri_loss = 0.0000, sp_cls = 0.0005
epoch 7: loss = 11919.8165, Diff_loss = 11917.2020, preserve_loss = 0.0101, adv_loss = 0.0000, discri_loss = 0.0000, sp_cls = 0.0002
epoch 8: loss = 11645.8208, Diff_loss = 11644.0605, preserve_loss = 0.0068, adv_loss = 0.0000, discri_loss = 0.0000, sp_cls = 0.0002
epoch 9: loss = 11686.8591, Diff_loss = 11685.5154, preserve_loss = 0.0052, adv_loss = 0.0000, discri_loss = 0.0000, sp_cls = 0.0001
epoch 10: loss = 11391.1303, Diff_loss = 11390.0041, preserve_loss = 0.0043, adv_loss = 0.0000, discri_loss = 0.0000, sp_cls = 0.0001
epoch 11: loss = 11158.8481, Diff_loss = 11158.4194, preserve_loss = 0.0028, adv_loss = -1.0750, discri_loss = 1.0722, sp_cls = 0.0001
Validation loss decreased (inf --> 10869.699609).  Saving model ...
epoch 12: loss = 10950.4592, Diff_loss = 10950.2070, preserve_loss = 0.0021, adv_loss = -1.0499, discri_loss = 0.9368, sp_cls = 0.0000
Validation loss decreased (10869.699609 --> 10643.853271).  Saving model ...
epoch 13: loss = 10802.9176, Diff_loss = 10802.6699, preserve_loss = 0.0020, adv_loss = -1.0152, discri_loss = 0.8428, sp_cls = 0.0000
Validation loss decreased (10643.853271 --> 10436.579980).  Saving model ...
epoch 14: loss = 10634.8195, Diff_loss = 10634.4897, preserve_loss = 0.0023, adv_loss = -0.9738, discri_loss = 0.7782, sp_cls = 0.0001
Validation loss decreased (10436.579980 --> 10266.275635).  Saving model ...
epoch 15: loss = 10408.3256, Diff_loss = 10407.9775, preserve_loss = 0.0023, adv_loss = -0.9281, discri_loss = 0.7179, sp_cls = 0.0001
Validation loss decreased (10266.275635 --> 10137.340088).  Saving model ...
epoch 16: loss = 10354.4163, Diff_loss = 10354.0619, preserve_loss = 0.0023, adv_loss = -0.8815, discri_loss = 0.6706, sp_cls = 0.0000
Validation loss decreased (10137.340088 --> 10011.729004).  Saving model ...
epoch 17: loss = 10068.0639, Diff_loss = 10067.7830, preserve_loss = 0.0020, adv_loss = -0.8417, discri_loss = 0.6427, sp_cls = 0.0000
Validation loss decreased (10011.729004 --> 9889.258887).  Saving model ...
epoch 18: loss = 10023.8578, Diff_loss = 10023.5866, preserve_loss = 0.0019, adv_loss = -0.8055, discri_loss = 0.6179, sp_cls = 0.0001
Validation loss decreased (9889.258887 --> 9835.840430).  Saving model ...
epoch 19: loss = 10024.4335, Diff_loss = 10024.1723, preserve_loss = 0.0018, adv_loss = -0.7768, discri_loss = 0.6053, sp_cls = 0.0000
Validation loss decreased (9835.840430 --> 9709.417334).  Saving model ...
epoch 20: loss = 9863.6343, Diff_loss = 9863.4289, preserve_loss = 0.0016, adv_loss = -0.7506, discri_loss = 0.5894, sp_cls = 0.0000
Validation loss decreased (9709.417334 --> 9659.543701).  Saving model ...
epoch 21: loss = 9802.1631, Diff_loss = 9801.9274, preserve_loss = 0.0017, adv_loss = -0.7254, discri_loss = 0.5692, sp_cls = 0.0001
Validation loss decreased (9659.543701 --> 9583.385498).  Saving model ...
epoch 22: loss = 9731.5976, Diff_loss = 9731.3052, preserve_loss = 0.0019, adv_loss = -0.7063, discri_loss = 0.5663, sp_cls = 0.0000
Validation loss decreased (9583.385498 --> 9539.032520).  Saving model ...
epoch 23: loss = 9730.9402, Diff_loss = 9730.6939, preserve_loss = 0.0017, adv_loss = -0.6931, discri_loss = 0.5598, sp_cls = 0.0000
Validation loss decreased (9539.032520 --> 9500.364307).  Saving model ...
epoch 24: loss = 9661.8964, Diff_loss = 9661.6815, preserve_loss = 0.0015, adv_loss = -0.6790, discri_loss = 0.5597, sp_cls = 0.0000
Validation loss decreased (9500.364307 --> 9445.288721).  Saving model ...
epoch 25: loss = 9532.9479, Diff_loss = 9532.7371, preserve_loss = 0.0015, adv_loss = -0.6687, discri_loss = 0.5563, sp_cls = 0.0000
Validation loss decreased (9445.288721 --> 9444.822998).  Saving model ...
epoch 26: loss = 9581.1271, Diff_loss = 9580.9338, preserve_loss = 0.0014, adv_loss = -0.6608, discri_loss = 0.5522, sp_cls = 0.0000
Validation loss decreased (9444.822998 --> 9392.875439).  Saving model ...
epoch 27: loss = 9501.5760, Diff_loss = 9501.3564, preserve_loss = 0.0015, adv_loss = -0.6606, discri_loss = 0.5600, sp_cls = 0.0000
Validation loss decreased (9392.875439 --> 9352.255566).  Saving model ...
epoch 28: loss = 9385.0196, Diff_loss = 9384.7906, preserve_loss = 0.0016, adv_loss = -0.6541, discri_loss = 0.5573, sp_cls = 0.0000
EarlyStopping counter: 1 / 20
epoch 29: loss = 9448.5429, Diff_loss = 9448.3069, preserve_loss = 0.0016, adv_loss = -0.6436, discri_loss = 0.5407, sp_cls = 0.0001
Validation loss decreased (9352.255566 --> 9292.477246).  Saving model ...
epoch 30: loss = 9438.6035, Diff_loss = 9438.3580, preserve_loss = 0.0016, adv_loss = -0.6442, discri_loss = 0.5614, sp_cls = 0.0000
EarlyStopping counter: 1 / 20
epoch 31: loss = 9361.0442, Diff_loss = 9360.7889, preserve_loss = 0.0017, adv_loss = -0.6415, discri_loss = 0.5540, sp_cls = 0.0000
Validation loss decreased (9292.477246 --> 9249.967285).  Saving model ...
epoch 32: loss = 9246.5977, Diff_loss = 9246.3521, preserve_loss = 0.0016, adv_loss = -0.6369, discri_loss = 0.5488, sp_cls = 0.0000
EarlyStopping counter: 1 / 20
epoch 33: loss = 9202.6671, Diff_loss = 9202.3894, preserve_loss = 0.0017, adv_loss = -0.6317, discri_loss = 0.5432, sp_cls = 0.0000
Validation loss decreased (9249.967285 --> 9230.487158).  Saving model ...
epoch 34: loss = 9266.1970, Diff_loss = 9265.9433, preserve_loss = 0.0016, adv_loss = -0.6306, discri_loss = 0.5464, sp_cls = 0.0001
Validation loss decreased (9230.487158 --> 9198.650049).  Saving model ...
epoch 35: loss = 9387.6371, Diff_loss = 9387.3978, preserve_loss = 0.0016, adv_loss = -0.6259, discri_loss = 0.5443, sp_cls = 0.0000
Validation loss decreased (9198.650049 --> 9186.495801).  Saving model ...
epoch 36: loss = 9327.7898, Diff_loss = 9327.5293, preserve_loss = 0.0017, adv_loss = -0.6228, discri_loss = 0.5343, sp_cls = 0.0000
EarlyStopping counter: 1 / 20
epoch 37: loss = 9225.9625, Diff_loss = 9225.7075, preserve_loss = 0.0016, adv_loss = -0.6170, discri_loss = 0.5303, sp_cls = 0.0000
EarlyStopping counter: 2 / 20
epoch 38: loss = 9321.4918, Diff_loss = 9321.2578, preserve_loss = 0.0015, adv_loss = -0.6140, discri_loss = 0.5306, sp_cls = 0.0000
EarlyStopping counter: 3 / 20
epoch 39: loss = 9200.7911, Diff_loss = 9200.5222, preserve_loss = 0.0017, adv_loss = -0.6110, discri_loss = 0.5326, sp_cls = 0.0000
Validation loss decreased (9186.495801 --> 9159.632471).  Saving model ...
epoch 40: loss = 9318.6774, Diff_loss = 9318.4364, preserve_loss = 0.0016, adv_loss = -0.6115, discri_loss = 0.5284, sp_cls = 0.0000
inference: loss = 8918.0031, Diff_loss = 8917.8394, preserve_loss = 0.0012, adv_loss = -0.5482
All results recorded in adata.
[I 2026-02-11 18:19:54,146] Trial 28 pruned. 

============================================================
Trial 29: gamma=98.532, lambda_adv=4.646, lambda_sp_cls=4.049, lr=0.00052, dropout=0.21, latent_dim=64, denoise_hidden=512, batch_size=256
============================================================
using cuda
Training start!
epoch 1: loss = 17458.7242, Diff_loss = 15079.5166, preserve_loss = 24.1376, adv_loss = 0.0000, discri_loss = 0.0000, sp_cls = 0.2188
epoch 2: loss = 12859.6483, Diff_loss = 12845.3255, preserve_loss = 0.1452, adv_loss = 0.0000, discri_loss = 0.0000, sp_cls = 0.0030
epoch 3: loss = 12585.3406, Diff_loss = 12579.2016, preserve_loss = 0.0623, adv_loss = 0.0000, discri_loss = 0.0000, sp_cls = 0.0010
epoch 4: loss = 12251.3061, Diff_loss = 12247.8578, preserve_loss = 0.0350, adv_loss = 0.0000, discri_loss = 0.0000, sp_cls = 0.0005
epoch 5: loss = 12169.0973, Diff_loss = 12166.9005, preserve_loss = 0.0223, adv_loss = 0.0000, discri_loss = 0.0000, sp_cls = 0.0003
epoch 6: loss = 11933.7791, Diff_loss = 11932.2565, preserve_loss = 0.0154, adv_loss = 0.0000, discri_loss = 0.0000, sp_cls = 0.0002
epoch 7: loss = 11786.8055, Diff_loss = 11785.6976, preserve_loss = 0.0112, adv_loss = 0.0000, discri_loss = 0.0000, sp_cls = 0.0002
epoch 8: loss = 11587.0789, Diff_loss = 11586.1754, preserve_loss = 0.0092, adv_loss = 0.0000, discri_loss = 0.0000, sp_cls = 0.0001
epoch 9: loss = 11394.3938, Diff_loss = 11393.7437, preserve_loss = 0.0066, adv_loss = 0.0000, discri_loss = 0.0000, sp_cls = 0.0001
epoch 10: loss = 11337.9580, Diff_loss = 11337.4113, preserve_loss = 0.0055, adv_loss = 0.0000, discri_loss = 0.0000, sp_cls = 0.0001
epoch 11: loss = 11054.5344, Diff_loss = 11059.0773, preserve_loss = 0.0043, adv_loss = -1.0693, discri_loss = 1.0199, sp_cls = 0.0000
Validation loss decreased (inf --> 10690.600586).  Saving model ...
epoch 12: loss = 10790.0102, Diff_loss = 10794.3039, preserve_loss = 0.0043, adv_loss = -1.0147, discri_loss = 0.8593, sp_cls = 0.0000
Validation loss decreased (10690.600586 --> 10473.799219).  Saving model ...
epoch 13: loss = 10741.9539, Diff_loss = 10745.8369, preserve_loss = 0.0058, adv_loss = -0.9590, discri_loss = 0.7847, sp_cls = 0.0000
Validation loss decreased (10473.799219 --> 10293.745801).  Saving model ...
epoch 14: loss = 10566.7179, Diff_loss = 10570.1233, preserve_loss = 0.0085, adv_loss = -0.9139, discri_loss = 0.7376, sp_cls = 0.0000
Validation loss decreased (10293.745801 --> 10148.600879).  Saving model ...
epoch 15: loss = 10294.9470, Diff_loss = 10298.2568, preserve_loss = 0.0076, adv_loss = -0.8742, discri_loss = 0.7176, sp_cls = 0.0000
Validation loss decreased (10148.600879 --> 10061.437842).  Saving model ...
epoch 16: loss = 10210.0199, Diff_loss = 10213.3433, preserve_loss = 0.0063, adv_loss = -0.8482, discri_loss = 0.6977, sp_cls = 0.0000
Validation loss decreased (10061.437842 --> 9937.808936).  Saving model ...
epoch 17: loss = 10064.7926, Diff_loss = 10068.0890, preserve_loss = 0.0056, adv_loss = -0.8291, discri_loss = 0.7015, sp_cls = 0.0000
Validation loss decreased (9937.808936 --> 9839.676123).  Saving model ...
epoch 18: loss = 10083.9446, Diff_loss = 10087.1215, preserve_loss = 0.0060, adv_loss = -0.8105, discri_loss = 0.6861, sp_cls = 0.0000
Validation loss decreased (9839.676123 --> 9784.014307).  Saving model ...
epoch 19: loss = 10013.2870, Diff_loss = 10016.4658, preserve_loss = 0.0058, adv_loss = -0.8070, discri_loss = 0.6949, sp_cls = 0.0000
Validation loss decreased (9784.014307 --> 9713.767627).  Saving model ...
epoch 20: loss = 9856.6081, Diff_loss = 9859.7468, preserve_loss = 0.0057, adv_loss = -0.7965, discri_loss = 0.6903, sp_cls = 0.0000
Validation loss decreased (9713.767627 --> 9668.019336).  Saving model ...
epoch 21: loss = 9871.1553, Diff_loss = 9874.2628, preserve_loss = 0.0055, adv_loss = -0.7856, discri_loss = 0.6802, sp_cls = 0.0000
Validation loss decreased (9668.019336 --> 9590.705127).  Saving model ...
epoch 22: loss = 9719.6312, Diff_loss = 9722.6477, preserve_loss = 0.0064, adv_loss = -0.7841, discri_loss = 0.6870, sp_cls = 0.0000
Validation loss decreased (9590.705127 --> 9568.056299).  Saving model ...
epoch 23: loss = 9691.5369, Diff_loss = 9694.5534, preserve_loss = 0.0062, adv_loss = -0.7805, discri_loss = 0.6843, sp_cls = 0.0000
Validation loss decreased (9568.056299 --> 9546.462061).  Saving model ...
epoch 24: loss = 9668.4561, Diff_loss = 9671.4195, preserve_loss = 0.0064, adv_loss = -0.7737, discri_loss = 0.6767, sp_cls = 0.0000
Validation loss decreased (9546.462061 --> 9488.561816).  Saving model ...
epoch 25: loss = 9602.2891, Diff_loss = 9605.1557, preserve_loss = 0.0073, adv_loss = -0.7726, discri_loss = 0.6902, sp_cls = 0.0000
Validation loss decreased (9488.561816 --> 9455.788428).  Saving model ...
epoch 26: loss = 9619.7873, Diff_loss = 9622.5532, preserve_loss = 0.0081, adv_loss = -0.7672, discri_loss = 0.6783, sp_cls = 0.0000
Validation loss decreased (9455.788428 --> 9434.916309).  Saving model ...
epoch 27: loss = 9608.5885, Diff_loss = 9611.3242, preserve_loss = 0.0085, adv_loss = -0.7694, discri_loss = 0.6812, sp_cls = 0.0000
Validation loss decreased (9434.916309 --> 9403.739844).  Saving model ...
epoch 28: loss = 9541.0260, Diff_loss = 9543.6267, preserve_loss = 0.0096, adv_loss = -0.7634, discri_loss = 0.6689, sp_cls = 0.0000
Validation loss decreased (9403.739844 --> 9398.292871).  Saving model ...
epoch 29: loss = 9502.2438, Diff_loss = 9504.8447, preserve_loss = 0.0095, adv_loss = -0.7620, discri_loss = 0.6798, sp_cls = 0.0000
Validation loss decreased (9398.292871 --> 9363.845459).  Saving model ...
epoch 30: loss = 9408.4046, Diff_loss = 9411.0848, preserve_loss = 0.0089, adv_loss = -0.7659, discri_loss = 0.6855, sp_cls = 0.0000
Validation loss decreased (9363.845459 --> 9351.198242).  Saving model ...
epoch 31: loss = 9394.6409, Diff_loss = 9397.2549, preserve_loss = 0.0096, adv_loss = -0.7657, discri_loss = 0.6819, sp_cls = 0.0000
Validation loss decreased (9351.198242 --> 9332.042236).  Saving model ...
epoch 32: loss = 9401.9137, Diff_loss = 9404.5344, preserve_loss = 0.0093, adv_loss = -0.7620, discri_loss = 0.6761, sp_cls = 0.0000
Validation loss decreased (9332.042236 --> 9309.421924).  Saving model ...
epoch 33: loss = 9310.1719, Diff_loss = 9312.8214, preserve_loss = 0.0091, adv_loss = -0.7636, discri_loss = 0.6778, sp_cls = 0.0000
EarlyStopping counter: 1 / 20
epoch 34: loss = 9458.1377, Diff_loss = 9460.7866, preserve_loss = 0.0090, adv_loss = -0.7616, discri_loss = 0.6725, sp_cls = 0.0000
Validation loss decreased (9309.421924 --> 9295.558203).  Saving model ...
epoch 35: loss = 9234.5722, Diff_loss = 9237.2730, preserve_loss = 0.0088, adv_loss = -0.7670, discri_loss = 0.6805, sp_cls = 0.0000
EarlyStopping counter: 1 / 20
epoch 36: loss = 9284.0264, Diff_loss = 9286.7161, preserve_loss = 0.0089, adv_loss = -0.7667, discri_loss = 0.6841, sp_cls = 0.0000
Validation loss decreased (9295.558203 --> 9249.096387).  Saving model ...
epoch 37: loss = 9234.2143, Diff_loss = 9236.8710, preserve_loss = 0.0090, adv_loss = -0.7625, discri_loss = 0.6709, sp_cls = 0.0000
EarlyStopping counter: 1 / 20
epoch 38: loss = 9279.3239, Diff_loss = 9281.9745, preserve_loss = 0.0089, adv_loss = -0.7597, discri_loss = 0.6695, sp_cls = 0.0000
Validation loss decreased (9249.096387 --> 9232.612402).  Saving model ...
epoch 39: loss = 9226.0793, Diff_loss = 9228.7454, preserve_loss = 0.0088, adv_loss = -0.7597, discri_loss = 0.6656, sp_cls = 0.0000
Validation loss decreased (9232.612402 --> 9221.096973).  Saving model ...
epoch 40: loss = 9223.7993, Diff_loss = 9226.4639, preserve_loss = 0.0086, adv_loss = -0.7564, discri_loss = 0.6686, sp_cls = 0.0000
inference: loss = 8949.0767, Diff_loss = 8951.6801, preserve_loss = 0.0060, adv_loss = -0.6886
All results recorded in adata.
[I 2026-02-11 18:30:49,657] Trial 29 pruned. 

============================================================
Trial 30: gamma=26.916, lambda_adv=1.603, lambda_sp_cls=5.261, lr=0.00045, dropout=0.30, latent_dim=64, denoise_hidden=512, batch_size=256
============================================================
using cuda
Training start!
epoch 1: loss = 16151.7026, Diff_loss = 15183.8933, preserve_loss = 35.9091, adv_loss = 0.0000, discri_loss = 0.0000, sp_cls = 0.2435
epoch 2: loss = 12901.0445, Diff_loss = 12886.4946, preserve_loss = 0.5388, adv_loss = 0.0000, discri_loss = 0.0000, sp_cls = 0.0093
epoch 3: loss = 12667.2891, Diff_loss = 12660.3510, preserve_loss = 0.2571, adv_loss = 0.0000, discri_loss = 0.0000, sp_cls = 0.0034
epoch 4: loss = 12341.7191, Diff_loss = 12337.6502, preserve_loss = 0.1509, adv_loss = 0.0000, discri_loss = 0.0000, sp_cls = 0.0015
epoch 5: loss = 12231.1833, Diff_loss = 12228.4340, preserve_loss = 0.1020, adv_loss = 0.0000, discri_loss = 0.0000, sp_cls = 0.0009
epoch 6: loss = 12085.4586, Diff_loss = 12083.3621, preserve_loss = 0.0778, adv_loss = 0.0000, discri_loss = 0.0000, sp_cls = 0.0005
epoch 7: loss = 11923.7350, Diff_loss = 11922.0231, preserve_loss = 0.0635, adv_loss = 0.0000, discri_loss = 0.0000, sp_cls = 0.0004
epoch 8: loss = 11821.3656, Diff_loss = 11819.7294, preserve_loss = 0.0607, adv_loss = 0.0000, discri_loss = 0.0000, sp_cls = 0.0003
epoch 9: loss = 11632.3931, Diff_loss = 11630.8944, preserve_loss = 0.0556, adv_loss = 0.0000, discri_loss = 0.0000, sp_cls = 0.0003
epoch 10: loss = 11555.7838, Diff_loss = 11554.2899, preserve_loss = 0.0555, adv_loss = 0.0000, discri_loss = 0.0000, sp_cls = 0.0003
epoch 11: loss = 11172.9657, Diff_loss = 11173.3567, preserve_loss = 0.0494, adv_loss = -1.0737, discri_loss = 1.0670, sp_cls = 0.0002
Validation loss decreased (inf --> 10865.996973).  Saving model ...
epoch 12: loss = 11030.3790, Diff_loss = 11030.8369, preserve_loss = 0.0454, adv_loss = -1.0482, discri_loss = 0.9520, sp_cls = 0.0001
Validation loss decreased (10865.996973 --> 10643.101562).  Saving model ...
epoch 13: loss = 10863.4919, Diff_loss = 10864.1087, preserve_loss = 0.0375, adv_loss = -1.0145, discri_loss = 0.8842, sp_cls = 0.0001
Validation loss decreased (10643.101562 --> 10455.031982).  Saving model ...
epoch 14: loss = 10648.2076, Diff_loss = 10648.8234, preserve_loss = 0.0352, adv_loss = -0.9758, discri_loss = 0.8217, sp_cls = 0.0001
Validation loss decreased (10455.031982 --> 10296.109033).  Saving model ...
epoch 15: loss = 10444.7974, Diff_loss = 10445.4041, preserve_loss = 0.0330, adv_loss = -0.9326, discri_loss = 0.7790, sp_cls = 0.0001
Validation loss decreased (10296.109033 --> 10175.401221).  Saving model ...
epoch 16: loss = 10385.2363, Diff_loss = 10385.8286, preserve_loss = 0.0310, adv_loss = -0.8907, discri_loss = 0.7426, sp_cls = 0.0000
Validation loss decreased (10175.401221 --> 10064.935303).  Saving model ...
epoch 17: loss = 10300.6136, Diff_loss = 10301.2187, preserve_loss = 0.0285, adv_loss = -0.8555, discri_loss = 0.7204, sp_cls = 0.0000
Validation loss decreased (10064.935303 --> 9942.303613).  Saving model ...
epoch 18: loss = 10097.6549, Diff_loss = 10098.3251, preserve_loss = 0.0249, adv_loss = -0.8360, discri_loss = 0.7335, sp_cls = 0.0000
Validation loss decreased (9942.303613 --> 9858.133398).  Saving model ...
epoch 19: loss = 10025.9518, Diff_loss = 10026.6103, preserve_loss = 0.0243, adv_loss = -0.8195, discri_loss = 0.7286, sp_cls = 0.0001
Validation loss decreased (9858.133398 --> 9788.822852).  Saving model ...
epoch 20: loss = 10000.7210, Diff_loss = 10001.3152, preserve_loss = 0.0261, adv_loss = -0.8097, discri_loss = 0.7225, sp_cls = 0.0000
Validation loss decreased (9788.822852 --> 9695.426953).  Saving model ...
epoch 21: loss = 9911.0451, Diff_loss = 9911.6757, preserve_loss = 0.0237, adv_loss = -0.7917, discri_loss = 0.7039, sp_cls = 0.0001
Validation loss decreased (9695.426953 --> 9654.076172).  Saving model ...
epoch 22: loss = 9937.3578, Diff_loss = 9937.9352, preserve_loss = 0.0251, adv_loss = -0.7826, discri_loss = 0.7058, sp_cls = 0.0000
Validation loss decreased (9654.076172 --> 9596.437988).  Saving model ...
epoch 23: loss = 9682.8492, Diff_loss = 9683.4315, preserve_loss = 0.0242, adv_loss = -0.7707, discri_loss = 0.6896, sp_cls = 0.0000
Validation loss decreased (9596.437988 --> 9578.887305).  Saving model ...
epoch 24: loss = 9802.0542, Diff_loss = 9802.5311, preserve_loss = 0.0277, adv_loss = -0.7623, discri_loss = 0.6941, sp_cls = 0.0000
Validation loss decreased (9578.887305 --> 9516.894727).  Saving model ...
epoch 25: loss = 9682.2577, Diff_loss = 9682.6561, preserve_loss = 0.0302, adv_loss = -0.7566, discri_loss = 0.6954, sp_cls = 0.0000
Validation loss decreased (9516.894727 --> 9481.515332).  Saving model ...
epoch 26: loss = 9699.5978, Diff_loss = 9699.9434, preserve_loss = 0.0321, adv_loss = -0.7546, discri_loss = 0.6993, sp_cls = 0.0000
Validation loss decreased (9481.515332 --> 9464.581152).  Saving model ...
epoch 27: loss = 9637.0787, Diff_loss = 9637.3948, preserve_loss = 0.0329, adv_loss = -0.7498, discri_loss = 0.6981, sp_cls = 0.0000
Validation loss decreased (9464.581152 --> 9440.775000).  Saving model ...
epoch 28: loss = 9621.4467, Diff_loss = 9621.6858, preserve_loss = 0.0355, adv_loss = -0.7448, discri_loss = 0.6922, sp_cls = 0.0000
Validation loss decreased (9440.775000 --> 9422.497266).  Saving model ...
epoch 29: loss = 9592.3796, Diff_loss = 9592.5715, preserve_loss = 0.0370, adv_loss = -0.7420, discri_loss = 0.6973, sp_cls = 0.0000
Validation loss decreased (9422.497266 --> 9402.258105).  Saving model ...
epoch 30: loss = 9628.5557, Diff_loss = 9628.6815, preserve_loss = 0.0399, adv_loss = -0.7494, discri_loss = 0.7090, sp_cls = 0.0000
Validation loss decreased (9402.258105 --> 9391.165967).  Saving model ...
epoch 31: loss = 9545.6404, Diff_loss = 9545.7670, preserve_loss = 0.0398, adv_loss = -0.7475, discri_loss = 0.7046, sp_cls = 0.0000
Validation loss decreased (9391.165967 --> 9361.692383).  Saving model ...
epoch 32: loss = 9444.6532, Diff_loss = 9444.7790, preserve_loss = 0.0399, adv_loss = -0.7493, discri_loss = 0.7144, sp_cls = 0.0000
Validation loss decreased (9361.692383 --> 9356.065137).  Saving model ...
epoch 33: loss = 9501.4723, Diff_loss = 9501.4870, preserve_loss = 0.0441, adv_loss = -0.7501, discri_loss = 0.7089, sp_cls = 0.0000
Validation loss decreased (9356.065137 --> 9331.330273).  Saving model ...
epoch 34: loss = 9450.4587, Diff_loss = 9450.4957, preserve_loss = 0.0431, adv_loss = -0.7466, discri_loss = 0.7115, sp_cls = 0.0001
Validation loss decreased (9331.330273 --> 9311.859717).  Saving model ...
epoch 35: loss = 9471.8753, Diff_loss = 9471.8787, preserve_loss = 0.0440, adv_loss = -0.7421, discri_loss = 0.6938, sp_cls = 0.0001
Validation loss decreased (9311.859717 --> 9301.706836).  Saving model ...
epoch 36: loss = 9442.8478, Diff_loss = 9442.8141, preserve_loss = 0.0454, adv_loss = -0.7412, discri_loss = 0.7041, sp_cls = 0.0000
Validation loss decreased (9301.706836 --> 9280.735010).  Saving model ...
epoch 37: loss = 9366.5813, Diff_loss = 9366.5999, preserve_loss = 0.0436, adv_loss = -0.7436, discri_loss = 0.7021, sp_cls = 0.0000
Validation loss decreased (9280.735010 --> 9269.396973).  Saving model ...
epoch 38: loss = 9419.0449, Diff_loss = 9419.0842, preserve_loss = 0.0428, adv_loss = -0.7438, discri_loss = 0.7069, sp_cls = 0.0000
Validation loss decreased (9269.396973 --> 9269.182275).  Saving model ...
epoch 39: loss = 9383.5252, Diff_loss = 9383.5252, preserve_loss = 0.0442, adv_loss = -0.7433, discri_loss = 0.7113, sp_cls = 0.0001
Validation loss decreased (9269.182275 --> 9241.780420).  Saving model ...
epoch 40: loss = 9298.2416, Diff_loss = 9298.2266, preserve_loss = 0.0450, adv_loss = -0.7471, discri_loss = 0.7061, sp_cls = 0.0001
inference: loss = 9075.0370, Diff_loss = 9075.4969, preserve_loss = 0.0257, adv_loss = -0.7188
All results recorded in adata.
[I 2026-02-11 18:40:25,364] Trial 30 pruned. 

============================================================
Trial 31: gamma=186.122, lambda_adv=0.841, lambda_sp_cls=3.231, lr=0.00055, dropout=0.21, latent_dim=64, denoise_hidden=512, batch_size=256
============================================================
using cuda
Training start!
epoch 1: loss = 19578.1569, Diff_loss = 15156.6379, preserve_loss = 23.7525, adv_loss = 0.0000, discri_loss = 0.0000, sp_cls = 0.2018
epoch 2: loss = 12847.8377, Diff_loss = 12831.8912, preserve_loss = 0.0856, adv_loss = 0.0000, discri_loss = 0.0000, sp_cls = 0.0071
epoch 3: loss = 12335.5887, Diff_loss = 12328.9976, preserve_loss = 0.0354, adv_loss = 0.0000, discri_loss = 0.0000, sp_cls = 0.0027
epoch 4: loss = 12136.5733, Diff_loss = 12132.6101, preserve_loss = 0.0213, adv_loss = 0.0000, discri_loss = 0.0000, sp_cls = 0.0011
epoch 5: loss = 12038.0200, Diff_loss = 12035.5463, preserve_loss = 0.0133, adv_loss = 0.0000, discri_loss = 0.0000, sp_cls = 0.0006
epoch 6: loss = 11694.7127, Diff_loss = 11692.8776, preserve_loss = 0.0099, adv_loss = 0.0000, discri_loss = 0.0000, sp_cls = 0.0004
epoch 7: loss = 11696.0419, Diff_loss = 11694.6980, preserve_loss = 0.0072, adv_loss = 0.0000, discri_loss = 0.0000, sp_cls = 0.0002
epoch 8: loss = 11363.3517, Diff_loss = 11362.3393, preserve_loss = 0.0054, adv_loss = 0.0000, discri_loss = 0.0000, sp_cls = 0.0002
epoch 9: loss = 11297.0526, Diff_loss = 11296.2855, preserve_loss = 0.0041, adv_loss = 0.0000, discri_loss = 0.0000, sp_cls = 0.0002
epoch 10: loss = 11240.6783, Diff_loss = 11240.0445, preserve_loss = 0.0034, adv_loss = 0.0000, discri_loss = 0.0000, sp_cls = 0.0002
epoch 11: loss = 10977.9334, Diff_loss = 10978.2765, preserve_loss = 0.0030, adv_loss = -1.0682, discri_loss = 1.0133, sp_cls = 0.0001
Validation loss decreased (inf --> 10624.931982).  Saving model ...
epoch 12: loss = 10790.2188, Diff_loss = 10790.3945, preserve_loss = 0.0036, adv_loss = -1.0075, discri_loss = 0.8469, sp_cls = 0.0001
Validation loss decreased (10624.931982 --> 10390.221484).  Saving model ...
epoch 13: loss = 10566.3065, Diff_loss = 10566.4657, preserve_loss = 0.0034, adv_loss = -0.9438, discri_loss = 0.7601, sp_cls = 0.0000
Validation loss decreased (10390.221484 --> 10233.205127).  Saving model ...
epoch 14: loss = 10433.2007, Diff_loss = 10433.3467, preserve_loss = 0.0032, adv_loss = -0.8863, discri_loss = 0.6931, sp_cls = 0.0000
Validation loss decreased (10233.205127 --> 10062.570068).  Saving model ...
epoch 15: loss = 10333.0382, Diff_loss = 10333.1813, preserve_loss = 0.0030, adv_loss = -0.8286, discri_loss = 0.6448, sp_cls = 0.0000
Validation loss decreased (10062.570068 --> 9934.651807).  Saving model ...
epoch 16: loss = 10161.9693, Diff_loss = 10162.0886, preserve_loss = 0.0029, adv_loss = -0.7821, discri_loss = 0.6136, sp_cls = 0.0001
Validation loss decreased (9934.651807 --> 9835.240430).  Saving model ...
epoch 17: loss = 10089.0093, Diff_loss = 10089.1236, preserve_loss = 0.0028, adv_loss = -0.7523, discri_loss = 0.5996, sp_cls = 0.0000
Validation loss decreased (9835.240430 --> 9734.295020).  Saving model ...
epoch 18: loss = 9974.0252, Diff_loss = 9974.1826, preserve_loss = 0.0024, adv_loss = -0.7240, discri_loss = 0.5935, sp_cls = 0.0000
Validation loss decreased (9734.295020 --> 9649.036816).  Saving model ...
epoch 19: loss = 9811.9100, Diff_loss = 9812.1077, preserve_loss = 0.0021, adv_loss = -0.7062, discri_loss = 0.5894, sp_cls = 0.0000
Validation loss decreased (9649.036816 --> 9591.954492).  Saving model ...
epoch 20: loss = 9747.6063, Diff_loss = 9747.7554, preserve_loss = 0.0023, adv_loss = -0.6887, discri_loss = 0.5706, sp_cls = 0.0001
Validation loss decreased (9591.954492 --> 9533.694434).  Saving model ...
epoch 21: loss = 9727.6569, Diff_loss = 9727.8705, preserve_loss = 0.0019, adv_loss = -0.6744, discri_loss = 0.5720, sp_cls = 0.0000
Validation loss decreased (9533.694434 --> 9487.218652).  Saving model ...
epoch 22: loss = 9607.9501, Diff_loss = 9608.1530, preserve_loss = 0.0019, adv_loss = -0.6588, discri_loss = 0.5588, sp_cls = 0.0000
Validation loss decreased (9487.218652 --> 9447.507275).  Saving model ...
epoch 23: loss = 9649.6745, Diff_loss = 9649.8689, preserve_loss = 0.0019, adv_loss = -0.6510, discri_loss = 0.5692, sp_cls = 0.0000
Validation loss decreased (9447.507275 --> 9437.900439).  Saving model ...
epoch 24: loss = 9585.9930, Diff_loss = 9586.1839, preserve_loss = 0.0019, adv_loss = -0.6431, discri_loss = 0.5621, sp_cls = 0.0002
Validation loss decreased (9437.900439 --> 9379.851123).  Saving model ...
epoch 25: loss = 9589.9249, Diff_loss = 9590.1271, preserve_loss = 0.0018, adv_loss = -0.6490, discri_loss = 0.5760, sp_cls = 0.0000
Validation loss decreased (9379.851123 --> 9360.303711).  Saving model ...
epoch 26: loss = 9503.8798, Diff_loss = 9504.0913, preserve_loss = 0.0018, adv_loss = -0.6444, discri_loss = 0.5665, sp_cls = 0.0000
Validation loss decreased (9360.303711 --> 9348.623975).  Saving model ...
epoch 27: loss = 9474.3811, Diff_loss = 9474.5721, preserve_loss = 0.0019, adv_loss = -0.6415, discri_loss = 0.5609, sp_cls = 0.0000
Validation loss decreased (9348.623975 --> 9309.548242).  Saving model ...
epoch 28: loss = 9499.3488, Diff_loss = 9499.5601, preserve_loss = 0.0017, adv_loss = -0.6310, discri_loss = 0.5550, sp_cls = 0.0000
Validation loss decreased (9309.548242 --> 9287.036328).  Saving model ...
epoch 29: loss = 9336.4046, Diff_loss = 9336.6052, preserve_loss = 0.0018, adv_loss = -0.6299, discri_loss = 0.5557, sp_cls = 0.0000
Validation loss decreased (9287.036328 --> 9285.181738).  Saving model ...
epoch 30: loss = 9354.5778, Diff_loss = 9354.7947, preserve_loss = 0.0017, adv_loss = -0.6343, discri_loss = 0.5659, sp_cls = 0.0000
Validation loss decreased (9285.181738 --> 9263.585791).  Saving model ...
epoch 31: loss = 9420.0530, Diff_loss = 9420.2493, preserve_loss = 0.0018, adv_loss = -0.6358, discri_loss = 0.5679, sp_cls = 0.0000
Validation loss decreased (9263.585791 --> 9259.997607).  Saving model ...
epoch 32: loss = 9350.3762, Diff_loss = 9350.5652, preserve_loss = 0.0018, adv_loss = -0.6302, discri_loss = 0.5643, sp_cls = 0.0000
Validation loss decreased (9259.997607 --> 9254.560254).  Saving model ...
epoch 33: loss = 9344.3303, Diff_loss = 9344.5444, preserve_loss = 0.0017, adv_loss = -0.6339, discri_loss = 0.5628, sp_cls = 0.0000
Validation loss decreased (9254.560254 --> 9239.248535).  Saving model ...
epoch 34: loss = 9400.1193, Diff_loss = 9400.3364, preserve_loss = 0.0017, adv_loss = -0.6319, discri_loss = 0.5592, sp_cls = 0.0000
Validation loss decreased (9239.248535 --> 9219.919189).  Saving model ...
epoch 35: loss = 9328.7996, Diff_loss = 9328.9639, preserve_loss = 0.0020, adv_loss = -0.6308, discri_loss = 0.5645, sp_cls = 0.0000
EarlyStopping counter: 1 / 20
epoch 36: loss = 9412.2388, Diff_loss = 9412.4291, preserve_loss = 0.0018, adv_loss = -0.6321, discri_loss = 0.5654, sp_cls = 0.0000
Validation loss decreased (9219.919189 --> 9206.340527).  Saving model ...
epoch 37: loss = 9238.2427, Diff_loss = 9238.4444, preserve_loss = 0.0018, adv_loss = -0.6378, discri_loss = 0.5620, sp_cls = 0.0000
EarlyStopping counter: 1 / 20
epoch 38: loss = 9247.5860, Diff_loss = 9247.7933, preserve_loss = 0.0018, adv_loss = -0.6374, discri_loss = 0.5683, sp_cls = 0.0000
Validation loss decreased (9206.340527 --> 9202.430957).  Saving model ...
epoch 39: loss = 9120.3069, Diff_loss = 9120.5001, preserve_loss = 0.0018, adv_loss = -0.6366, discri_loss = 0.5687, sp_cls = 0.0001
Validation loss decreased (9202.430957 --> 9197.598877).  Saving model ...
epoch 40: loss = 9332.0234, Diff_loss = 9332.2080, preserve_loss = 0.0019, adv_loss = -0.6396, discri_loss = 0.5746, sp_cls = 0.0000
inference: loss = 8937.5480, Diff_loss = 8937.8785, preserve_loss = 0.0009, adv_loss = -0.5942
All results recorded in adata.
[I 2026-02-11 18:50:18,754] Trial 31 pruned. 

============================================================
Trial 32: gamma=166.621, lambda_adv=0.533, lambda_sp_cls=6.165, lr=0.00065, dropout=0.29, latent_dim=64, denoise_hidden=512, batch_size=256
============================================================
using cuda
Training start!
epoch 1: loss = 19783.3720, Diff_loss = 14768.4226, preserve_loss = 30.0917, adv_loss = 0.0000, discri_loss = 0.0000, sp_cls = 0.1681
epoch 2: loss = 12860.7120, Diff_loss = 12847.1936, preserve_loss = 0.0810, adv_loss = 0.0000, discri_loss = 0.0000, sp_cls = 0.0031
epoch 3: loss = 12435.0165, Diff_loss = 12429.4671, preserve_loss = 0.0333, adv_loss = 0.0000, discri_loss = 0.0000, sp_cls = 0.0010
epoch 4: loss = 12241.7007, Diff_loss = 12238.0346, preserve_loss = 0.0220, adv_loss = 0.0000, discri_loss = 0.0000, sp_cls = 0.0007
epoch 5: loss = 11835.2342, Diff_loss = 11833.0851, preserve_loss = 0.0129, adv_loss = 0.0000, discri_loss = 0.0000, sp_cls = 0.0002
epoch 6: loss = 11699.3164, Diff_loss = 11697.9242, preserve_loss = 0.0083, adv_loss = 0.0000, discri_loss = 0.0000, sp_cls = 0.0002
epoch 7: loss = 11629.9749, Diff_loss = 11628.9393, preserve_loss = 0.0062, adv_loss = 0.0000, discri_loss = 0.0000, sp_cls = 0.0001
epoch 8: loss = 11513.2713, Diff_loss = 11512.3976, preserve_loss = 0.0052, adv_loss = 0.0000, discri_loss = 0.0000, sp_cls = 0.0001
epoch 9: loss = 11411.0923, Diff_loss = 11410.1537, preserve_loss = 0.0056, adv_loss = 0.0000, discri_loss = 0.0000, sp_cls = 0.0001
epoch 10: loss = 11207.7314, Diff_loss = 11206.3465, preserve_loss = 0.0083, adv_loss = 0.0000, discri_loss = 0.0000, sp_cls = 0.0002
epoch 11: loss = 10970.0468, Diff_loss = 10969.7745, preserve_loss = 0.0050, adv_loss = -1.0673, discri_loss = 1.0214, sp_cls = 0.0001
Validation loss decreased (inf --> 10568.610937).  Saving model ...
epoch 12: loss = 10722.6742, Diff_loss = 10722.1764, preserve_loss = 0.0062, adv_loss = -1.0101, discri_loss = 0.8836, sp_cls = 0.0001
Validation loss decreased (10568.610937 --> 10364.653076).  Saving model ...
epoch 13: loss = 10569.0286, Diff_loss = 10568.5421, preserve_loss = 0.0059, adv_loss = -0.9427, discri_loss = 0.7926, sp_cls = 0.0001
Validation loss decreased (10364.653076 --> 10223.563574).  Saving model ...
epoch 14: loss = 10373.0981, Diff_loss = 10372.7934, preserve_loss = 0.0046, adv_loss = -0.8813, discri_loss = 0.7509, sp_cls = 0.0001
Validation loss decreased (10223.563574 --> 10093.029932).  Saving model ...
epoch 15: loss = 10280.0480, Diff_loss = 10279.7438, preserve_loss = 0.0045, adv_loss = -0.8342, discri_loss = 0.7202, sp_cls = 0.0001
Validation loss decreased (10093.029932 --> 9993.418018).  Saving model ...
epoch 16: loss = 10216.8598, Diff_loss = 10216.6368, preserve_loss = 0.0039, adv_loss = -0.7924, discri_loss = 0.6874, sp_cls = 0.0001
Validation loss decreased (9993.418018 --> 9919.005566).  Saving model ...
epoch 17: loss = 10143.3407, Diff_loss = 10143.0647, preserve_loss = 0.0041, adv_loss = -0.7651, discri_loss = 0.6701, sp_cls = 0.0000
Validation loss decreased (9919.005566 --> 9853.667139).  Saving model ...
epoch 18: loss = 10056.6437, Diff_loss = 10056.2848, preserve_loss = 0.0045, adv_loss = -0.7396, discri_loss = 0.6541, sp_cls = 0.0003
Validation loss decreased (9853.667139 --> 9803.761279).  Saving model ...
epoch 19: loss = 9989.2142, Diff_loss = 9988.9216, preserve_loss = 0.0041, adv_loss = -0.7370, discri_loss = 0.6638, sp_cls = 0.0001
Validation loss decreased (9803.761279 --> 9761.312500).  Saving model ...
epoch 20: loss = 10021.5447, Diff_loss = 10021.0747, preserve_loss = 0.0051, adv_loss = -0.7213, discri_loss = 0.6455, sp_cls = 0.0002
Validation loss decreased (9761.312500 --> 9704.094629).  Saving model ...
epoch 21: loss = 9923.7814, Diff_loss = 9923.2096, preserve_loss = 0.0057, adv_loss = -0.7141, discri_loss = 0.6612, sp_cls = 0.0001
Validation loss decreased (9704.094629 --> 9693.556738).  Saving model ...
epoch 22: loss = 9899.7099, Diff_loss = 9899.0043, preserve_loss = 0.0065, adv_loss = -0.7061, discri_loss = 0.6401, sp_cls = 0.0002
Validation loss decreased (9693.556738 --> 9636.269678).  Saving model ...
epoch 23: loss = 9916.2911, Diff_loss = 9915.5739, preserve_loss = 0.0065, adv_loss = -0.7038, discri_loss = 0.6518, sp_cls = 0.0003
Validation loss decreased (9636.269678 --> 9633.203271).  Saving model ...
epoch 24: loss = 9744.5222, Diff_loss = 9743.8459, preserve_loss = 0.0063, adv_loss = -0.6985, discri_loss = 0.6474, sp_cls = 0.0001
Validation loss decreased (9633.203271 --> 9566.096338).  Saving model ...
epoch 25: loss = 9744.2776, Diff_loss = 9743.6026, preserve_loss = 0.0063, adv_loss = -0.7024, discri_loss = 0.6610, sp_cls = 0.0002
Validation loss decreased (9566.096338 --> 9531.982178).  Saving model ...
epoch 26: loss = 9800.3773, Diff_loss = 9799.6841, preserve_loss = 0.0064, adv_loss = -0.7049, discri_loss = 0.6473, sp_cls = 0.0001
Validation loss decreased (9531.982178 --> 9518.116992).  Saving model ...
epoch 27: loss = 9658.0824, Diff_loss = 9657.4687, preserve_loss = 0.0059, adv_loss = -0.7068, discri_loss = 0.6594, sp_cls = 0.0001
Validation loss decreased (9518.116992 --> 9493.371484).  Saving model ...
epoch 28: loss = 9603.4833, Diff_loss = 9602.9348, preserve_loss = 0.0056, adv_loss = -0.7135, discri_loss = 0.6557, sp_cls = 0.0002
Validation loss decreased (9493.371484 --> 9478.233691).  Saving model ...
epoch 29: loss = 9638.5176, Diff_loss = 9637.9005, preserve_loss = 0.0059, adv_loss = -0.7019, discri_loss = 0.6426, sp_cls = 0.0001
Validation loss decreased (9478.233691 --> 9451.135498).  Saving model ...
epoch 30: loss = 9605.8701, Diff_loss = 9605.3162, preserve_loss = 0.0055, adv_loss = -0.6965, discri_loss = 0.6475, sp_cls = 0.0002
Validation loss decreased (9451.135498 --> 9431.362207).  Saving model ...
epoch 31: loss = 9598.1856, Diff_loss = 9597.6190, preserve_loss = 0.0056, adv_loss = -0.7015, discri_loss = 0.6544, sp_cls = 0.0002
Validation loss decreased (9431.362207 --> 9408.086084).  Saving model ...
epoch 32: loss = 9452.3164, Diff_loss = 9451.8052, preserve_loss = 0.0053, adv_loss = -0.7080, discri_loss = 0.6594, sp_cls = 0.0002
Validation loss decreased (9408.086084 --> 9395.376709).  Saving model ...
epoch 33: loss = 9507.4884, Diff_loss = 9506.9619, preserve_loss = 0.0054, adv_loss = -0.7042, discri_loss = 0.6370, sp_cls = 0.0002
Validation loss decreased (9395.376709 --> 9387.479199).  Saving model ...
epoch 34: loss = 9508.5707, Diff_loss = 9508.0646, preserve_loss = 0.0053, adv_loss = -0.6992, discri_loss = 0.6421, sp_cls = 0.0004
Validation loss decreased (9387.479199 --> 9383.798535).  Saving model ...
epoch 35: loss = 9515.7488, Diff_loss = 9515.2257, preserve_loss = 0.0054, adv_loss = -0.6982, discri_loss = 0.6425, sp_cls = 0.0002
Validation loss decreased (9383.798535 --> 9358.686621).  Saving model ...
epoch 36: loss = 9444.7628, Diff_loss = 9444.3087, preserve_loss = 0.0049, adv_loss = -0.6976, discri_loss = 0.6516, sp_cls = 0.0002
Validation loss decreased (9358.686621 --> 9355.594678).  Saving model ...
epoch 37: loss = 9378.2857, Diff_loss = 9377.8151, preserve_loss = 0.0050, adv_loss = -0.6964, discri_loss = 0.6410, sp_cls = 0.0003
Validation loss decreased (9355.594678 --> 9349.078760).  Saving model ...
epoch 38: loss = 9463.0391, Diff_loss = 9462.6004, preserve_loss = 0.0049, adv_loss = -0.6960, discri_loss = 0.6421, sp_cls = 0.0001
Validation loss decreased (9349.078760 --> 9311.043848).  Saving model ...
epoch 39: loss = 9383.8702, Diff_loss = 9383.4560, preserve_loss = 0.0047, adv_loss = -0.6953, discri_loss = 0.6409, sp_cls = 0.0002
Validation loss decreased (9311.043848 --> 9288.898242).  Saving model ...
epoch 40: loss = 9430.8777, Diff_loss = 9430.4629, preserve_loss = 0.0047, adv_loss = -0.6994, discri_loss = 0.6482, sp_cls = 0.0002
inference: loss = 9101.1493, Diff_loss = 9100.9769, preserve_loss = 0.0032, adv_loss = -0.6653
All results recorded in adata.
[I 2026-02-11 19:01:20,654] Trial 32 pruned. 

============================================================
Trial 33: gamma=254.193, lambda_adv=0.750, lambda_sp_cls=2.581, lr=0.00054, dropout=0.22, latent_dim=64, denoise_hidden=512, batch_size=256
============================================================
using cuda
Training start!
epoch 1: loss = 21016.3465, Diff_loss = 15062.0745, preserve_loss = 23.4223, adv_loss = 0.0000, discri_loss = 0.0000, sp_cls = 0.1887
epoch 2: loss = 12795.0265, Diff_loss = 12776.4915, preserve_loss = 0.0729, adv_loss = 0.0000, discri_loss = 0.0000, sp_cls = 0.0023
epoch 3: loss = 12382.5386, Diff_loss = 12374.8370, preserve_loss = 0.0303, adv_loss = 0.0000, discri_loss = 0.0000, sp_cls = 0.0008
epoch 4: loss = 12321.5705, Diff_loss = 12317.3677, preserve_loss = 0.0165, adv_loss = 0.0000, discri_loss = 0.0000, sp_cls = 0.0004
epoch 5: loss = 12024.6898, Diff_loss = 12021.9644, preserve_loss = 0.0107, adv_loss = 0.0000, discri_loss = 0.0000, sp_cls = 0.0002
epoch 6: loss = 11823.1817, Diff_loss = 11821.3760, preserve_loss = 0.0071, adv_loss = 0.0000, discri_loss = 0.0000, sp_cls = 0.0001
epoch 7: loss = 11674.4576, Diff_loss = 11673.0900, preserve_loss = 0.0054, adv_loss = 0.0000, discri_loss = 0.0000, sp_cls = 0.0001
epoch 8: loss = 11597.3484, Diff_loss = 11596.1575, preserve_loss = 0.0047, adv_loss = 0.0000, discri_loss = 0.0000, sp_cls = 0.0001
epoch 9: loss = 11445.9261, Diff_loss = 11444.9173, preserve_loss = 0.0040, adv_loss = 0.0000, discri_loss = 0.0000, sp_cls = 0.0001
epoch 10: loss = 11306.8966, Diff_loss = 11305.7008, preserve_loss = 0.0047, adv_loss = 0.0000, discri_loss = 0.0000, sp_cls = 0.0001
epoch 11: loss = 11101.8170, Diff_loss = 11101.4226, preserve_loss = 0.0047, adv_loss = -1.0644, discri_loss = 1.0139, sp_cls = 0.0001
Validation loss decreased (inf --> 10651.524463).  Saving model ...
epoch 12: loss = 10921.4157, Diff_loss = 10920.8986, preserve_loss = 0.0050, adv_loss = -1.0189, discri_loss = 0.8805, sp_cls = 0.0003
Validation loss decreased (10651.524463 --> 10456.461377).  Saving model ...
epoch 13: loss = 10570.3341, Diff_loss = 10570.1870, preserve_loss = 0.0034, adv_loss = -0.9640, discri_loss = 0.7906, sp_cls = 0.0001
Validation loss decreased (10456.461377 --> 10281.916943).  Saving model ...
epoch 14: loss = 10471.7237, Diff_loss = 10471.7448, preserve_loss = 0.0026, adv_loss = -0.9021, discri_loss = 0.7314, sp_cls = 0.0001
Validation loss decreased (10281.916943 --> 10134.746582).  Saving model ...
epoch 15: loss = 10305.5626, Diff_loss = 10305.6567, preserve_loss = 0.0022, adv_loss = -0.8567, discri_loss = 0.7102, sp_cls = 0.0002
Validation loss decreased (10134.746582 --> 10024.662549).  Saving model ...
epoch 16: loss = 10154.4987, Diff_loss = 10154.5676, preserve_loss = 0.0021, adv_loss = -0.8172, discri_loss = 0.6795, sp_cls = 0.0001
Validation loss decreased (10024.662549 --> 9905.638916).  Saving model ...
epoch 17: loss = 10099.1887, Diff_loss = 10099.2988, preserve_loss = 0.0019, adv_loss = -0.7947, discri_loss = 0.6703, sp_cls = 0.0000
Validation loss decreased (9905.638916 --> 9816.679199).  Saving model ...
epoch 18: loss = 9974.6992, Diff_loss = 9974.8471, preserve_loss = 0.0017, adv_loss = -0.7684, discri_loss = 0.6655, sp_cls = 0.0000
Validation loss decreased (9816.679199 --> 9728.790820).  Saving model ...
epoch 19: loss = 9849.7012, Diff_loss = 9849.8225, preserve_loss = 0.0017, adv_loss = -0.7530, discri_loss = 0.6519, sp_cls = 0.0001
Validation loss decreased (9728.790820 --> 9666.767187).  Saving model ...
epoch 20: loss = 9771.8873, Diff_loss = 9772.0568, preserve_loss = 0.0015, adv_loss = -0.7456, discri_loss = 0.6660, sp_cls = 0.0000
Validation loss decreased (9666.767187 --> 9631.627490).  Saving model ...
epoch 21: loss = 9856.3129, Diff_loss = 9856.4974, preserve_loss = 0.0015, adv_loss = -0.7425, discri_loss = 0.6594, sp_cls = 0.0000
Validation loss decreased (9631.627490 --> 9546.542725).  Saving model ...
epoch 22: loss = 9628.5235, Diff_loss = 9628.6265, preserve_loss = 0.0018, adv_loss = -0.7371, discri_loss = 0.6563, sp_cls = 0.0000
Validation loss decreased (9546.542725 --> 9506.931250).  Saving model ...
epoch 23: loss = 9626.6637, Diff_loss = 9626.7837, preserve_loss = 0.0017, adv_loss = -0.7276, discri_loss = 0.6461, sp_cls = 0.0000
Validation loss decreased (9506.931250 --> 9458.329834).  Saving model ...
epoch 24: loss = 9615.6750, Diff_loss = 9615.7631, preserve_loss = 0.0018, adv_loss = -0.7250, discri_loss = 0.6529, sp_cls = 0.0000
Validation loss decreased (9458.329834 --> 9427.805029).  Saving model ...
epoch 25: loss = 9535.0995, Diff_loss = 9535.2260, preserve_loss = 0.0016, adv_loss = -0.7241, discri_loss = 0.6589, sp_cls = 0.0000
Validation loss decreased (9427.805029 --> 9404.749854).  Saving model ...
epoch 26: loss = 9530.4016, Diff_loss = 9530.5298, preserve_loss = 0.0017, adv_loss = -0.7315, discri_loss = 0.6777, sp_cls = 0.0001
Validation loss decreased (9404.749854 --> 9388.011719).  Saving model ...
epoch 27: loss = 9538.9283, Diff_loss = 9539.0491, preserve_loss = 0.0017, adv_loss = -0.7291, discri_loss = 0.6534, sp_cls = 0.0000
Validation loss decreased (9388.011719 --> 9373.797168).  Saving model ...
epoch 28: loss = 9450.1396, Diff_loss = 9450.2538, preserve_loss = 0.0017, adv_loss = -0.7236, discri_loss = 0.6507, sp_cls = 0.0000
Validation loss decreased (9373.797168 --> 9339.540039).  Saving model ...
epoch 29: loss = 9484.0458, Diff_loss = 9484.1559, preserve_loss = 0.0017, adv_loss = -0.7240, discri_loss = 0.6671, sp_cls = 0.0000
Validation loss decreased (9339.540039 --> 9323.081445).  Saving model ...
epoch 30: loss = 9474.8542, Diff_loss = 9474.9450, preserve_loss = 0.0018, adv_loss = -0.7224, discri_loss = 0.6565, sp_cls = 0.0000
Validation loss decreased (9323.081445 --> 9319.059375).  Saving model ...
epoch 31: loss = 9378.3177, Diff_loss = 9378.4130, preserve_loss = 0.0018, adv_loss = -0.7236, discri_loss = 0.6613, sp_cls = 0.0000
Validation loss decreased (9319.059375 --> 9295.612451).  Saving model ...
epoch 32: loss = 9324.9500, Diff_loss = 9325.0743, preserve_loss = 0.0017, adv_loss = -0.7273, discri_loss = 0.6685, sp_cls = 0.0000
Validation loss decreased (9295.612451 --> 9282.214746).  Saving model ...
epoch 33: loss = 9324.7405, Diff_loss = 9324.8557, preserve_loss = 0.0017, adv_loss = -0.7246, discri_loss = 0.6622, sp_cls = 0.0000
Validation loss decreased (9282.214746 --> 9241.839600).  Saving model ...
epoch 34: loss = 9335.5395, Diff_loss = 9335.6754, preserve_loss = 0.0016, adv_loss = -0.7251, discri_loss = 0.6683, sp_cls = 0.0000
Validation loss decreased (9241.839600 --> 9235.094385).  Saving model ...
epoch 35: loss = 9266.8223, Diff_loss = 9266.9676, preserve_loss = 0.0016, adv_loss = -0.7260, discri_loss = 0.6567, sp_cls = 0.0000
EarlyStopping counter: 1 / 20
epoch 36: loss = 9372.4686, Diff_loss = 9372.5981, preserve_loss = 0.0016, adv_loss = -0.7265, discri_loss = 0.6644, sp_cls = 0.0000
EarlyStopping counter: 2 / 20
epoch 37: loss = 9301.3020, Diff_loss = 9301.4236, preserve_loss = 0.0017, adv_loss = -0.7290, discri_loss = 0.6746, sp_cls = 0.0000
Validation loss decreased (9235.094385 --> 9215.377539).  Saving model ...
epoch 38: loss = 9248.8414, Diff_loss = 9248.9731, preserve_loss = 0.0016, adv_loss = -0.7326, discri_loss = 0.6719, sp_cls = 0.0000
Validation loss decreased (9215.377539 --> 9192.847852).  Saving model ...
epoch 39: loss = 9341.9924, Diff_loss = 9342.1133, preserve_loss = 0.0017, adv_loss = -0.7321, discri_loss = 0.6675, sp_cls = 0.0000
EarlyStopping counter: 1 / 20
epoch 40: loss = 9224.1866, Diff_loss = 9224.3226, preserve_loss = 0.0016, adv_loss = -0.7308, discri_loss = 0.6666, sp_cls = 0.0000
inference: loss = 8974.6978, Diff_loss = 8974.9700, preserve_loss = 0.0010, adv_loss = -0.6899
All results recorded in adata.
[I 2026-02-11 19:12:18,047] Trial 33 pruned. 

============================================================
Trial 34: gamma=12.002, lambda_adv=0.347, lambda_sp_cls=2.218, lr=0.00046, dropout=0.23, latent_dim=16, denoise_hidden=512, batch_size=256
============================================================
using cuda
Training start!
epoch 1: loss = 15403.7384, Diff_loss = 15299.2008, preserve_loss = 8.5768, adv_loss = 0.0000, discri_loss = 0.0000, sp_cls = 0.7223
epoch 2: loss = 12885.4393, Diff_loss = 12883.0163, preserve_loss = 0.1771, adv_loss = 0.0000, discri_loss = 0.0000, sp_cls = 0.1340
epoch 3: loss = 12608.1801, Diff_loss = 12607.0257, preserve_loss = 0.0903, adv_loss = 0.0000, discri_loss = 0.0000, sp_cls = 0.0316
epoch 4: loss = 12224.4532, Diff_loss = 12223.7104, preserve_loss = 0.0595, adv_loss = 0.0000, discri_loss = 0.0000, sp_cls = 0.0129
epoch 5: loss = 12128.9573, Diff_loss = 12128.3573, preserve_loss = 0.0487, adv_loss = 0.0000, discri_loss = 0.0000, sp_cls = 0.0071
epoch 6: loss = 11999.9308, Diff_loss = 11999.3653, preserve_loss = 0.0463, adv_loss = 0.0000, discri_loss = 0.0000, sp_cls = 0.0046
epoch 7: loss = 11900.6711, Diff_loss = 11900.0777, preserve_loss = 0.0488, adv_loss = 0.0000, discri_loss = 0.0000, sp_cls = 0.0033
epoch 8: loss = 11647.0175, Diff_loss = 11646.3665, preserve_loss = 0.0538, adv_loss = 0.0000, discri_loss = 0.0000, sp_cls = 0.0025
epoch 9: loss = 11539.7732, Diff_loss = 11539.0951, preserve_loss = 0.0561, adv_loss = 0.0000, discri_loss = 0.0000, sp_cls = 0.0020
epoch 10: loss = 11384.1465, Diff_loss = 11383.4944, preserve_loss = 0.0540, adv_loss = 0.0000, discri_loss = 0.0000, sp_cls = 0.0017
epoch 11: loss = 11356.1352, Diff_loss = 11355.8666, preserve_loss = 0.0526, adv_loss = -1.0517, discri_loss = 1.0286, sp_cls = 0.0012
Validation loss decreased (inf --> 10840.547070).  Saving model ...
epoch 12: loss = 10972.0099, Diff_loss = 10971.7210, preserve_loss = 0.0532, adv_loss = -1.0100, discri_loss = 0.8982, sp_cls = 0.0008
Validation loss decreased (10840.547070 --> 10605.039502).  Saving model ...
epoch 13: loss = 10806.9210, Diff_loss = 10806.6700, preserve_loss = 0.0492, adv_loss = -0.9785, discri_loss = 0.8388, sp_cls = 0.0005
Validation loss decreased (10605.039502 --> 10424.945410).  Saving model ...
epoch 14: loss = 10603.6434, Diff_loss = 10603.4017, preserve_loss = 0.0473, adv_loss = -0.9406, discri_loss = 0.7889, sp_cls = 0.0004
Validation loss decreased (10424.945410 --> 10277.991211).  Saving model ...
epoch 15: loss = 10344.5703, Diff_loss = 10344.3371, preserve_loss = 0.0455, adv_loss = -0.9026, discri_loss = 0.7495, sp_cls = 0.0003
Validation loss decreased (10277.991211 --> 10126.052295).  Saving model ...
epoch 16: loss = 10310.8371, Diff_loss = 10310.5746, preserve_loss = 0.0470, adv_loss = -0.8702, discri_loss = 0.7307, sp_cls = 0.0002
Validation loss decreased (10126.052295 --> 10023.345703).  Saving model ...
epoch 17: loss = 10219.5220, Diff_loss = 10219.2935, preserve_loss = 0.0435, adv_loss = -0.8456, discri_loss = 0.7047, sp_cls = 0.0002
Validation loss decreased (10023.345703 --> 9943.067041).  Saving model ...
epoch 18: loss = 9994.1133, Diff_loss = 9993.8321, preserve_loss = 0.0473, adv_loss = -0.8245, discri_loss = 0.7114, sp_cls = 0.0001
Validation loss decreased (9943.067041 --> 9832.904395).  Saving model ...
epoch 19: loss = 9995.4529, Diff_loss = 9995.1744, preserve_loss = 0.0467, adv_loss = -0.8112, discri_loss = 0.7123, sp_cls = 0.0001
Validation loss decreased (9832.904395 --> 9758.593457).  Saving model ...
epoch 20: loss = 9914.7751, Diff_loss = 9914.3835, preserve_loss = 0.0560, adv_loss = -0.8062, discri_loss = 0.7097, sp_cls = 0.0001
Validation loss decreased (9758.593457 --> 9705.790625).  Saving model ...
epoch 21: loss = 9970.7109, Diff_loss = 9970.1699, preserve_loss = 0.0680, adv_loss = -0.7925, discri_loss = 0.6965, sp_cls = 0.0001
Validation loss decreased (9705.790625 --> 9599.917676).  Saving model ...
epoch 22: loss = 9826.0812, Diff_loss = 9825.4780, preserve_loss = 0.0731, adv_loss = -0.7881, discri_loss = 0.7088, sp_cls = 0.0001
Validation loss decreased (9599.917676 --> 9582.650684).  Saving model ...
epoch 23: loss = 9659.9172, Diff_loss = 9659.3467, preserve_loss = 0.0701, adv_loss = -0.7785, discri_loss = 0.7015, sp_cls = 0.0001
Validation loss decreased (9582.650684 --> 9526.559082).  Saving model ...
epoch 24: loss = 9660.4409, Diff_loss = 9659.7790, preserve_loss = 0.0778, adv_loss = -0.7825, discri_loss = 0.7153, sp_cls = 0.0001
Validation loss decreased (9526.559082 --> 9523.710400).  Saving model ...
epoch 25: loss = 9617.0588, Diff_loss = 9616.3743, preserve_loss = 0.0795, adv_loss = -0.7747, discri_loss = 0.6984, sp_cls = 0.0000
Validation loss decreased (9523.710400 --> 9467.483252).  Saving model ...
epoch 26: loss = 9692.5407, Diff_loss = 9691.8779, preserve_loss = 0.0777, adv_loss = -0.7759, discri_loss = 0.7050, sp_cls = 0.0000
Validation loss decreased (9467.483252 --> 9451.145703).  Saving model ...
epoch 27: loss = 9550.4244, Diff_loss = 9549.7775, preserve_loss = 0.0763, adv_loss = -0.7742, discri_loss = 0.6922, sp_cls = 0.0000
Validation loss decreased (9451.145703 --> 9417.536768).  Saving model ...
epoch 28: loss = 9547.1187, Diff_loss = 9546.4267, preserve_loss = 0.0798, adv_loss = -0.7663, discri_loss = 0.6900, sp_cls = 0.0000
Validation loss decreased (9417.536768 --> 9413.525146).  Saving model ...
epoch 29: loss = 9501.0359, Diff_loss = 9500.3497, preserve_loss = 0.0794, adv_loss = -0.7673, discri_loss = 0.7029, sp_cls = 0.0000
Validation loss decreased (9413.525146 --> 9379.800879).  Saving model ...
epoch 30: loss = 9434.2796, Diff_loss = 9433.5327, preserve_loss = 0.0843, adv_loss = -0.7624, discri_loss = 0.6873, sp_cls = 0.0000
Validation loss decreased (9379.800879 --> 9368.034131).  Saving model ...
epoch 31: loss = 9388.8277, Diff_loss = 9388.0867, preserve_loss = 0.0838, adv_loss = -0.7616, discri_loss = 0.6940, sp_cls = 0.0000
Validation loss decreased (9368.034131 --> 9355.284521).  Saving model ...
epoch 32: loss = 9421.3487, Diff_loss = 9420.5378, preserve_loss = 0.0895, adv_loss = -0.7579, discri_loss = 0.6906, sp_cls = 0.0000
Validation loss decreased (9355.284521 --> 9312.202637).  Saving model ...
epoch 33: loss = 9503.7408, Diff_loss = 9502.8597, preserve_loss = 0.0954, adv_loss = -0.7594, discri_loss = 0.6977, sp_cls = 0.0000
EarlyStopping counter: 1 / 20
epoch 34: loss = 9414.6511, Diff_loss = 9413.7089, preserve_loss = 0.1006, adv_loss = -0.7631, discri_loss = 0.7035, sp_cls = 0.0002
Validation loss decreased (9312.202637 --> 9299.457227).  Saving model ...
epoch 35: loss = 9346.5827, Diff_loss = 9345.6981, preserve_loss = 0.0958, adv_loss = -0.7613, discri_loss = 0.6936, sp_cls = 0.0000
Validation loss decreased (9299.457227 --> 9267.896826).  Saving model ...
epoch 36: loss = 9352.0631, Diff_loss = 9351.1447, preserve_loss = 0.0985, adv_loss = -0.7588, discri_loss = 0.6888, sp_cls = 0.0000
Validation loss decreased (9267.896826 --> 9261.792139).  Saving model ...
epoch 37: loss = 9268.3603, Diff_loss = 9267.4518, preserve_loss = 0.0977, adv_loss = -0.7586, discri_loss = 0.6878, sp_cls = 0.0000
EarlyStopping counter: 1 / 20
epoch 38: loss = 9316.2679, Diff_loss = 9315.3766, preserve_loss = 0.0961, adv_loss = -0.7552, discri_loss = 0.6903, sp_cls = 0.0000
Validation loss decreased (9261.792139 --> 9235.777295).  Saving model ...
epoch 39: loss = 9289.0333, Diff_loss = 9288.0945, preserve_loss = 0.1001, adv_loss = -0.7572, discri_loss = 0.6982, sp_cls = 0.0000
EarlyStopping counter: 1 / 20
epoch 40: loss = 9279.9682, Diff_loss = 9279.0332, preserve_loss = 0.0998, adv_loss = -0.7558, discri_loss = 0.6890, sp_cls = 0.0000
inference: loss = 9021.1310, Diff_loss = 9020.4792, preserve_loss = 0.0743, adv_loss = -0.6916
All results recorded in adata.
[I 2026-02-11 19:21:35,039] Trial 34 pruned. 

============================================================
Trial 35: gamma=172.028, lambda_adv=0.888, lambda_sp_cls=8.468, lr=0.00050, dropout=0.19, latent_dim=64, denoise_hidden=512, batch_size=128
============================================================
using cuda
Training start!
epoch 1: loss = 15227.6632, Diff_loss = 14097.0569, preserve_loss = 6.5683, adv_loss = 0.0000, discri_loss = 0.0000, sp_cls = 0.0801
epoch 2: loss = 12506.2349, Diff_loss = 12501.1140, preserve_loss = 0.0297, adv_loss = 0.0000, discri_loss = 0.0000, sp_cls = 0.0010
epoch 3: loss = 12259.4366, Diff_loss = 12257.2957, preserve_loss = 0.0124, adv_loss = 0.0000, discri_loss = 0.0000, sp_cls = 0.0003
epoch 4: loss = 11719.3442, Diff_loss = 11718.1935, preserve_loss = 0.0067, adv_loss = 0.0000, discri_loss = 0.0000, sp_cls = 0.0001
epoch 5: loss = 11531.1537, Diff_loss = 11530.0681, preserve_loss = 0.0063, adv_loss = 0.0000, discri_loss = 0.0000, sp_cls = 0.0001
epoch 6: loss = 11378.0774, Diff_loss = 11377.2538, preserve_loss = 0.0048, adv_loss = 0.0000, discri_loss = 0.0000, sp_cls = 0.0003
epoch 7: loss = 11111.9350, Diff_loss = 11111.3974, preserve_loss = 0.0031, adv_loss = 0.0000, discri_loss = 0.0000, sp_cls = 0.0000
epoch 8: loss = 10921.6207, Diff_loss = 10920.0529, preserve_loss = 0.0091, adv_loss = 0.0000, discri_loss = 0.0000, sp_cls = 0.0002
epoch 9: loss = 10907.4234, Diff_loss = 10906.7612, preserve_loss = 0.0038, adv_loss = 0.0000, discri_loss = 0.0000, sp_cls = 0.0000
epoch 10: loss = 10770.8161, Diff_loss = 10769.8344, preserve_loss = 0.0057, adv_loss = 0.0000, discri_loss = 0.0000, sp_cls = 0.0000
epoch 11: loss = 10510.6726, Diff_loss = 10510.6160, preserve_loss = 0.0057, adv_loss = -1.0394, discri_loss = 0.9481, sp_cls = 0.0000
Validation loss decreased (inf --> 10266.503540).  Saving model ...
epoch 12: loss = 10305.8336, Diff_loss = 10305.5797, preserve_loss = 0.0062, adv_loss = -0.9120, discri_loss = 0.7101, sp_cls = 0.0000
Validation loss decreased (10266.503540 --> 10065.639978).  Saving model ...
epoch 13: loss = 10227.8875, Diff_loss = 10227.5841, preserve_loss = 0.0059, adv_loss = -0.8014, discri_loss = 0.6132, sp_cls = 0.0000
Validation loss decreased (10065.639978 --> 9953.841565).  Saving model ...
epoch 14: loss = 10088.2869, Diff_loss = 10088.0554, preserve_loss = 0.0051, adv_loss = -0.7213, discri_loss = 0.5614, sp_cls = 0.0000
Validation loss decreased (9953.841565 --> 9859.632629).  Saving model ...
epoch 15: loss = 10004.5237, Diff_loss = 10004.2828, preserve_loss = 0.0048, adv_loss = -0.6563, discri_loss = 0.5032, sp_cls = 0.0000
Validation loss decreased (9859.632629 --> 9783.881628).  Saving model ...
epoch 16: loss = 9904.6813, Diff_loss = 9904.4326, preserve_loss = 0.0046, adv_loss = -0.6128, discri_loss = 0.4786, sp_cls = 0.0000
Validation loss decreased (9783.881628 --> 9734.306177).  Saving model ...
epoch 17: loss = 9951.9543, Diff_loss = 9951.7766, preserve_loss = 0.0041, adv_loss = -0.5931, discri_loss = 0.4927, sp_cls = 0.0000
Validation loss decreased (9734.306177 --> 9689.758679).  Saving model ...
epoch 18: loss = 9918.1643, Diff_loss = 9918.0530, preserve_loss = 0.0037, adv_loss = -0.5828, discri_loss = 0.4995, sp_cls = 0.0000
Validation loss decreased (9689.758679 --> 9648.498438).  Saving model ...
epoch 19: loss = 9807.3673, Diff_loss = 9807.2779, preserve_loss = 0.0035, adv_loss = -0.5796, discri_loss = 0.5027, sp_cls = 0.0000
Validation loss decreased (9648.498438 --> 9599.094373).  Saving model ...
epoch 20: loss = 9680.9886, Diff_loss = 9680.9984, preserve_loss = 0.0029, adv_loss = -0.5755, discri_loss = 0.4922, sp_cls = 0.0000
Validation loss decreased (9599.094373 --> 9525.004846).  Saving model ...
epoch 21: loss = 9540.1260, Diff_loss = 9540.1625, preserve_loss = 0.0028, adv_loss = -0.5744, discri_loss = 0.5082, sp_cls = 0.0000
Validation loss decreased (9525.004846 --> 9499.530029).  Saving model ...
epoch 22: loss = 9594.0035, Diff_loss = 9594.0704, preserve_loss = 0.0026, adv_loss = -0.5764, discri_loss = 0.5190, sp_cls = 0.0000
Validation loss decreased (9499.530029 --> 9436.149841).  Saving model ...
epoch 23: loss = 9587.5220, Diff_loss = 9587.5749, preserve_loss = 0.0027, adv_loss = -0.5781, discri_loss = 0.5192, sp_cls = 0.0000
Validation loss decreased (9436.149841 --> 9383.204932).  Saving model ...
epoch 24: loss = 9407.5566, Diff_loss = 9407.6153, preserve_loss = 0.0026, adv_loss = -0.5757, discri_loss = 0.5104, sp_cls = 0.0000
Validation loss decreased (9383.204932 --> 9342.016370).  Saving model ...
epoch 25: loss = 9556.7038, Diff_loss = 9556.7345, preserve_loss = 0.0028, adv_loss = -0.5745, discri_loss = 0.5121, sp_cls = 0.0000
EarlyStopping counter: 1 / 20
epoch 26: loss = 9381.9727, Diff_loss = 9382.0512, preserve_loss = 0.0025, adv_loss = -0.5768, discri_loss = 0.5158, sp_cls = 0.0000
Validation loss decreased (9342.016370 --> 9320.796582).  Saving model ...
epoch 27: loss = 9307.0318, Diff_loss = 9307.0728, preserve_loss = 0.0027, adv_loss = -0.5775, discri_loss = 0.5235, sp_cls = 0.0000
Validation loss decreased (9320.796582 --> 9283.024939).  Saving model ...
epoch 28: loss = 9311.8118, Diff_loss = 9311.8718, preserve_loss = 0.0026, adv_loss = -0.5792, discri_loss = 0.5118, sp_cls = 0.0000
EarlyStopping counter: 1 / 20
epoch 29: loss = 9383.0160, Diff_loss = 9383.0692, preserve_loss = 0.0027, adv_loss = -0.5800, discri_loss = 0.5138, sp_cls = 0.0000
EarlyStopping counter: 2 / 20
epoch 30: loss = 9289.6720, Diff_loss = 9289.7104, preserve_loss = 0.0027, adv_loss = -0.5749, discri_loss = 0.5180, sp_cls = 0.0000
EarlyStopping counter: 3 / 20
epoch 31: loss = 9404.1962, Diff_loss = 9404.2161, preserve_loss = 0.0028, adv_loss = -0.5737, discri_loss = 0.5109, sp_cls = 0.0000
Validation loss decreased (9283.024939 --> 9269.213696).  Saving model ...
epoch 32: loss = 9247.6334, Diff_loss = 9247.6360, preserve_loss = 0.0029, adv_loss = -0.5696, discri_loss = 0.5048, sp_cls = 0.0000
Validation loss decreased (9269.213696 --> 9237.421594).  Saving model ...
epoch 33: loss = 9283.2552, Diff_loss = 9283.2698, preserve_loss = 0.0029, adv_loss = -0.5760, discri_loss = 0.5197, sp_cls = 0.0000
Validation loss decreased (9237.421594 --> 9231.189331).  Saving model ...
epoch 34: loss = 9235.9608, Diff_loss = 9235.9542, preserve_loss = 0.0030, adv_loss = -0.5803, discri_loss = 0.5223, sp_cls = 0.0000
EarlyStopping counter: 1 / 20
epoch 35: loss = 9262.6750, Diff_loss = 9262.6882, preserve_loss = 0.0029, adv_loss = -0.5777, discri_loss = 0.5127, sp_cls = 0.0000
EarlyStopping counter: 2 / 20
epoch 36: loss = 9276.4365, Diff_loss = 9276.4216, preserve_loss = 0.0031, adv_loss = -0.5824, discri_loss = 0.5315, sp_cls = 0.0000
EarlyStopping counter: 3 / 20
epoch 37: loss = 9242.8330, Diff_loss = 9242.8367, preserve_loss = 0.0030, adv_loss = -0.5811, discri_loss = 0.5221, sp_cls = 0.0000
Validation loss decreased (9231.189331 --> 9214.031116).  Saving model ...
epoch 38: loss = 9148.6714, Diff_loss = 9148.6692, preserve_loss = 0.0031, adv_loss = -0.5909, discri_loss = 0.5417, sp_cls = 0.0000
Validation loss decreased (9214.031116 --> 9198.927490).  Saving model ...
epoch 39: loss = 9163.5613, Diff_loss = 9163.5696, preserve_loss = 0.0030, adv_loss = -0.5981, discri_loss = 0.5441, sp_cls = 0.0000
Validation loss decreased (9198.927490 --> 9180.360400).  Saving model ...
epoch 40: loss = 9178.6622, Diff_loss = 9178.6905, preserve_loss = 0.0029, adv_loss = -0.6011, discri_loss = 0.5409, sp_cls = 0.0000
inference: loss = 8930.8781, Diff_loss = 8930.9613, preserve_loss = 0.0022, adv_loss = -0.5188
All results recorded in adata.
[I 2026-02-11 19:38:43,945] Trial 35 pruned. 

============================================================
Trial 36: gamma=113.955, lambda_adv=3.190, lambda_sp_cls=5.175, lr=0.00065, dropout=0.25, latent_dim=16, denoise_hidden=512, batch_size=256
============================================================
using cuda
Training start!
epoch 1: loss = 15251.4037, Diff_loss = 14679.3899, preserve_loss = 4.9962, adv_loss = 0.0000, discri_loss = 0.0000, sp_cls = 0.5153
epoch 2: loss = 12704.1932, Diff_loss = 12700.5500, preserve_loss = 0.0297, adv_loss = 0.0000, discri_loss = 0.0000, sp_cls = 0.0492
epoch 3: loss = 12433.1944, Diff_loss = 12431.7456, preserve_loss = 0.0122, adv_loss = 0.0000, discri_loss = 0.0000, sp_cls = 0.0124
epoch 4: loss = 12040.9784, Diff_loss = 12040.1494, preserve_loss = 0.0070, adv_loss = 0.0000, discri_loss = 0.0000, sp_cls = 0.0055
epoch 5: loss = 11917.5208, Diff_loss = 11916.8679, preserve_loss = 0.0056, adv_loss = 0.0000, discri_loss = 0.0000, sp_cls = 0.0032
epoch 6: loss = 11617.7647, Diff_loss = 11617.1864, preserve_loss = 0.0050, adv_loss = 0.0000, discri_loss = 0.0000, sp_cls = 0.0021
epoch 7: loss = 11460.1044, Diff_loss = 11459.4948, preserve_loss = 0.0053, adv_loss = 0.0000, discri_loss = 0.0000, sp_cls = 0.0015
epoch 8: loss = 11373.7329, Diff_loss = 11371.1631, preserve_loss = 0.0225, adv_loss = 0.0000, discri_loss = 0.0000, sp_cls = 0.0019
epoch 9: loss = 11210.9735, Diff_loss = 11210.4244, preserve_loss = 0.0047, adv_loss = 0.0000, discri_loss = 0.0000, sp_cls = 0.0015
epoch 10: loss = 11227.3036, Diff_loss = 11226.6385, preserve_loss = 0.0058, adv_loss = 0.0000, discri_loss = 0.0000, sp_cls = 0.0011
epoch 11: loss = 10969.2886, Diff_loss = 10971.8988, preserve_loss = 0.0067, adv_loss = -1.0595, discri_loss = 1.0393, sp_cls = 0.0006
Validation loss decreased (inf --> 10554.308203).  Saving model ...
epoch 12: loss = 10695.7685, Diff_loss = 10697.9846, preserve_loss = 0.0089, adv_loss = -1.0143, discri_loss = 0.9139, sp_cls = 0.0004
Validation loss decreased (10554.308203 --> 10337.948828).  Saving model ...
epoch 13: loss = 10495.4800, Diff_loss = 10497.4526, preserve_loss = 0.0099, adv_loss = -0.9725, discri_loss = 0.8468, sp_cls = 0.0004
Validation loss decreased (10337.948828 --> 10194.333936).  Saving model ...
epoch 14: loss = 10469.8548, Diff_loss = 10471.6844, preserve_loss = 0.0101, adv_loss = -0.9355, discri_loss = 0.8039, sp_cls = 0.0003
Validation loss decreased (10194.333936 --> 10060.717676).  Saving model ...
epoch 15: loss = 10296.4094, Diff_loss = 10298.0507, preserve_loss = 0.0107, adv_loss = -0.8966, discri_loss = 0.7651, sp_cls = 0.0002
Validation loss decreased (10060.717676 --> 9956.139307).  Saving model ...
epoch 16: loss = 10096.2202, Diff_loss = 10097.7529, preserve_loss = 0.0110, adv_loss = -0.8736, discri_loss = 0.7557, sp_cls = 0.0001
Validation loss decreased (9956.139307 --> 9866.578760).  Saving model ...
epoch 17: loss = 9992.5699, Diff_loss = 9993.9488, preserve_loss = 0.0115, adv_loss = -0.8447, discri_loss = 0.7261, sp_cls = 0.0001
Validation loss decreased (9866.578760 --> 9778.840625).  Saving model ...
epoch 18: loss = 10010.5741, Diff_loss = 10011.7347, preserve_loss = 0.0128, adv_loss = -0.8220, discri_loss = 0.7089, sp_cls = 0.0001
Validation loss decreased (9778.840625 --> 9756.867773).  Saving model ...
epoch 19: loss = 10003.9779, Diff_loss = 10004.9163, preserve_loss = 0.0143, adv_loss = -0.8040, discri_loss = 0.7059, sp_cls = 0.0001
Validation loss decreased (9756.867773 --> 9673.198926).  Saving model ...
epoch 20: loss = 9852.8885, Diff_loss = 9853.7159, preserve_loss = 0.0150, adv_loss = -0.7941, discri_loss = 0.6989, sp_cls = 0.0000
Validation loss decreased (9673.198926 --> 9653.176367).  Saving model ...
epoch 21: loss = 9820.5310, Diff_loss = 9821.2566, preserve_loss = 0.0156, adv_loss = -0.7844, discri_loss = 0.6858, sp_cls = 0.0001
Validation loss decreased (9653.176367 --> 9628.091357).  Saving model ...
epoch 22: loss = 9775.1581, Diff_loss = 9775.8421, preserve_loss = 0.0157, adv_loss = -0.7740, discri_loss = 0.6914, sp_cls = 0.0000
Validation loss decreased (9628.091357 --> 9568.636377).  Saving model ...
epoch 23: loss = 9688.6799, Diff_loss = 9689.5238, preserve_loss = 0.0143, adv_loss = -0.7764, discri_loss = 0.6992, sp_cls = 0.0000
Validation loss decreased (9568.636377 --> 9543.135352).  Saving model ...
epoch 24: loss = 9779.9512, Diff_loss = 9780.6478, preserve_loss = 0.0155, adv_loss = -0.7707, discri_loss = 0.6908, sp_cls = 0.0000
Validation loss decreased (9543.135352 --> 9518.044043).  Saving model ...
epoch 25: loss = 9652.6139, Diff_loss = 9653.3703, preserve_loss = 0.0150, adv_loss = -0.7743, discri_loss = 0.6977, sp_cls = 0.0000
Validation loss decreased (9518.044043 --> 9468.454248).  Saving model ...
epoch 26: loss = 9653.0388, Diff_loss = 9653.7283, preserve_loss = 0.0155, adv_loss = -0.7694, discri_loss = 0.6978, sp_cls = 0.0000
Validation loss decreased (9468.454248 --> 9462.855664).  Saving model ...
epoch 27: loss = 9632.5022, Diff_loss = 9633.0861, preserve_loss = 0.0163, adv_loss = -0.7663, discri_loss = 0.6893, sp_cls = 0.0000
Validation loss decreased (9462.855664 --> 9452.695508).  Saving model ...
epoch 28: loss = 9471.0240, Diff_loss = 9471.7981, preserve_loss = 0.0146, adv_loss = -0.7649, discri_loss = 0.6927, sp_cls = 0.0000
Validation loss decreased (9452.695508 --> 9418.347510).  Saving model ...
epoch 29: loss = 9509.4254, Diff_loss = 9510.1058, preserve_loss = 0.0153, adv_loss = -0.7594, discri_loss = 0.6872, sp_cls = 0.0000
Validation loss decreased (9418.347510 --> 9394.175391).  Saving model ...
epoch 30: loss = 9537.6432, Diff_loss = 9538.1542, preserve_loss = 0.0168, adv_loss = -0.7595, discri_loss = 0.6836, sp_cls = 0.0000
Validation loss decreased (9394.175391 --> 9389.142285).  Saving model ...
epoch 31: loss = 9523.8254, Diff_loss = 9524.3443, preserve_loss = 0.0168, adv_loss = -0.7624, discri_loss = 0.6882, sp_cls = 0.0000
Validation loss decreased (9389.142285 --> 9335.649121).  Saving model ...
epoch 32: loss = 9425.7928, Diff_loss = 9426.2796, preserve_loss = 0.0170, adv_loss = -0.7599, discri_loss = 0.6933, sp_cls = 0.0000
EarlyStopping counter: 1 / 20
epoch 33: loss = 9447.2606, Diff_loss = 9447.6905, preserve_loss = 0.0175, adv_loss = -0.7583, discri_loss = 0.6968, sp_cls = 0.0000
Validation loss decreased (9335.649121 --> 9328.249707).  Saving model ...
epoch 34: loss = 9433.9186, Diff_loss = 9434.3702, preserve_loss = 0.0172, adv_loss = -0.7557, discri_loss = 0.6891, sp_cls = 0.0000
Validation loss decreased (9328.249707 --> 9327.275928).  Saving model ...
epoch 35: loss = 9437.2586, Diff_loss = 9437.5978, preserve_loss = 0.0180, adv_loss = -0.7502, discri_loss = 0.6848, sp_cls = 0.0000
Validation loss decreased (9327.275928 --> 9299.245752).  Saving model ...
epoch 36: loss = 9399.3867, Diff_loss = 9399.7029, preserve_loss = 0.0184, adv_loss = -0.7550, discri_loss = 0.6945, sp_cls = 0.0000
Validation loss decreased (9299.245752 --> 9279.026807).  Saving model ...
epoch 37: loss = 9348.1104, Diff_loss = 9348.3761, preserve_loss = 0.0188, adv_loss = -0.7548, discri_loss = 0.6919, sp_cls = 0.0000
EarlyStopping counter: 1 / 20
epoch 38: loss = 9394.8957, Diff_loss = 9395.1876, preserve_loss = 0.0185, adv_loss = -0.7540, discri_loss = 0.6945, sp_cls = 0.0000
Validation loss decreased (9279.026807 --> 9252.167236).  Saving model ...
epoch 39: loss = 9293.9120, Diff_loss = 9294.3314, preserve_loss = 0.0174, adv_loss = -0.7544, discri_loss = 0.6891, sp_cls = 0.0000
EarlyStopping counter: 1 / 20
epoch 40: loss = 9298.5845, Diff_loss = 9299.0003, preserve_loss = 0.0175, adv_loss = -0.7544, discri_loss = 0.6935, sp_cls = 0.0000
inference: loss = 9043.9763, Diff_loss = 9045.0418, preserve_loss = 0.0107, adv_loss = -0.7172
All results recorded in adata.
[I 2026-02-11 19:47:48,481] Trial 36 pruned. 

============================================================
Trial 37: gamma=375.329, lambda_adv=1.987, lambda_sp_cls=1.249, lr=0.00078, dropout=0.22, latent_dim=20, denoise_hidden=512, batch_size=256
============================================================
using cuda
Training start!
epoch 1: loss = 17066.6481, Diff_loss = 14929.2554, preserve_loss = 5.6929, adv_loss = 0.0000, discri_loss = 0.0000, sp_cls = 0.5405
epoch 2: loss = 12645.6183, Diff_loss = 12640.6633, preserve_loss = 0.0131, adv_loss = 0.0000, discri_loss = 0.0000, sp_cls = 0.0374
epoch 3: loss = 12345.1463, Diff_loss = 12343.2926, preserve_loss = 0.0049, adv_loss = 0.0000, discri_loss = 0.0000, sp_cls = 0.0087
epoch 4: loss = 11970.0705, Diff_loss = 11969.1448, preserve_loss = 0.0025, adv_loss = 0.0000, discri_loss = 0.0000, sp_cls = 0.0038
epoch 5: loss = 11728.6565, Diff_loss = 11728.0747, preserve_loss = 0.0015, adv_loss = 0.0000, discri_loss = 0.0000, sp_cls = 0.0021
epoch 6: loss = 11538.7658, Diff_loss = 11538.2944, preserve_loss = 0.0013, adv_loss = 0.0000, discri_loss = 0.0000, sp_cls = 0.0014
epoch 7: loss = 11418.9482, Diff_loss = 11418.6168, preserve_loss = 0.0009, adv_loss = 0.0000, discri_loss = 0.0000, sp_cls = 0.0009
epoch 8: loss = 11209.1546, Diff_loss = 11208.8443, preserve_loss = 0.0008, adv_loss = 0.0000, discri_loss = 0.0000, sp_cls = 0.0007
epoch 9: loss = 11059.3848, Diff_loss = 11059.0383, preserve_loss = 0.0009, adv_loss = 0.0000, discri_loss = 0.0000, sp_cls = 0.0005
epoch 10: loss = 10909.7123, Diff_loss = 10909.3688, preserve_loss = 0.0009, adv_loss = 0.0000, discri_loss = 0.0000, sp_cls = 0.0003
epoch 11: loss = 10761.1647, Diff_loss = 10762.9077, preserve_loss = 0.0010, adv_loss = -1.0576, discri_loss = 1.0061, sp_cls = 0.0001
Validation loss decreased (inf --> 10412.182812).  Saving model ...
epoch 12: loss = 10600.9402, Diff_loss = 10602.1537, preserve_loss = 0.0020, adv_loss = -0.9920, discri_loss = 0.8708, sp_cls = 0.0001
Validation loss decreased (10412.182812 --> 10228.356445).  Saving model ...
epoch 13: loss = 10357.8011, Diff_loss = 10358.7115, preserve_loss = 0.0025, adv_loss = -0.9329, discri_loss = 0.8014, sp_cls = 0.0002
Validation loss decreased (10228.356445 --> 10077.009766).  Saving model ...
epoch 14: loss = 10192.4068, Diff_loss = 10192.8965, preserve_loss = 0.0033, adv_loss = -0.8726, discri_loss = 0.7352, sp_cls = 0.0001
Validation loss decreased (10077.009766 --> 9984.499756).  Saving model ...
epoch 15: loss = 10183.1750, Diff_loss = 10183.6428, preserve_loss = 0.0031, adv_loss = -0.8284, discri_loss = 0.7119, sp_cls = 0.0001
Validation loss decreased (9984.499756 --> 9884.984424).  Saving model ...
epoch 16: loss = 10016.0757, Diff_loss = 10016.3621, preserve_loss = 0.0035, adv_loss = -0.7992, discri_loss = 0.7121, sp_cls = 0.0001
Validation loss decreased (9884.984424 --> 9846.729492).  Saving model ...
epoch 17: loss = 9989.8455, Diff_loss = 9989.9126, preserve_loss = 0.0040, adv_loss = -0.7853, discri_loss = 0.7020, sp_cls = 0.0001
Validation loss decreased (9846.729492 --> 9756.027002).  Saving model ...
epoch 18: loss = 10012.1726, Diff_loss = 10011.9798, preserve_loss = 0.0046, adv_loss = -0.7719, discri_loss = 0.6909, sp_cls = 0.0000
Validation loss decreased (9756.027002 --> 9671.774561).  Saving model ...
epoch 19: loss = 9884.1901, Diff_loss = 9884.1633, preserve_loss = 0.0041, adv_loss = -0.7626, discri_loss = 0.6927, sp_cls = 0.0000
Validation loss decreased (9671.774561 --> 9629.505273).  Saving model ...
epoch 20: loss = 9864.3929, Diff_loss = 9864.4623, preserve_loss = 0.0038, adv_loss = -0.7464, discri_loss = 0.6754, sp_cls = 0.0000
Validation loss decreased (9629.505273 --> 9601.104883).  Saving model ...
epoch 21: loss = 9755.5767, Diff_loss = 9755.8133, preserve_loss = 0.0033, adv_loss = -0.7440, discri_loss = 0.6875, sp_cls = 0.0000
Validation loss decreased (9601.104883 --> 9584.993604).  Saving model ...
epoch 22: loss = 9811.6007, Diff_loss = 9811.7484, preserve_loss = 0.0036, adv_loss = -0.7467, discri_loss = 0.6869, sp_cls = 0.0000
Validation loss decreased (9584.993604 --> 9523.240137).  Saving model ...
epoch 23: loss = 9694.6505, Diff_loss = 9694.9111, preserve_loss = 0.0032, adv_loss = -0.7406, discri_loss = 0.6800, sp_cls = 0.0000
Validation loss decreased (9523.240137 --> 9502.690723).  Saving model ...
epoch 24: loss = 9616.5347, Diff_loss = 9616.8605, preserve_loss = 0.0031, adv_loss = -0.7421, discri_loss = 0.6881, sp_cls = 0.0000
Validation loss decreased (9502.690723 --> 9458.552246).  Saving model ...
epoch 25: loss = 9493.7655, Diff_loss = 9494.1714, preserve_loss = 0.0028, adv_loss = -0.7422, discri_loss = 0.6841, sp_cls = 0.0000
Validation loss decreased (9458.552246 --> 9417.271826).  Saving model ...
epoch 26: loss = 9518.2129, Diff_loss = 9518.5877, preserve_loss = 0.0029, adv_loss = -0.7396, discri_loss = 0.6743, sp_cls = 0.0000
Validation loss decreased (9417.271826 --> 9412.618848).  Saving model ...
epoch 27: loss = 9572.2739, Diff_loss = 9572.6656, preserve_loss = 0.0029, adv_loss = -0.7453, discri_loss = 0.6902, sp_cls = 0.0000
Validation loss decreased (9412.618848 --> 9389.193506).  Saving model ...
epoch 28: loss = 9528.0992, Diff_loss = 9528.4535, preserve_loss = 0.0030, adv_loss = -0.7362, discri_loss = 0.6752, sp_cls = 0.0000
Validation loss decreased (9389.193506 --> 9359.430518).  Saving model ...
epoch 29: loss = 9462.3774, Diff_loss = 9462.7451, preserve_loss = 0.0029, adv_loss = -0.7386, discri_loss = 0.6834, sp_cls = 0.0001
Validation loss decreased (9359.430518 --> 9346.041943).  Saving model ...
epoch 30: loss = 9449.9415, Diff_loss = 9450.3320, preserve_loss = 0.0028, adv_loss = -0.7327, discri_loss = 0.6675, sp_cls = 0.0000
Validation loss decreased (9346.041943 --> 9325.016113).  Saving model ...
epoch 31: loss = 9417.1634, Diff_loss = 9417.5438, preserve_loss = 0.0028, adv_loss = -0.7269, discri_loss = 0.6557, sp_cls = 0.0000
Validation loss decreased (9325.016113 --> 9291.931982).  Saving model ...
epoch 32: loss = 9411.8448, Diff_loss = 9412.2196, preserve_loss = 0.0028, adv_loss = -0.7247, discri_loss = 0.6672, sp_cls = 0.0000
Validation loss decreased (9291.931982 --> 9280.133447).  Saving model ...
epoch 33: loss = 9469.8711, Diff_loss = 9470.2075, preserve_loss = 0.0029, adv_loss = -0.7251, discri_loss = 0.6636, sp_cls = 0.0000
EarlyStopping counter: 1 / 20
epoch 34: loss = 9355.4460, Diff_loss = 9355.8641, preserve_loss = 0.0027, adv_loss = -0.7171, discri_loss = 0.6513, sp_cls = 0.0000
EarlyStopping counter: 2 / 20
epoch 35: loss = 9381.5696, Diff_loss = 9381.9851, preserve_loss = 0.0027, adv_loss = -0.7222, discri_loss = 0.6697, sp_cls = 0.0000
Validation loss decreased (9280.133447 --> 9268.714844).  Saving model ...
epoch 36: loss = 9457.0309, Diff_loss = 9457.4578, preserve_loss = 0.0027, adv_loss = -0.7270, discri_loss = 0.6710, sp_cls = 0.0000
Validation loss decreased (9268.714844 --> 9266.427588).  Saving model ...
epoch 37: loss = 9334.6408, Diff_loss = 9335.0661, preserve_loss = 0.0027, adv_loss = -0.7295, discri_loss = 0.6662, sp_cls = 0.0000
Validation loss decreased (9266.427588 --> 9248.990918).  Saving model ...
epoch 38: loss = 9345.0225, Diff_loss = 9345.4452, preserve_loss = 0.0027, adv_loss = -0.7235, discri_loss = 0.6631, sp_cls = 0.0000
EarlyStopping counter: 1 / 20
epoch 39: loss = 9373.0130, Diff_loss = 9373.4041, preserve_loss = 0.0027, adv_loss = -0.7156, discri_loss = 0.6497, sp_cls = 0.0000
Validation loss decreased (9248.990918 --> 9237.131494).  Saving model ...
epoch 40: loss = 9276.1500, Diff_loss = 9276.5775, preserve_loss = 0.0027, adv_loss = -0.7187, discri_loss = 0.6603, sp_cls = 0.0000
inference: loss = 9019.1640, Diff_loss = 9019.8637, preserve_loss = 0.0017, adv_loss = -0.6653
All results recorded in adata.
[I 2026-02-11 19:56:55,624] Trial 37 pruned. 

============================================================
Trial 38: gamma=282.311, lambda_adv=0.205, lambda_sp_cls=0.177, lr=0.00037, dropout=0.27, latent_dim=64, denoise_hidden=512, batch_size=128
============================================================
using cuda
Training start!
epoch 1: loss = 17394.2203, Diff_loss = 14428.4023, preserve_loss = 10.5054, adv_loss = 0.0000, discri_loss = 0.0000, sp_cls = 0.1173
epoch 2: loss = 12637.0108, Diff_loss = 12622.7941, preserve_loss = 0.0504, adv_loss = 0.0000, discri_loss = 0.0000, sp_cls = 0.0014
epoch 3: loss = 12264.4593, Diff_loss = 12258.6266, preserve_loss = 0.0207, adv_loss = 0.0000, discri_loss = 0.0000, sp_cls = 0.0005
epoch 4: loss = 11950.9448, Diff_loss = 11948.3091, preserve_loss = 0.0093, adv_loss = 0.0000, discri_loss = 0.0000, sp_cls = 0.0002
epoch 5: loss = 11768.8683, Diff_loss = 11767.3786, preserve_loss = 0.0053, adv_loss = 0.0000, discri_loss = 0.0000, sp_cls = 0.0001
epoch 6: loss = 11563.8833, Diff_loss = 11562.9434, preserve_loss = 0.0033, adv_loss = 0.0000, discri_loss = 0.0000, sp_cls = 0.0001
epoch 7: loss = 11508.3963, Diff_loss = 11506.8998, preserve_loss = 0.0053, adv_loss = 0.0000, discri_loss = 0.0000, sp_cls = 0.0001
epoch 8: loss = 11326.1740, Diff_loss = 11325.5855, preserve_loss = 0.0021, adv_loss = 0.0000, discri_loss = 0.0000, sp_cls = 0.0001
epoch 9: loss = 11185.8646, Diff_loss = 11183.6061, preserve_loss = 0.0080, adv_loss = 0.0000, discri_loss = 0.0000, sp_cls = 0.0003
epoch 10: loss = 11043.0465, Diff_loss = 11042.5080, preserve_loss = 0.0019, adv_loss = 0.0000, discri_loss = 0.0000, sp_cls = 0.0002
epoch 11: loss = 10781.1604, Diff_loss = 10781.1548, preserve_loss = 0.0008, adv_loss = -1.0667, discri_loss = 1.0398, sp_cls = 0.0000
Validation loss decreased (inf --> 10405.825610).  Saving model ...
epoch 12: loss = 10534.4949, Diff_loss = 10534.5652, preserve_loss = 0.0005, adv_loss = -1.0202, discri_loss = 0.8890, sp_cls = 0.0000
Validation loss decreased (10405.825610 --> 10204.600244).  Saving model ...
epoch 13: loss = 10358.6134, Diff_loss = 10358.6700, preserve_loss = 0.0005, adv_loss = -0.9588, discri_loss = 0.7750, sp_cls = 0.0000
Validation loss decreased (10204.600244 --> 10028.207202).  Saving model ...
epoch 14: loss = 10243.9046, Diff_loss = 10243.9968, preserve_loss = 0.0003, adv_loss = -0.8838, discri_loss = 0.7015, sp_cls = 0.0000
Validation loss decreased (10028.207202 --> 9919.480591).  Saving model ...
epoch 15: loss = 9971.6561, Diff_loss = 9971.7259, preserve_loss = 0.0003, adv_loss = -0.8225, discri_loss = 0.6649, sp_cls = 0.0000
Validation loss decreased (9919.480591 --> 9811.518213).  Saving model ...
epoch 16: loss = 10015.8049, Diff_loss = 10015.2817, preserve_loss = 0.0024, adv_loss = -0.7807, discri_loss = 0.6358, sp_cls = 0.0002
Validation loss decreased (9811.518213 --> 9686.424658).  Saving model ...
epoch 17: loss = 9833.8945, Diff_loss = 9833.9078, preserve_loss = 0.0005, adv_loss = -0.7408, discri_loss = 0.6109, sp_cls = 0.0000
Validation loss decreased (9686.424658 --> 9636.978979).  Saving model ...
epoch 18: loss = 9815.1367, Diff_loss = 9815.1956, preserve_loss = 0.0003, adv_loss = -0.7169, discri_loss = 0.6084, sp_cls = 0.0000
Validation loss decreased (9636.978979 --> 9590.695544).  Saving model ...
epoch 19: loss = 9764.2726, Diff_loss = 9764.2204, preserve_loss = 0.0007, adv_loss = -0.6933, discri_loss = 0.5967, sp_cls = 0.0000
Validation loss decreased (9590.695544 --> 9534.791235).  Saving model ...
epoch 20: loss = 9682.5220, Diff_loss = 9682.4903, preserve_loss = 0.0006, adv_loss = -0.6778, discri_loss = 0.5968, sp_cls = 0.0000
Validation loss decreased (9534.791235 --> 9528.417334).  Saving model ...
epoch 21: loss = 9610.8201, Diff_loss = 9610.7540, preserve_loss = 0.0007, adv_loss = -0.6774, discri_loss = 0.6186, sp_cls = 0.0000
Validation loss decreased (9528.417334 --> 9469.929932).  Saving model ...
epoch 22: loss = 9613.4063, Diff_loss = 9613.3374, preserve_loss = 0.0007, adv_loss = -0.6666, discri_loss = 0.5895, sp_cls = 0.0000
Validation loss decreased (9469.929932 --> 9458.734216).  Saving model ...
epoch 23: loss = 9520.3300, Diff_loss = 9520.2457, preserve_loss = 0.0008, adv_loss = -0.6546, discri_loss = 0.5962, sp_cls = 0.0000
Validation loss decreased (9458.734216 --> 9430.354517).  Saving model ...
epoch 24: loss = 9576.8312, Diff_loss = 9576.6649, preserve_loss = 0.0011, adv_loss = -0.6600, discri_loss = 0.6069, sp_cls = 0.0000
Validation loss decreased (9430.354517 --> 9387.319946).  Saving model ...
epoch 25: loss = 9570.5619, Diff_loss = 9570.3721, preserve_loss = 0.0011, adv_loss = -0.6544, discri_loss = 0.6011, sp_cls = 0.0000
EarlyStopping counter: 1 / 20
epoch 26: loss = 9509.0544, Diff_loss = 9508.8195, preserve_loss = 0.0013, adv_loss = -0.6605, discri_loss = 0.6189, sp_cls = 0.0000
EarlyStopping counter: 2 / 20
epoch 27: loss = 9495.2372, Diff_loss = 9494.9475, preserve_loss = 0.0015, adv_loss = -0.6638, discri_loss = 0.6216, sp_cls = 0.0000
Validation loss decreased (9387.319946 --> 9374.680933).  Saving model ...
epoch 28: loss = 9448.4783, Diff_loss = 9448.0855, preserve_loss = 0.0019, adv_loss = -0.6649, discri_loss = 0.6222, sp_cls = 0.0000
Validation loss decreased (9374.680933 --> 9337.651343).  Saving model ...
epoch 29: loss = 9422.3581, Diff_loss = 9421.8752, preserve_loss = 0.0022, adv_loss = -0.6738, discri_loss = 0.6264, sp_cls = 0.0000
Validation loss decreased (9337.651343 --> 9314.790283).  Saving model ...
epoch 30: loss = 9473.0526, Diff_loss = 9472.5917, preserve_loss = 0.0021, adv_loss = -0.6747, discri_loss = 0.6232, sp_cls = 0.0000
EarlyStopping counter: 1 / 20
epoch 31: loss = 9489.6778, Diff_loss = 9489.1298, preserve_loss = 0.0024, adv_loss = -0.6788, discri_loss = 0.6291, sp_cls = 0.0000
Validation loss decreased (9314.790283 --> 9278.369141).  Saving model ...
epoch 32: loss = 9400.5909, Diff_loss = 9400.0381, preserve_loss = 0.0024, adv_loss = -0.6764, discri_loss = 0.6220, sp_cls = 0.0000
Validation loss decreased (9278.369141 --> 9251.323682).  Saving model ...
epoch 33: loss = 9416.6187, Diff_loss = 9415.9977, preserve_loss = 0.0027, adv_loss = -0.6753, discri_loss = 0.6236, sp_cls = 0.0000
EarlyStopping counter: 1 / 20
epoch 34: loss = 9434.8091, Diff_loss = 9434.1710, preserve_loss = 0.0028, adv_loss = -0.6763, discri_loss = 0.6258, sp_cls = 0.0000
EarlyStopping counter: 2 / 20
epoch 35: loss = 9361.1061, Diff_loss = 9360.4576, preserve_loss = 0.0028, adv_loss = -0.6816, discri_loss = 0.6326, sp_cls = 0.0000
Validation loss decreased (9251.323682 --> 9232.528955).  Saving model ...
epoch 36: loss = 9358.5594, Diff_loss = 9357.8939, preserve_loss = 0.0029, adv_loss = -0.6861, discri_loss = 0.6297, sp_cls = 0.0000
Validation loss decreased (9232.528955 --> 9232.081714).  Saving model ...
epoch 37: loss = 9367.9327, Diff_loss = 9367.2436, preserve_loss = 0.0029, adv_loss = -0.6866, discri_loss = 0.6344, sp_cls = 0.0000
EarlyStopping counter: 1 / 20
epoch 38: loss = 9351.4427, Diff_loss = 9350.7701, preserve_loss = 0.0029, adv_loss = -0.6925, discri_loss = 0.6318, sp_cls = 0.0000
EarlyStopping counter: 2 / 20
epoch 39: loss = 9332.3764, Diff_loss = 9331.6778, preserve_loss = 0.0030, adv_loss = -0.6929, discri_loss = 0.6318, sp_cls = 0.0000
Validation loss decreased (9232.081714 --> 9212.457996).  Saving model ...
epoch 40: loss = 9393.9073, Diff_loss = 9393.2110, preserve_loss = 0.0030, adv_loss = -0.6857, discri_loss = 0.6278, sp_cls = 0.0000
inference: loss = 9022.4219, Diff_loss = 9022.0775, preserve_loss = 0.0017, adv_loss = -0.6293
All results recorded in adata.
[I 2026-02-11 20:14:00,845] Trial 38 pruned. 

============================================================
Trial 39: gamma=85.845, lambda_adv=1.133, lambda_sp_cls=0.364, lr=0.00043, dropout=0.21, latent_dim=64, denoise_hidden=512, batch_size=256
============================================================
using cuda
Training start!
epoch 1: loss = 18018.7535, Diff_loss = 15495.2159, preserve_loss = 29.3953, adv_loss = 0.0000, discri_loss = 0.0000, sp_cls = 0.2526
epoch 2: loss = 12941.0328, Diff_loss = 12921.8107, preserve_loss = 0.2239, adv_loss = 0.0000, discri_loss = 0.0000, sp_cls = 0.0062
epoch 3: loss = 12539.2064, Diff_loss = 12530.7706, preserve_loss = 0.0983, adv_loss = 0.0000, discri_loss = 0.0000, sp_cls = 0.0023
epoch 4: loss = 12333.3366, Diff_loss = 12328.5063, preserve_loss = 0.0563, adv_loss = 0.0000, discri_loss = 0.0000, sp_cls = 0.0012
epoch 5: loss = 12130.4594, Diff_loss = 12127.3301, preserve_loss = 0.0365, adv_loss = 0.0000, discri_loss = 0.0000, sp_cls = 0.0007
epoch 6: loss = 11993.9180, Diff_loss = 11991.6542, preserve_loss = 0.0264, adv_loss = 0.0000, discri_loss = 0.0000, sp_cls = 0.0005
epoch 7: loss = 11938.1822, Diff_loss = 11936.2900, preserve_loss = 0.0220, adv_loss = 0.0000, discri_loss = 0.0000, sp_cls = 0.0004
epoch 8: loss = 11734.1568, Diff_loss = 11732.7771, preserve_loss = 0.0161, adv_loss = 0.0000, discri_loss = 0.0000, sp_cls = 0.0003
epoch 9: loss = 11409.4730, Diff_loss = 11408.2801, preserve_loss = 0.0139, adv_loss = 0.0000, discri_loss = 0.0000, sp_cls = 0.0002
epoch 10: loss = 11629.1215, Diff_loss = 11627.9669, preserve_loss = 0.0135, adv_loss = 0.0000, discri_loss = 0.0000, sp_cls = 0.0002
epoch 11: loss = 11303.9612, Diff_loss = 11304.1526, preserve_loss = 0.0119, adv_loss = -1.0694, discri_loss = 1.0499, sp_cls = 0.0001
Validation loss decreased (inf --> 10866.187793).  Saving model ...
epoch 12: loss = 10987.5885, Diff_loss = 10987.8405, preserve_loss = 0.0107, adv_loss = -1.0353, discri_loss = 0.9195, sp_cls = 0.0001
Validation loss decreased (10866.187793 --> 10602.047266).  Saving model ...
epoch 13: loss = 10827.1840, Diff_loss = 10827.4726, preserve_loss = 0.0098, adv_loss = -0.9994, discri_loss = 0.8405, sp_cls = 0.0001
Validation loss decreased (10602.047266 --> 10436.390381).  Saving model ...
epoch 14: loss = 10616.7466, Diff_loss = 10617.0685, preserve_loss = 0.0088, adv_loss = -0.9539, discri_loss = 0.7799, sp_cls = 0.0001
Validation loss decreased (10436.390381 --> 10270.959082).  Saving model ...
epoch 15: loss = 10394.5590, Diff_loss = 10394.9409, preserve_loss = 0.0075, adv_loss = -0.9063, discri_loss = 0.7335, sp_cls = 0.0001
Validation loss decreased (10270.959082 --> 10129.955078).  Saving model ...
epoch 16: loss = 10276.5234, Diff_loss = 10276.9200, preserve_loss = 0.0069, adv_loss = -0.8742, discri_loss = 0.7231, sp_cls = 0.0001
Validation loss decreased (10129.955078 --> 10026.256445).  Saving model ...
epoch 17: loss = 10248.9087, Diff_loss = 10249.2747, preserve_loss = 0.0069, adv_loss = -0.8441, discri_loss = 0.7077, sp_cls = 0.0000
Validation loss decreased (10026.256445 --> 9885.352979).  Saving model ...
epoch 18: loss = 10068.4749, Diff_loss = 10068.8626, preserve_loss = 0.0063, adv_loss = -0.8213, discri_loss = 0.6954, sp_cls = 0.0000
Validation loss decreased (9885.352979 --> 9779.553076).  Saving model ...
epoch 19: loss = 9995.2366, Diff_loss = 9995.6364, preserve_loss = 0.0059, adv_loss = -0.8002, discri_loss = 0.6831, sp_cls = 0.0001
Validation loss decreased (9779.553076 --> 9710.081055).  Saving model ...
epoch 20: loss = 9846.4685, Diff_loss = 9846.8656, preserve_loss = 0.0057, adv_loss = -0.7830, discri_loss = 0.6700, sp_cls = 0.0000
Validation loss decreased (9710.081055 --> 9643.967725).  Saving model ...
epoch 21: loss = 9802.8374, Diff_loss = 9803.1959, preserve_loss = 0.0060, adv_loss = -0.7708, discri_loss = 0.6803, sp_cls = 0.0000
Validation loss decreased (9643.967725 --> 9577.128271).  Saving model ...
epoch 22: loss = 9679.1245, Diff_loss = 9679.4831, preserve_loss = 0.0060, adv_loss = -0.7680, discri_loss = 0.6811, sp_cls = 0.0000
Validation loss decreased (9577.128271 --> 9534.611133).  Saving model ...
epoch 23: loss = 9635.7112, Diff_loss = 9636.0725, preserve_loss = 0.0059, adv_loss = -0.7650, discri_loss = 0.6773, sp_cls = 0.0000
Validation loss decreased (9534.611133 --> 9473.699707).  Saving model ...
epoch 24: loss = 9511.6696, Diff_loss = 9512.0051, preserve_loss = 0.0061, adv_loss = -0.7549, discri_loss = 0.6701, sp_cls = 0.0000
Validation loss decreased (9473.699707 --> 9447.841064).  Saving model ...
epoch 25: loss = 9559.8846, Diff_loss = 9560.2277, preserve_loss = 0.0060, adv_loss = -0.7585, discri_loss = 0.6800, sp_cls = 0.0000
Validation loss decreased (9447.841064 --> 9423.300244).  Saving model ...
epoch 26: loss = 9466.1767, Diff_loss = 9466.4847, preserve_loss = 0.0064, adv_loss = -0.7544, discri_loss = 0.6677, sp_cls = 0.0000
Validation loss decreased (9423.300244 --> 9385.834521).  Saving model ...
epoch 27: loss = 9513.3136, Diff_loss = 9513.6070, preserve_loss = 0.0064, adv_loss = -0.7468, discri_loss = 0.6687, sp_cls = 0.0000
Validation loss decreased (9385.834521 --> 9345.614404).  Saving model ...
epoch 28: loss = 9507.7764, Diff_loss = 9508.0437, preserve_loss = 0.0068, adv_loss = -0.7473, discri_loss = 0.6691, sp_cls = 0.0000
Validation loss decreased (9345.614404 --> 9321.435254).  Saving model ...
epoch 29: loss = 9335.9180, Diff_loss = 9336.1851, preserve_loss = 0.0068, adv_loss = -0.7516, discri_loss = 0.6769, sp_cls = 0.0000
EarlyStopping counter: 1 / 20
epoch 30: loss = 9380.2012, Diff_loss = 9380.4667, preserve_loss = 0.0068, adv_loss = -0.7503, discri_loss = 0.6711, sp_cls = 0.0000
Validation loss decreased (9321.435254 --> 9289.926953).  Saving model ...
epoch 31: loss = 9423.9971, Diff_loss = 9424.2436, preserve_loss = 0.0070, adv_loss = -0.7487, discri_loss = 0.6783, sp_cls = 0.0000
EarlyStopping counter: 1 / 20
epoch 32: loss = 9347.4526, Diff_loss = 9347.6929, preserve_loss = 0.0071, adv_loss = -0.7476, discri_loss = 0.6779, sp_cls = 0.0000
Validation loss decreased (9289.926953 --> 9253.469189).  Saving model ...
epoch 33: loss = 9366.9448, Diff_loss = 9367.1600, preserve_loss = 0.0074, adv_loss = -0.7477, discri_loss = 0.6759, sp_cls = 0.0000
Validation loss decreased (9253.469189 --> 9245.053760).  Saving model ...
epoch 34: loss = 9241.2612, Diff_loss = 9241.4741, preserve_loss = 0.0074, adv_loss = -0.7491, discri_loss = 0.6762, sp_cls = 0.0000
Validation loss decreased (9245.053760 --> 9204.134912).  Saving model ...
epoch 35: loss = 9276.1101, Diff_loss = 9276.2757, preserve_loss = 0.0079, adv_loss = -0.7476, discri_loss = 0.6729, sp_cls = 0.0000
EarlyStopping counter: 1 / 20
epoch 36: loss = 9390.5128, Diff_loss = 9390.6525, preserve_loss = 0.0083, adv_loss = -0.7500, discri_loss = 0.6810, sp_cls = 0.0000
EarlyStopping counter: 2 / 20
epoch 37: loss = 9205.7072, Diff_loss = 9205.8484, preserve_loss = 0.0082, adv_loss = -0.7489, discri_loss = 0.6777, sp_cls = 0.0000
EarlyStopping counter: 3 / 20
epoch 38: loss = 9240.2944, Diff_loss = 9240.4390, preserve_loss = 0.0082, adv_loss = -0.7487, discri_loss = 0.6730, sp_cls = 0.0000
EarlyStopping counter: 4 / 20
epoch 39: loss = 9212.3920, Diff_loss = 9212.5463, preserve_loss = 0.0081, adv_loss = -0.7492, discri_loss = 0.6711, sp_cls = 0.0000
Validation loss decreased (9204.134912 --> 9175.076123).  Saving model ...
epoch 40: loss = 9275.5352, Diff_loss = 9275.6738, preserve_loss = 0.0083, adv_loss = -0.7480, discri_loss = 0.6729, sp_cls = 0.0000
inference: loss = 8939.0657, Diff_loss = 8939.3370, preserve_loss = 0.0061, adv_loss = -0.7027
All results recorded in adata.
EarlyStopping counter: 1 / 20
epoch 41: loss = 9224.7440, Diff_loss = 9224.8917, preserve_loss = 0.0081, adv_loss = -0.7450, discri_loss = 0.6730, sp_cls = 0.0000
Validation loss decreased (9175.076123 --> 9151.640283).  Saving model ...
epoch 42: loss = 9320.9397, Diff_loss = 9321.0851, preserve_loss = 0.0081, adv_loss = -0.7430, discri_loss = 0.6690, sp_cls = 0.0000
EarlyStopping counter: 1 / 20
epoch 43: loss = 9208.3592, Diff_loss = 9208.5145, preserve_loss = 0.0080, adv_loss = -0.7425, discri_loss = 0.6656, sp_cls = 0.0000
EarlyStopping counter: 2 / 20
epoch 44: loss = 9215.1081, Diff_loss = 9215.2762, preserve_loss = 0.0078, adv_loss = -0.7426, discri_loss = 0.6690, sp_cls = 0.0000
Validation loss decreased (9151.640283 --> 9151.530713).  Saving model ...
epoch 45: loss = 9185.7073, Diff_loss = 9185.8706, preserve_loss = 0.0079, adv_loss = -0.7407, discri_loss = 0.6694, sp_cls = 0.0000
Validation loss decreased (9151.530713 --> 9140.935498).  Saving model ...
epoch 46: loss = 9094.4240, Diff_loss = 9094.5992, preserve_loss = 0.0078, adv_loss = -0.7438, discri_loss = 0.6675, sp_cls = 0.0000
EarlyStopping counter: 1 / 20
epoch 47: loss = 9177.4436, Diff_loss = 9177.6223, preserve_loss = 0.0077, adv_loss = -0.7423, discri_loss = 0.6660, sp_cls = 0.0000
EarlyStopping counter: 2 / 20
epoch 48: loss = 9115.4612, Diff_loss = 9115.6488, preserve_loss = 0.0075, adv_loss = -0.7375, discri_loss = 0.6564, sp_cls = 0.0000
Validation loss decreased (9140.935498 --> 9123.103369).  Saving model ...
epoch 49: loss = 9018.7636, Diff_loss = 9018.9669, preserve_loss = 0.0074, adv_loss = -0.7389, discri_loss = 0.6672, sp_cls = 0.0000
EarlyStopping counter: 1 / 20
epoch 50: loss = 9054.6669, Diff_loss = 9054.8871, preserve_loss = 0.0072, adv_loss = -0.7361, discri_loss = 0.6580, sp_cls = 0.0000
inference: loss = 8821.7825, Diff_loss = 8822.0655, preserve_loss = 0.0057, adv_loss = -0.6817
All results recorded in adata.
Validation loss decreased (9123.103369 --> 9109.962988).  Saving model ...
epoch 51: loss = 9083.6036, Diff_loss = 9083.8143, preserve_loss = 0.0072, adv_loss = -0.7332, discri_loss = 0.6474, sp_cls = 0.0000
EarlyStopping counter: 1 / 20
epoch 52: loss = 9135.6439, Diff_loss = 9135.8716, preserve_loss = 0.0070, adv_loss = -0.7301, discri_loss = 0.6578, sp_cls = 0.0000
Validation loss decreased (9109.962988 --> 9108.237305).  Saving model ...
epoch 53: loss = 9074.8024, Diff_loss = 9075.0433, preserve_loss = 0.0068, adv_loss = -0.7302, discri_loss = 0.6561, sp_cls = 0.0000
EarlyStopping counter: 1 / 20
epoch 54: loss = 8988.2176, Diff_loss = 8988.4601, preserve_loss = 0.0068, adv_loss = -0.7304, discri_loss = 0.6529, sp_cls = 0.0000
EarlyStopping counter: 2 / 20
epoch 55: loss = 9079.8940, Diff_loss = 9080.1218, preserve_loss = 0.0069, adv_loss = -0.7263, discri_loss = 0.6533, sp_cls = 0.0000
Validation loss decreased (9108.237305 --> 9092.209424).  Saving model ...
epoch 56: loss = 9120.4574, Diff_loss = 9120.6892, preserve_loss = 0.0068, adv_loss = -0.7228, discri_loss = 0.6442, sp_cls = 0.0000
EarlyStopping counter: 1 / 20
epoch 57: loss = 8986.0004, Diff_loss = 8986.2308, preserve_loss = 0.0068, adv_loss = -0.7220, discri_loss = 0.6446, sp_cls = 0.0000
EarlyStopping counter: 2 / 20
epoch 58: loss = 9071.5244, Diff_loss = 9071.7569, preserve_loss = 0.0067, adv_loss = -0.7145, discri_loss = 0.6335, sp_cls = 0.0000
EarlyStopping counter: 3 / 20
epoch 59: loss = 9064.1397, Diff_loss = 9064.3832, preserve_loss = 0.0066, adv_loss = -0.7167, discri_loss = 0.6445, sp_cls = 0.0000
EarlyStopping counter: 4 / 20
epoch 60: loss = 9061.5410, Diff_loss = 9061.7807, preserve_loss = 0.0066, adv_loss = -0.7136, discri_loss = 0.6344, sp_cls = 0.0001
inference: loss = 8765.6429, Diff_loss = 8765.9441, preserve_loss = 0.0051, adv_loss = -0.6520
All results recorded in adata.
EarlyStopping counter: 5 / 20
epoch 61: loss = 9074.3345, Diff_loss = 9074.5735, preserve_loss = 0.0066, adv_loss = -0.7113, discri_loss = 0.6372, sp_cls = 0.0000
Validation loss decreased (9092.209424 --> 9074.648389).  Saving model ...
epoch 62: loss = 8986.9193, Diff_loss = 8987.1530, preserve_loss = 0.0066, adv_loss = -0.7087, discri_loss = 0.6303, sp_cls = 0.0000
EarlyStopping counter: 1 / 20
epoch 63: loss = 9006.6745, Diff_loss = 9006.9093, preserve_loss = 0.0066, adv_loss = -0.7062, discri_loss = 0.6280, sp_cls = 0.0000
EarlyStopping counter: 2 / 20
epoch 64: loss = 9048.3741, Diff_loss = 9048.5884, preserve_loss = 0.0068, adv_loss = -0.7025, discri_loss = 0.6249, sp_cls = 0.0000
EarlyStopping counter: 3 / 20
epoch 65: loss = 9048.7943, Diff_loss = 9049.0162, preserve_loss = 0.0066, adv_loss = -0.6984, discri_loss = 0.6182, sp_cls = 0.0000
EarlyStopping counter: 4 / 20
epoch 66: loss = 9052.4743, Diff_loss = 9052.7024, preserve_loss = 0.0065, adv_loss = -0.6972, discri_loss = 0.6228, sp_cls = 0.0000
EarlyStopping counter: 5 / 20
epoch 67: loss = 9044.6742, Diff_loss = 9044.8921, preserve_loss = 0.0067, adv_loss = -0.6962, discri_loss = 0.6193, sp_cls = 0.0000
EarlyStopping counter: 6 / 20
epoch 68: loss = 9083.3295, Diff_loss = 9083.5381, preserve_loss = 0.0067, adv_loss = -0.6915, discri_loss = 0.6144, sp_cls = 0.0000
EarlyStopping counter: 7 / 20
epoch 69: loss = 9082.2132, Diff_loss = 9082.4264, preserve_loss = 0.0066, adv_loss = -0.6893, discri_loss = 0.6089, sp_cls = 0.0000
EarlyStopping counter: 8 / 20
epoch 70: loss = 9186.4209, Diff_loss = 9186.6274, preserve_loss = 0.0067, adv_loss = -0.6877, discri_loss = 0.6151, sp_cls = 0.0000
inference: loss = 8758.8024, Diff_loss = 8759.0773, preserve_loss = 0.0050, adv_loss = -0.6215
All results recorded in adata.
EarlyStopping counter: 9 / 20
epoch 71: loss = 9032.3668, Diff_loss = 9032.5630, preserve_loss = 0.0068, adv_loss = -0.6856, discri_loss = 0.6155, sp_cls = 0.0000
EarlyStopping counter: 10 / 20
epoch 72: loss = 8991.3077, Diff_loss = 8991.5336, preserve_loss = 0.0064, adv_loss = -0.6854, discri_loss = 0.6074, sp_cls = 0.0001
EarlyStopping counter: 11 / 20
epoch 73: loss = 9083.5303, Diff_loss = 9083.7381, preserve_loss = 0.0066, adv_loss = -0.6847, discri_loss = 0.6053, sp_cls = 0.0000
EarlyStopping counter: 12 / 20
epoch 74: loss = 9053.3288, Diff_loss = 9053.5333, preserve_loss = 0.0066, adv_loss = -0.6827, discri_loss = 0.6037, sp_cls = 0.0000
EarlyStopping counter: 13 / 20
epoch 75: loss = 9045.5702, Diff_loss = 9045.7938, preserve_loss = 0.0064, adv_loss = -0.6826, discri_loss = 0.6047, sp_cls = 0.0000
EarlyStopping counter: 14 / 20
epoch 76: loss = 8991.5455, Diff_loss = 8991.7676, preserve_loss = 0.0064, adv_loss = -0.6783, discri_loss = 0.6003, sp_cls = 0.0000
EarlyStopping counter: 15 / 20
epoch 77: loss = 9053.7528, Diff_loss = 9053.9685, preserve_loss = 0.0064, adv_loss = -0.6738, discri_loss = 0.5967, sp_cls = 0.0000
EarlyStopping counter: 16 / 20
epoch 78: loss = 9073.3279, Diff_loss = 9073.5339, preserve_loss = 0.0065, adv_loss = -0.6717, discri_loss = 0.5916, sp_cls = 0.0000
EarlyStopping counter: 17 / 20
epoch 79: loss = 9053.2345, Diff_loss = 9053.4420, preserve_loss = 0.0064, adv_loss = -0.6710, discri_loss = 0.5971, sp_cls = 0.0000
EarlyStopping counter: 18 / 20
epoch 80: loss = 9047.2973, Diff_loss = 9047.5112, preserve_loss = 0.0064, adv_loss = -0.6704, discri_loss = 0.6036, sp_cls = 0.0000
inference: loss = 8762.8869, Diff_loss = 8763.1562, preserve_loss = 0.0047, adv_loss = -0.5970
All results recorded in adata.
EarlyStopping counter: 19 / 20
epoch 81: loss = 8998.5907, Diff_loss = 8998.8055, preserve_loss = 0.0063, adv_loss = -0.6702, discri_loss = 0.5971, sp_cls = 0.0000
EarlyStopping counter: 20 / 20
Early stopping at epoch 81
Training finished!
inference: loss = 8766.9822, Diff_loss = 8767.2931, preserve_loss = 0.0049, adv_loss = -0.6451
All results recorded in adata.
>>> Trial 39 score=0.5418
    [Bio] NMI=0.5354, ARI=0.4314, label_ASW=0.5314, cLISI=0.9523, iso_ASW=0.5333, iso_F1=0.7029
    [Batch] sil=0.9763, iLISI=0.2725, kBET=0.0519, PCR=0.0000
    [Modality] sil=0.9984, iLISI=0.3269, kBET=0.1896, PCR=0.7099, graph_conn=0.9451
[I 2026-02-11 20:35:42,603] Trial 39 finished with value: 0.5417857974798628 and parameters: {'gamma': 85.8451940564477, 'lambda_adv': 1.1332132937591408, 'lr': 0.0004265865497458132, 'dropout_rate': 0.21156366611483243, 'latent_dim': 64, 'lambda_sp_cls': 0.3644226024586345, 'batch_size': 256}. Best is trial 15 with value: 0.5537243471958723.

============================================================
Trial 40: gamma=87.748, lambda_adv=1.087, lambda_sp_cls=0.327, lr=0.00043, dropout=0.19, latent_dim=64, denoise_hidden=512, batch_size=256
============================================================
using cuda
Training start!
epoch 1: loss = 18031.6158, Diff_loss = 15484.1447, preserve_loss = 29.0310, adv_loss = 0.0000, discri_loss = 0.0000, sp_cls = 0.2201
epoch 2: loss = 12814.7914, Diff_loss = 12798.6125, preserve_loss = 0.1844, adv_loss = 0.0000, discri_loss = 0.0000, sp_cls = 0.0070
epoch 3: loss = 12552.5009, Diff_loss = 12545.4732, preserve_loss = 0.0801, adv_loss = 0.0000, discri_loss = 0.0000, sp_cls = 0.0024
epoch 4: loss = 12217.1349, Diff_loss = 12212.9097, preserve_loss = 0.0481, adv_loss = 0.0000, discri_loss = 0.0000, sp_cls = 0.0013
epoch 5: loss = 12229.7874, Diff_loss = 12227.0920, preserve_loss = 0.0307, adv_loss = 0.0000, discri_loss = 0.0000, sp_cls = 0.0008
epoch 6: loss = 11931.3277, Diff_loss = 11929.4155, preserve_loss = 0.0218, adv_loss = 0.0000, discri_loss = 0.0000, sp_cls = 0.0005
epoch 7: loss = 11847.1269, Diff_loss = 11845.7130, preserve_loss = 0.0161, adv_loss = 0.0000, discri_loss = 0.0000, sp_cls = 0.0003
epoch 8: loss = 11698.4080, Diff_loss = 11697.2959, preserve_loss = 0.0127, adv_loss = 0.0000, discri_loss = 0.0000, sp_cls = 0.0002
epoch 9: loss = 11547.0460, Diff_loss = 11546.1262, preserve_loss = 0.0105, adv_loss = 0.0000, discri_loss = 0.0000, sp_cls = 0.0002
epoch 10: loss = 11458.3155, Diff_loss = 11457.5661, preserve_loss = 0.0085, adv_loss = 0.0000, discri_loss = 0.0000, sp_cls = 0.0001
epoch 11: loss = 11237.0857, Diff_loss = 11237.6308, preserve_loss = 0.0070, adv_loss = -1.0666, discri_loss = 1.0875, sp_cls = 0.0001
Validation loss decreased (inf --> 10800.900635).  Saving model ...
epoch 12: loss = 10953.4715, Diff_loss = 10954.0102, preserve_loss = 0.0068, adv_loss = -1.0441, discri_loss = 0.9240, sp_cls = 0.0000
Validation loss decreased (10800.900635 --> 10596.364063).  Saving model ...
epoch 13: loss = 10771.9458, Diff_loss = 10772.6324, preserve_loss = 0.0046, adv_loss = -1.0061, discri_loss = 0.8404, sp_cls = 0.0000
Validation loss decreased (10596.364063 --> 10413.897754).  Saving model ...
epoch 14: loss = 10620.6630, Diff_loss = 10621.3283, preserve_loss = 0.0043, adv_loss = -0.9592, discri_loss = 0.7577, sp_cls = 0.0000
Validation loss decreased (10413.897754 --> 10237.762549).  Saving model ...
epoch 15: loss = 10356.5454, Diff_loss = 10357.2107, preserve_loss = 0.0037, adv_loss = -0.9143, discri_loss = 0.7193, sp_cls = 0.0000
Validation loss decreased (10237.762549 --> 10105.011133).  Saving model ...
epoch 16: loss = 10307.9574, Diff_loss = 10308.5219, preserve_loss = 0.0044, adv_loss = -0.8728, discri_loss = 0.6749, sp_cls = 0.0000
Validation loss decreased (10105.011133 --> 9981.956006).  Saving model ...
epoch 17: loss = 10150.6643, Diff_loss = 10151.3140, preserve_loss = 0.0029, adv_loss = -0.8322, discri_loss = 0.6490, sp_cls = 0.0000
Validation loss decreased (9981.956006 --> 9872.484912).  Saving model ...
epoch 18: loss = 10000.2200, Diff_loss = 10000.8091, preserve_loss = 0.0032, adv_loss = -0.7968, discri_loss = 0.6342, sp_cls = 0.0000
Validation loss decreased (9872.484912 --> 9773.101416).  Saving model ...
epoch 19: loss = 9978.8022, Diff_loss = 9979.4209, preserve_loss = 0.0025, adv_loss = -0.7738, discri_loss = 0.6229, sp_cls = 0.0000
Validation loss decreased (9773.101416 --> 9696.202637).  Saving model ...
epoch 20: loss = 9823.0266, Diff_loss = 9823.5749, preserve_loss = 0.0031, adv_loss = -0.7520, discri_loss = 0.6265, sp_cls = 0.0000
Validation loss decreased (9696.202637 --> 9612.354590).  Saving model ...
epoch 21: loss = 9747.4271, Diff_loss = 9747.9348, preserve_loss = 0.0033, adv_loss = -0.7363, discri_loss = 0.6112, sp_cls = 0.0000
Validation loss decreased (9612.354590 --> 9549.098193).  Saving model ...
epoch 22: loss = 9743.0782, Diff_loss = 9743.5868, preserve_loss = 0.0032, adv_loss = -0.7273, discri_loss = 0.6138, sp_cls = 0.0000
Validation loss decreased (9549.098193 --> 9526.540479).  Saving model ...
epoch 23: loss = 9676.9112, Diff_loss = 9677.3868, preserve_loss = 0.0034, adv_loss = -0.7139, discri_loss = 0.6029, sp_cls = 0.0000
Validation loss decreased (9526.540479 --> 9478.865527).  Saving model ...
epoch 24: loss = 9579.7741, Diff_loss = 9580.2624, preserve_loss = 0.0033, adv_loss = -0.7134, discri_loss = 0.6153, sp_cls = 0.0000
Validation loss decreased (9478.865527 --> 9408.539990).  Saving model ...
epoch 25: loss = 9611.6769, Diff_loss = 9612.1483, preserve_loss = 0.0034, adv_loss = -0.7055, discri_loss = 0.6059, sp_cls = 0.0000
Validation loss decreased (9408.539990 --> 9385.016016).  Saving model ...
epoch 26: loss = 9582.5275, Diff_loss = 9582.9966, preserve_loss = 0.0034, adv_loss = -0.7080, discri_loss = 0.6166, sp_cls = 0.0000
Validation loss decreased (9385.016016 --> 9355.648584).  Saving model ...
epoch 27: loss = 9440.9360, Diff_loss = 9441.4088, preserve_loss = 0.0033, adv_loss = -0.7038, discri_loss = 0.6117, sp_cls = 0.0000
Validation loss decreased (9355.648584 --> 9332.819385).  Saving model ...
epoch 28: loss = 9396.2602, Diff_loss = 9396.7482, preserve_loss = 0.0032, adv_loss = -0.7051, discri_loss = 0.6183, sp_cls = 0.0000
Validation loss decreased (9332.819385 --> 9316.422510).  Saving model ...
epoch 29: loss = 9355.6113, Diff_loss = 9356.0686, preserve_loss = 0.0035, adv_loss = -0.7028, discri_loss = 0.6154, sp_cls = 0.0000
Validation loss decreased (9316.422510 --> 9287.573633).  Saving model ...
epoch 30: loss = 9391.7805, Diff_loss = 9392.2537, preserve_loss = 0.0033, adv_loss = -0.6981, discri_loss = 0.6106, sp_cls = 0.0000
Validation loss decreased (9287.573633 --> 9272.443701).  Saving model ...
epoch 31: loss = 9279.9264, Diff_loss = 9280.4039, preserve_loss = 0.0033, adv_loss = -0.7015, discri_loss = 0.6214, sp_cls = 0.0000
Validation loss decreased (9272.443701 --> 9236.058984).  Saving model ...
epoch 32: loss = 9383.1177, Diff_loss = 9383.5647, preserve_loss = 0.0036, adv_loss = -0.6985, discri_loss = 0.6138, sp_cls = 0.0000
EarlyStopping counter: 1 / 20
epoch 33: loss = 9355.2646, Diff_loss = 9355.6917, preserve_loss = 0.0037, adv_loss = -0.6914, discri_loss = 0.5952, sp_cls = 0.0000
EarlyStopping counter: 2 / 20
epoch 34: loss = 9401.1073, Diff_loss = 9401.5593, preserve_loss = 0.0034, adv_loss = -0.6890, discri_loss = 0.6042, sp_cls = 0.0000
Validation loss decreased (9236.058984 --> 9206.303857).  Saving model ...
epoch 35: loss = 9250.1328, Diff_loss = 9250.5428, preserve_loss = 0.0039, adv_loss = -0.6949, discri_loss = 0.6176, sp_cls = 0.0000
Validation loss decreased (9206.303857 --> 9197.162842).  Saving model ...
epoch 36: loss = 9255.2323, Diff_loss = 9255.6775, preserve_loss = 0.0035, adv_loss = -0.6946, discri_loss = 0.6143, sp_cls = 0.0000
EarlyStopping counter: 1 / 20
epoch 37: loss = 9231.4694, Diff_loss = 9231.9021, preserve_loss = 0.0037, adv_loss = -0.6951, discri_loss = 0.6053, sp_cls = 0.0000
Validation loss decreased (9197.162842 --> 9185.694336).  Saving model ...
epoch 38: loss = 9212.8454, Diff_loss = 9213.2534, preserve_loss = 0.0039, adv_loss = -0.6939, discri_loss = 0.6067, sp_cls = 0.0000
EarlyStopping counter: 1 / 20
epoch 39: loss = 9139.6278, Diff_loss = 9140.0258, preserve_loss = 0.0041, adv_loss = -0.6940, discri_loss = 0.6124, sp_cls = 0.0000
Validation loss decreased (9185.694336 --> 9163.177637).  Saving model ...
epoch 40: loss = 9175.3683, Diff_loss = 9175.7638, preserve_loss = 0.0041, adv_loss = -0.6924, discri_loss = 0.6037, sp_cls = 0.0000
inference: loss = 8900.9545, Diff_loss = 8901.4083, preserve_loss = 0.0026, adv_loss = -0.6245
All results recorded in adata.
Validation loss decreased (9163.177637 --> 9156.928955).  Saving model ...
epoch 41: loss = 9248.4857, Diff_loss = 9248.8679, preserve_loss = 0.0041, adv_loss = -0.6844, discri_loss = 0.5955, sp_cls = 0.0000
Validation loss decreased (9156.928955 --> 9140.413818).  Saving model ...
epoch 42: loss = 9207.8239, Diff_loss = 9208.2090, preserve_loss = 0.0042, adv_loss = -0.6928, discri_loss = 0.6180, sp_cls = 0.0000
EarlyStopping counter: 1 / 20
epoch 43: loss = 9120.2416, Diff_loss = 9120.5719, preserve_loss = 0.0048, adv_loss = -0.6903, discri_loss = 0.6021, sp_cls = 0.0000
EarlyStopping counter: 2 / 20
epoch 44: loss = 9174.8230, Diff_loss = 9175.1768, preserve_loss = 0.0045, adv_loss = -0.6910, discri_loss = 0.6025, sp_cls = 0.0000
Validation loss decreased (9140.413818 --> 9139.204248).  Saving model ...
epoch 45: loss = 9069.7659, Diff_loss = 9070.1180, preserve_loss = 0.0045, adv_loss = -0.6892, discri_loss = 0.6042, sp_cls = 0.0000
Validation loss decreased (9139.204248 --> 9133.623486).  Saving model ...
epoch 46: loss = 9125.8961, Diff_loss = 9126.2284, preserve_loss = 0.0048, adv_loss = -0.6910, discri_loss = 0.6078, sp_cls = 0.0000
Validation loss decreased (9133.623486 --> 9117.178760).  Saving model ...
epoch 47: loss = 8998.2323, Diff_loss = 8998.5760, preserve_loss = 0.0047, adv_loss = -0.6914, discri_loss = 0.6077, sp_cls = 0.0000
EarlyStopping counter: 1 / 20
epoch 48: loss = 9190.1463, Diff_loss = 9190.4629, preserve_loss = 0.0049, adv_loss = -0.6871, discri_loss = 0.6003, sp_cls = 0.0000
Validation loss decreased (9117.178760 --> 9093.968506).  Saving model ...
epoch 49: loss = 9115.0814, Diff_loss = 9115.3518, preserve_loss = 0.0054, adv_loss = -0.6844, discri_loss = 0.5971, sp_cls = 0.0000
Validation loss decreased (9093.968506 --> 9073.414307).  Saving model ...
epoch 50: loss = 9066.1139, Diff_loss = 9066.4111, preserve_loss = 0.0051, adv_loss = -0.6842, discri_loss = 0.5901, sp_cls = 0.0000
inference: loss = 8789.9313, Diff_loss = 8790.3687, preserve_loss = 0.0025, adv_loss = -0.6075
All results recorded in adata.
EarlyStopping counter: 1 / 20
epoch 51: loss = 9126.1287, Diff_loss = 9126.4269, preserve_loss = 0.0050, adv_loss = -0.6807, discri_loss = 0.5933, sp_cls = 0.0000
EarlyStopping counter: 2 / 20
epoch 52: loss = 9030.8514, Diff_loss = 9031.1103, preserve_loss = 0.0054, adv_loss = -0.6769, discri_loss = 0.5860, sp_cls = 0.0000
EarlyStopping counter: 3 / 20
epoch 53: loss = 9049.8948, Diff_loss = 9050.1496, preserve_loss = 0.0055, adv_loss = -0.6780, discri_loss = 0.5921, sp_cls = 0.0000
EarlyStopping counter: 4 / 20
epoch 54: loss = 9105.6095, Diff_loss = 9105.8836, preserve_loss = 0.0052, adv_loss = -0.6755, discri_loss = 0.5867, sp_cls = 0.0000
EarlyStopping counter: 5 / 20
epoch 55: loss = 9038.9922, Diff_loss = 9039.2442, preserve_loss = 0.0055, adv_loss = -0.6772, discri_loss = 0.5945, sp_cls = 0.0000
Validation loss decreased (9073.414307 --> 9059.145898).  Saving model ...
epoch 56: loss = 9118.6786, Diff_loss = 9118.9202, preserve_loss = 0.0056, adv_loss = -0.6747, discri_loss = 0.5918, sp_cls = 0.0000
Validation loss decreased (9059.145898 --> 9058.889600).  Saving model ...
epoch 57: loss = 9086.1882, Diff_loss = 9086.4446, preserve_loss = 0.0055, adv_loss = -0.6758, discri_loss = 0.5848, sp_cls = 0.0000
EarlyStopping counter: 1 / 20
epoch 58: loss = 9045.3041, Diff_loss = 9045.5266, preserve_loss = 0.0058, adv_loss = -0.6729, discri_loss = 0.5850, sp_cls = 0.0000
EarlyStopping counter: 2 / 20
epoch 59: loss = 8974.6119, Diff_loss = 8974.7819, preserve_loss = 0.0064, adv_loss = -0.6716, discri_loss = 0.5846, sp_cls = 0.0000
EarlyStopping counter: 3 / 20
epoch 60: loss = 9124.3479, Diff_loss = 9124.5787, preserve_loss = 0.0056, adv_loss = -0.6676, discri_loss = 0.5720, sp_cls = 0.0000
inference: loss = 8735.0211, Diff_loss = 8735.3610, preserve_loss = 0.0033, adv_loss = -0.5784
All results recorded in adata.
EarlyStopping counter: 4 / 20
epoch 61: loss = 9054.1942, Diff_loss = 9054.4200, preserve_loss = 0.0057, adv_loss = -0.6656, discri_loss = 0.5757, sp_cls = 0.0000
EarlyStopping counter: 5 / 20
epoch 62: loss = 8901.4491, Diff_loss = 8901.6621, preserve_loss = 0.0058, adv_loss = -0.6649, discri_loss = 0.5689, sp_cls = 0.0000
EarlyStopping counter: 6 / 20
epoch 63: loss = 9142.6305, Diff_loss = 9142.8356, preserve_loss = 0.0058, adv_loss = -0.6573, discri_loss = 0.5687, sp_cls = 0.0000
EarlyStopping counter: 7 / 20
epoch 64: loss = 8960.6385, Diff_loss = 8960.8540, preserve_loss = 0.0057, adv_loss = -0.6568, discri_loss = 0.5646, sp_cls = 0.0000
EarlyStopping counter: 8 / 20
epoch 65: loss = 9151.5626, Diff_loss = 9151.7617, preserve_loss = 0.0058, adv_loss = -0.6531, discri_loss = 0.5610, sp_cls = 0.0000
EarlyStopping counter: 9 / 20
epoch 66: loss = 9031.2584, Diff_loss = 9031.4711, preserve_loss = 0.0057, adv_loss = -0.6531, discri_loss = 0.5627, sp_cls = 0.0000
Validation loss decreased (9058.889600 --> 9055.472607).  Saving model ...
epoch 67: loss = 9004.4014, Diff_loss = 9004.6150, preserve_loss = 0.0057, adv_loss = -0.6564, discri_loss = 0.5654, sp_cls = 0.0000
EarlyStopping counter: 1 / 20
epoch 68: loss = 9058.6723, Diff_loss = 9058.8864, preserve_loss = 0.0056, adv_loss = -0.6500, discri_loss = 0.5604, sp_cls = 0.0000
EarlyStopping counter: 2 / 20
epoch 69: loss = 8990.7979, Diff_loss = 8991.0145, preserve_loss = 0.0056, adv_loss = -0.6482, discri_loss = 0.5461, sp_cls = 0.0000
Validation loss decreased (9055.472607 --> 9037.658643).  Saving model ...
epoch 70: loss = 9007.5446, Diff_loss = 9007.7336, preserve_loss = 0.0058, adv_loss = -0.6453, discri_loss = 0.5582, sp_cls = 0.0000
inference: loss = 8726.5438, Diff_loss = 8726.8463, preserve_loss = 0.0034, adv_loss = -0.5534
All results recorded in adata.
EarlyStopping counter: 1 / 20
epoch 71: loss = 9064.3218, Diff_loss = 9064.5087, preserve_loss = 0.0059, adv_loss = -0.6444, discri_loss = 0.5434, sp_cls = 0.0000
EarlyStopping counter: 2 / 20
epoch 72: loss = 9081.4967, Diff_loss = 9081.6742, preserve_loss = 0.0059, adv_loss = -0.6399, discri_loss = 0.5452, sp_cls = 0.0000
EarlyStopping counter: 3 / 20
epoch 73: loss = 8951.0173, Diff_loss = 8951.2143, preserve_loss = 0.0057, adv_loss = -0.6388, discri_loss = 0.5488, sp_cls = 0.0000
EarlyStopping counter: 4 / 20
epoch 74: loss = 9006.1349, Diff_loss = 9006.3203, preserve_loss = 0.0058, adv_loss = -0.6386, discri_loss = 0.5460, sp_cls = 0.0000
EarlyStopping counter: 5 / 20
epoch 75: loss = 9005.0421, Diff_loss = 9005.2333, preserve_loss = 0.0057, adv_loss = -0.6341, discri_loss = 0.5425, sp_cls = 0.0000
EarlyStopping counter: 6 / 20
epoch 76: loss = 9005.8967, Diff_loss = 9006.0596, preserve_loss = 0.0060, adv_loss = -0.6323, discri_loss = 0.5390, sp_cls = 0.0000
EarlyStopping counter: 7 / 20
epoch 77: loss = 9061.9030, Diff_loss = 9062.0867, preserve_loss = 0.0057, adv_loss = -0.6315, discri_loss = 0.5332, sp_cls = 0.0000
EarlyStopping counter: 8 / 20
epoch 78: loss = 9053.0068, Diff_loss = 9053.1639, preserve_loss = 0.0060, adv_loss = -0.6274, discri_loss = 0.5329, sp_cls = 0.0000
EarlyStopping counter: 9 / 20
epoch 79: loss = 8911.7860, Diff_loss = 8911.9758, preserve_loss = 0.0056, adv_loss = -0.6281, discri_loss = 0.5381, sp_cls = 0.0000
EarlyStopping counter: 10 / 20
epoch 80: loss = 9015.2036, Diff_loss = 9015.3644, preserve_loss = 0.0059, adv_loss = -0.6264, discri_loss = 0.5385, sp_cls = 0.0000
inference: loss = 8730.6784, Diff_loss = 8730.9519, preserve_loss = 0.0035, adv_loss = -0.5360
All results recorded in adata.
EarlyStopping counter: 11 / 20
epoch 81: loss = 9052.5731, Diff_loss = 9052.6576, preserve_loss = 0.0068, adv_loss = -0.6257, discri_loss = 0.5373, sp_cls = 0.0000
EarlyStopping counter: 12 / 20
epoch 82: loss = 9016.6687, Diff_loss = 9016.8271, preserve_loss = 0.0059, adv_loss = -0.6239, discri_loss = 0.5344, sp_cls = 0.0000
EarlyStopping counter: 13 / 20
epoch 83: loss = 9028.1221, Diff_loss = 9028.2574, preserve_loss = 0.0062, adv_loss = -0.6239, discri_loss = 0.5373, sp_cls = 0.0000
EarlyStopping counter: 14 / 20
epoch 84: loss = 8986.8764, Diff_loss = 8987.0529, preserve_loss = 0.0058, adv_loss = -0.6266, discri_loss = 0.5436, sp_cls = 0.0000
EarlyStopping counter: 15 / 20
epoch 85: loss = 9053.7853, Diff_loss = 9053.9355, preserve_loss = 0.0060, adv_loss = -0.6240, discri_loss = 0.5430, sp_cls = 0.0000
EarlyStopping counter: 16 / 20
epoch 86: loss = 9030.0450, Diff_loss = 9030.1586, preserve_loss = 0.0064, adv_loss = -0.6213, discri_loss = 0.5358, sp_cls = 0.0000
EarlyStopping counter: 17 / 20
epoch 87: loss = 9070.1922, Diff_loss = 9070.3153, preserve_loss = 0.0063, adv_loss = -0.6209, discri_loss = 0.5353, sp_cls = 0.0000
EarlyStopping counter: 18 / 20
epoch 88: loss = 8991.8197, Diff_loss = 8991.9478, preserve_loss = 0.0063, adv_loss = -0.6231, discri_loss = 0.5387, sp_cls = 0.0000
EarlyStopping counter: 19 / 20
epoch 89: loss = 9057.3353, Diff_loss = 9057.3424, preserve_loss = 0.0077, adv_loss = -0.6253, discri_loss = 0.5351, sp_cls = 0.0001
EarlyStopping counter: 20 / 20
Early stopping at epoch 89
Training finished!
inference: loss = 8730.4596, Diff_loss = 8730.7905, preserve_loss = 0.0032, adv_loss = -0.5596
All results recorded in adata.
>>> Trial 40 score=0.5374
    [Bio] NMI=0.5523, ARI=0.4731, label_ASW=0.5319, cLISI=0.9502, iso_ASW=0.5275, iso_F1=0.6566
    [Batch] sil=0.9776, iLISI=0.2841, kBET=0.0605, PCR=0.0000
    [Modality] sil=0.9980, iLISI=0.3161, kBET=0.1660, PCR=0.6868, graph_conn=0.9022
[I 2026-02-11 20:59:22,088] Trial 40 finished with value: 0.5373970608967079 and parameters: {'gamma': 87.74765206380839, 'lambda_adv': 1.0873881299262371, 'lr': 0.00042779361573542374, 'dropout_rate': 0.1885996148945651, 'latent_dim': 64, 'lambda_sp_cls': 0.32703740864969455, 'batch_size': 256}. Best is trial 15 with value: 0.5537243471958723.

============================================================
Trial 41: gamma=53.548, lambda_adv=0.582, lambda_sp_cls=0.788, lr=0.00056, dropout=0.21, latent_dim=64, denoise_hidden=512, batch_size=256
============================================================
using cuda
Training start!
epoch 1: loss = 16307.4885, Diff_loss = 15080.8413, preserve_loss = 22.9048, adv_loss = 0.0000, discri_loss = 0.0000, sp_cls = 0.1871
epoch 2: loss = 12689.8484, Diff_loss = 12680.2278, preserve_loss = 0.1796, adv_loss = 0.0000, discri_loss = 0.0000, sp_cls = 0.0022
epoch 3: loss = 12402.7190, Diff_loss = 12398.3568, preserve_loss = 0.0815, adv_loss = 0.0000, discri_loss = 0.0000, sp_cls = 0.0006
epoch 4: loss = 12192.5213, Diff_loss = 12189.9498, preserve_loss = 0.0480, adv_loss = 0.0000, discri_loss = 0.0000, sp_cls = 0.0003
epoch 5: loss = 12037.3832, Diff_loss = 12035.6000, preserve_loss = 0.0333, adv_loss = 0.0000, discri_loss = 0.0000, sp_cls = 0.0002
epoch 6: loss = 11682.2844, Diff_loss = 11680.6234, preserve_loss = 0.0310, adv_loss = 0.0000, discri_loss = 0.0000, sp_cls = 0.0001
epoch 7: loss = 11604.0618, Diff_loss = 11602.6600, preserve_loss = 0.0262, adv_loss = 0.0000, discri_loss = 0.0000, sp_cls = 0.0001
epoch 8: loss = 11497.1466, Diff_loss = 11495.9977, preserve_loss = 0.0215, adv_loss = 0.0000, discri_loss = 0.0000, sp_cls = 0.0001
epoch 9: loss = 11298.7985, Diff_loss = 11297.7117, preserve_loss = 0.0203, adv_loss = 0.0000, discri_loss = 0.0000, sp_cls = 0.0001
epoch 10: loss = 11216.2685, Diff_loss = 11215.1494, preserve_loss = 0.0209, adv_loss = 0.0000, discri_loss = 0.0000, sp_cls = 0.0001
epoch 11: loss = 11025.2113, Diff_loss = 11024.7442, preserve_loss = 0.0202, adv_loss = -1.0570, discri_loss = 0.9997, sp_cls = 0.0001
Validation loss decreased (inf --> 10634.046191).  Saving model ...
epoch 12: loss = 10724.2769, Diff_loss = 10723.9562, preserve_loss = 0.0168, adv_loss = -0.9913, discri_loss = 0.8396, sp_cls = 0.0001
Validation loss decreased (10634.046191 --> 10407.915967).  Saving model ...
epoch 13: loss = 10651.5762, Diff_loss = 10651.3718, preserve_loss = 0.0137, adv_loss = -0.9138, discri_loss = 0.7306, sp_cls = 0.0001
Validation loss decreased (10407.915967 --> 10239.655371).  Saving model ...
epoch 14: loss = 10400.5384, Diff_loss = 10400.3155, preserve_loss = 0.0132, adv_loss = -0.8348, discri_loss = 0.6464, sp_cls = 0.0001
Validation loss decreased (10239.655371 --> 10085.212061).  Saving model ...
epoch 15: loss = 10271.3512, Diff_loss = 10271.2668, preserve_loss = 0.0099, adv_loss = -0.7670, discri_loss = 0.6043, sp_cls = 0.0001
Validation loss decreased (10085.212061 --> 9990.124219).  Saving model ...
epoch 16: loss = 10132.2167, Diff_loss = 10132.1510, preserve_loss = 0.0092, adv_loss = -0.7325, discri_loss = 0.5989, sp_cls = 0.0000
Validation loss decreased (9990.124219 --> 9885.600391).  Saving model ...
epoch 17: loss = 9955.9254, Diff_loss = 9955.8599, preserve_loss = 0.0090, adv_loss = -0.7143, discri_loss = 0.6057, sp_cls = 0.0000
Validation loss decreased (9885.600391 --> 9824.481787).  Saving model ...
epoch 18: loss = 9939.4038, Diff_loss = 9939.2641, preserve_loss = 0.0101, adv_loss = -0.6935, discri_loss = 0.5803, sp_cls = 0.0000
Validation loss decreased (9824.481787 --> 9735.655078).  Saving model ...
epoch 19: loss = 9857.1360, Diff_loss = 9857.0785, preserve_loss = 0.0085, adv_loss = -0.6820, discri_loss = 0.5879, sp_cls = 0.0000
Validation loss decreased (9735.655078 --> 9694.667969).  Saving model ...
epoch 20: loss = 9866.0038, Diff_loss = 9865.9489, preserve_loss = 0.0084, adv_loss = -0.6763, discri_loss = 0.5824, sp_cls = 0.0000
Validation loss decreased (9694.667969 --> 9666.184375).  Saving model ...
epoch 21: loss = 9743.6827, Diff_loss = 9743.5878, preserve_loss = 0.0090, adv_loss = -0.6696, discri_loss = 0.5766, sp_cls = 0.0000
Validation loss decreased (9666.184375 --> 9611.012549).  Saving model ...
epoch 22: loss = 9741.1917, Diff_loss = 9741.1382, preserve_loss = 0.0083, adv_loss = -0.6696, discri_loss = 0.5858, sp_cls = 0.0000
Validation loss decreased (9611.012549 --> 9544.811377).  Saving model ...
epoch 23: loss = 9745.4061, Diff_loss = 9745.3528, preserve_loss = 0.0082, adv_loss = -0.6652, discri_loss = 0.5860, sp_cls = 0.0000
Validation loss decreased (9544.811377 --> 9505.529053).  Saving model ...
epoch 24: loss = 9711.1009, Diff_loss = 9710.9860, preserve_loss = 0.0094, adv_loss = -0.6636, discri_loss = 0.5763, sp_cls = 0.0000
Validation loss decreased (9505.529053 --> 9466.779150).  Saving model ...
epoch 25: loss = 9581.4048, Diff_loss = 9581.2616, preserve_loss = 0.0099, adv_loss = -0.6646, discri_loss = 0.5869, sp_cls = 0.0000
Validation loss decreased (9466.779150 --> 9432.135840).  Saving model ...
epoch 26: loss = 9581.5055, Diff_loss = 9581.3144, preserve_loss = 0.0108, adv_loss = -0.6629, discri_loss = 0.5787, sp_cls = 0.0000
Validation loss decreased (9432.135840 --> 9413.989697).  Saving model ...
epoch 27: loss = 9540.0194, Diff_loss = 9539.8094, preserve_loss = 0.0111, adv_loss = -0.6615, discri_loss = 0.5857, sp_cls = 0.0000
Validation loss decreased (9413.989697 --> 9389.446045).  Saving model ...
epoch 28: loss = 9469.6158, Diff_loss = 9469.3695, preserve_loss = 0.0118, adv_loss = -0.6584, discri_loss = 0.5854, sp_cls = 0.0000
Validation loss decreased (9389.446045 --> 9377.119873).  Saving model ...
epoch 29: loss = 9501.5197, Diff_loss = 9501.2491, preserve_loss = 0.0122, adv_loss = -0.6561, discri_loss = 0.5820, sp_cls = 0.0000
Validation loss decreased (9377.119873 --> 9330.475195).  Saving model ...
epoch 30: loss = 9293.8061, Diff_loss = 9293.5638, preserve_loss = 0.0116, adv_loss = -0.6531, discri_loss = 0.5819, sp_cls = 0.0000
Validation loss decreased (9330.475195 --> 9322.575488).  Saving model ...
epoch 31: loss = 9415.8668, Diff_loss = 9415.5965, preserve_loss = 0.0122, adv_loss = -0.6555, discri_loss = 0.5838, sp_cls = 0.0000
Validation loss decreased (9322.575488 --> 9294.901025).  Saving model ...
epoch 32: loss = 9254.3096, Diff_loss = 9254.0678, preserve_loss = 0.0117, adv_loss = -0.6587, discri_loss = 0.5849, sp_cls = 0.0000
Validation loss decreased (9294.901025 --> 9290.084326).  Saving model ...
epoch 33: loss = 9298.1123, Diff_loss = 9297.8507, preserve_loss = 0.0120, adv_loss = -0.6563, discri_loss = 0.5857, sp_cls = 0.0000
Validation loss decreased (9290.084326 --> 9287.198193).  Saving model ...
epoch 34: loss = 9277.6006, Diff_loss = 9277.3488, preserve_loss = 0.0118, adv_loss = -0.6564, discri_loss = 0.5804, sp_cls = 0.0000
Validation loss decreased (9287.198193 --> 9254.388184).  Saving model ...
epoch 35: loss = 9367.4015, Diff_loss = 9367.1011, preserve_loss = 0.0127, adv_loss = -0.6546, discri_loss = 0.5826, sp_cls = 0.0001
Validation loss decreased (9254.388184 --> 9218.608594).  Saving model ...
epoch 36: loss = 9275.6675, Diff_loss = 9275.4237, preserve_loss = 0.0117, adv_loss = -0.6615, discri_loss = 0.5934, sp_cls = 0.0000
EarlyStopping counter: 1 / 20
epoch 37: loss = 9267.1318, Diff_loss = 9266.8597, preserve_loss = 0.0123, adv_loss = -0.6601, discri_loss = 0.5869, sp_cls = 0.0000
EarlyStopping counter: 2 / 20
epoch 38: loss = 9224.2632, Diff_loss = 9224.0488, preserve_loss = 0.0112, adv_loss = -0.6618, discri_loss = 0.5862, sp_cls = 0.0000
Validation loss decreased (9218.608594 --> 9203.656055).  Saving model ...
epoch 39: loss = 9192.1477, Diff_loss = 9191.9020, preserve_loss = 0.0118, adv_loss = -0.6613, discri_loss = 0.5839, sp_cls = 0.0000
Validation loss decreased (9203.656055 --> 9195.740625).  Saving model ...
epoch 40: loss = 9179.8669, Diff_loss = 9179.6147, preserve_loss = 0.0119, adv_loss = -0.6588, discri_loss = 0.5796, sp_cls = 0.0002
inference: loss = 8939.6909, Diff_loss = 8939.5886, preserve_loss = 0.0084, adv_loss = -0.5957
All results recorded in adata.
[I 2026-02-11 21:08:31,363] Trial 41 pruned. 

============================================================
Trial 42: gamma=132.407, lambda_adv=1.639, lambda_sp_cls=0.260, lr=0.00047, dropout=0.20, latent_dim=64, denoise_hidden=512, batch_size=256
============================================================
using cuda
Training start!
epoch 1: loss = 19031.2811, Diff_loss = 15494.9018, preserve_loss = 26.7079, adv_loss = 0.0000, discri_loss = 0.0000, sp_cls = 0.2109
epoch 2: loss = 12717.4910, Diff_loss = 12700.1905, preserve_loss = 0.1307, adv_loss = 0.0000, discri_loss = 0.0000, sp_cls = 0.0039
epoch 3: loss = 12607.5386, Diff_loss = 12600.4417, preserve_loss = 0.0536, adv_loss = 0.0000, discri_loss = 0.0000, sp_cls = 0.0013
epoch 4: loss = 12479.3169, Diff_loss = 12475.3713, preserve_loss = 0.0298, adv_loss = 0.0000, discri_loss = 0.0000, sp_cls = 0.0006
epoch 5: loss = 12100.1385, Diff_loss = 12097.4943, preserve_loss = 0.0200, adv_loss = 0.0000, discri_loss = 0.0000, sp_cls = 0.0004
epoch 6: loss = 11768.3807, Diff_loss = 11766.5318, preserve_loss = 0.0140, adv_loss = 0.0000, discri_loss = 0.0000, sp_cls = 0.0002
epoch 7: loss = 11868.4991, Diff_loss = 11867.1742, preserve_loss = 0.0100, adv_loss = 0.0000, discri_loss = 0.0000, sp_cls = 0.0002
epoch 8: loss = 11623.4083, Diff_loss = 11622.4080, preserve_loss = 0.0076, adv_loss = 0.0000, discri_loss = 0.0000, sp_cls = 0.0001
epoch 9: loss = 11490.4232, Diff_loss = 11489.5738, preserve_loss = 0.0064, adv_loss = 0.0000, discri_loss = 0.0000, sp_cls = 0.0001
epoch 10: loss = 11396.3570, Diff_loss = 11395.6041, preserve_loss = 0.0057, adv_loss = 0.0000, discri_loss = 0.0000, sp_cls = 0.0001
epoch 11: loss = 11192.2139, Diff_loss = 11193.2486, preserve_loss = 0.0054, adv_loss = -1.0699, discri_loss = 1.0455, sp_cls = 0.0001
Validation loss decreased (inf --> 10740.673437).  Saving model ...
epoch 12: loss = 10968.3128, Diff_loss = 10969.3012, preserve_loss = 0.0054, adv_loss = -1.0363, discri_loss = 0.9180, sp_cls = 0.0001
Validation loss decreased (10740.673437 --> 10513.089746).  Saving model ...
epoch 13: loss = 10696.4974, Diff_loss = 10697.3855, preserve_loss = 0.0056, adv_loss = -0.9915, discri_loss = 0.8314, sp_cls = 0.0001
Validation loss decreased (10513.089746 --> 10330.338525).  Saving model ...
epoch 14: loss = 10335.9491, Diff_loss = 10336.8417, preserve_loss = 0.0050, adv_loss = -0.9490, discri_loss = 0.7890, sp_cls = 0.0001
Validation loss decreased (10330.338525 --> 10171.332813).  Saving model ...
epoch 15: loss = 10368.4643, Diff_loss = 10369.3501, preserve_loss = 0.0047, adv_loss = -0.9177, discri_loss = 0.7649, sp_cls = 0.0001
Validation loss decreased (10171.332813 --> 10037.176953).  Saving model ...
epoch 16: loss = 10160.3339, Diff_loss = 10161.0223, preserve_loss = 0.0057, adv_loss = -0.8802, discri_loss = 0.7283, sp_cls = 0.0001
Validation loss decreased (10037.176953 --> 9920.468018).  Saving model ...
epoch 17: loss = 10108.5283, Diff_loss = 10109.4264, preserve_loss = 0.0038, adv_loss = -0.8525, discri_loss = 0.7110, sp_cls = 0.0000
Validation loss decreased (9920.468018 --> 9836.432617).  Saving model ...
epoch 18: loss = 10057.8867, Diff_loss = 10058.7630, preserve_loss = 0.0036, adv_loss = -0.8285, discri_loss = 0.7000, sp_cls = 0.0000
Validation loss decreased (9836.432617 --> 9766.089258).  Saving model ...
epoch 19: loss = 9949.9077, Diff_loss = 9950.8553, preserve_loss = 0.0030, adv_loss = -0.8186, discri_loss = 0.7080, sp_cls = 0.0000
Validation loss decreased (9766.089258 --> 9691.205225).  Saving model ...
epoch 20: loss = 9941.4937, Diff_loss = 9942.4342, preserve_loss = 0.0029, adv_loss = -0.8089, discri_loss = 0.7004, sp_cls = 0.0000
Validation loss decreased (9691.205225 --> 9614.521240).  Saving model ...
epoch 21: loss = 9879.3728, Diff_loss = 9880.3085, preserve_loss = 0.0028, adv_loss = -0.7969, discri_loss = 0.6905, sp_cls = 0.0000
Validation loss decreased (9614.521240 --> 9590.376562).  Saving model ...
epoch 22: loss = 9723.3684, Diff_loss = 9724.3423, preserve_loss = 0.0025, adv_loss = -0.7964, discri_loss = 0.6993, sp_cls = 0.0000
Validation loss decreased (9590.376562 --> 9543.625781).  Saving model ...
epoch 23: loss = 9623.1090, Diff_loss = 9624.0622, preserve_loss = 0.0026, adv_loss = -0.7884, discri_loss = 0.7012, sp_cls = 0.0000
Validation loss decreased (9543.625781 --> 9498.341846).  Saving model ...
epoch 24: loss = 9562.8011, Diff_loss = 9563.7183, preserve_loss = 0.0029, adv_loss = -0.7905, discri_loss = 0.7091, sp_cls = 0.0000
Validation loss decreased (9498.341846 --> 9497.442236).  Saving model ...
epoch 25: loss = 9584.3464, Diff_loss = 9585.2769, preserve_loss = 0.0027, adv_loss = -0.7882, discri_loss = 0.7032, sp_cls = 0.0000
Validation loss decreased (9497.442236 --> 9423.863525).  Saving model ...
epoch 26: loss = 9512.4703, Diff_loss = 9513.4377, preserve_loss = 0.0024, adv_loss = -0.7864, discri_loss = 0.7047, sp_cls = 0.0000
Validation loss decreased (9423.863525 --> 9403.704102).  Saving model ...
epoch 27: loss = 9602.6691, Diff_loss = 9603.5705, preserve_loss = 0.0029, adv_loss = -0.7863, discri_loss = 0.7057, sp_cls = 0.0000
Validation loss decreased (9403.704102 --> 9385.827441).  Saving model ...
epoch 28: loss = 9486.8033, Diff_loss = 9487.6832, preserve_loss = 0.0031, adv_loss = -0.7838, discri_loss = 0.7003, sp_cls = 0.0000
Validation loss decreased (9385.827441 --> 9358.771484).  Saving model ...
epoch 29: loss = 9447.2565, Diff_loss = 9448.1007, preserve_loss = 0.0033, adv_loss = -0.7800, discri_loss = 0.6971, sp_cls = 0.0000
Validation loss decreased (9358.771484 --> 9326.785596).  Saving model ...
epoch 30: loss = 9407.2657, Diff_loss = 9408.0870, preserve_loss = 0.0035, adv_loss = -0.7819, discri_loss = 0.7082, sp_cls = 0.0000
Validation loss decreased (9326.785596 --> 9318.190088).  Saving model ...
epoch 31: loss = 9368.6293, Diff_loss = 9369.3978, preserve_loss = 0.0039, adv_loss = -0.7827, discri_loss = 0.7020, sp_cls = 0.0000
Validation loss decreased (9318.190088 --> 9283.241748).  Saving model ...
epoch 32: loss = 9406.4835, Diff_loss = 9407.2016, preserve_loss = 0.0043, adv_loss = -0.7822, discri_loss = 0.7108, sp_cls = 0.0001
Validation loss decreased (9283.241748 --> 9278.566406).  Saving model ...
epoch 33: loss = 9244.7814, Diff_loss = 9245.4830, preserve_loss = 0.0044, adv_loss = -0.7814, discri_loss = 0.6998, sp_cls = 0.0000
Validation loss decreased (9278.566406 --> 9269.302344).  Saving model ...
epoch 34: loss = 9292.1546, Diff_loss = 9292.8328, preserve_loss = 0.0045, adv_loss = -0.7761, discri_loss = 0.6865, sp_cls = 0.0000
Validation loss decreased (9269.302344 --> 9255.080957).  Saving model ...
epoch 35: loss = 9270.3134, Diff_loss = 9270.9562, preserve_loss = 0.0047, adv_loss = -0.7745, discri_loss = 0.6871, sp_cls = 0.0000
Validation loss decreased (9255.080957 --> 9229.604932).  Saving model ...
epoch 36: loss = 9288.7974, Diff_loss = 9289.4622, preserve_loss = 0.0046, adv_loss = -0.7735, discri_loss = 0.6918, sp_cls = 0.0000
EarlyStopping counter: 1 / 20
epoch 37: loss = 9235.6409, Diff_loss = 9236.3166, preserve_loss = 0.0044, adv_loss = -0.7716, discri_loss = 0.6896, sp_cls = 0.0000
Validation loss decreased (9229.604932 --> 9168.099365).  Saving model ...
epoch 38: loss = 9243.0114, Diff_loss = 9243.6835, preserve_loss = 0.0045, adv_loss = -0.7718, discri_loss = 0.6895, sp_cls = 0.0000
EarlyStopping counter: 1 / 20
epoch 39: loss = 9096.9608, Diff_loss = 9097.6489, preserve_loss = 0.0043, adv_loss = -0.7664, discri_loss = 0.6735, sp_cls = 0.0000
EarlyStopping counter: 2 / 20
epoch 40: loss = 9247.7237, Diff_loss = 9248.4282, preserve_loss = 0.0041, adv_loss = -0.7642, discri_loss = 0.6824, sp_cls = 0.0000
inference: loss = 8918.8948, Diff_loss = 8919.7510, preserve_loss = 0.0023, adv_loss = -0.7113
All results recorded in adata.
EarlyStopping counter: 3 / 20
epoch 41: loss = 9220.3386, Diff_loss = 9221.0570, preserve_loss = 0.0041, adv_loss = -0.7691, discri_loss = 0.6903, sp_cls = 0.0000
EarlyStopping counter: 4 / 20
epoch 42: loss = 9190.9226, Diff_loss = 9191.6471, preserve_loss = 0.0040, adv_loss = -0.7645, discri_loss = 0.6771, sp_cls = 0.0000
EarlyStopping counter: 5 / 20
epoch 43: loss = 9170.2337, Diff_loss = 9170.9778, preserve_loss = 0.0038, adv_loss = -0.7639, discri_loss = 0.6768, sp_cls = 0.0000
Validation loss decreased (9168.099365 --> 9156.838525).  Saving model ...
epoch 44: loss = 9173.4411, Diff_loss = 9174.1644, preserve_loss = 0.0039, adv_loss = -0.7573, discri_loss = 0.6675, sp_cls = 0.0000
Validation loss decreased (9156.838525 --> 9152.143945).  Saving model ...
epoch 45: loss = 9141.0123, Diff_loss = 9141.7430, preserve_loss = 0.0039, adv_loss = -0.7578, discri_loss = 0.6708, sp_cls = 0.0000
Validation loss decreased (9152.143945 --> 9146.868945).  Saving model ...
epoch 46: loss = 9322.5648, Diff_loss = 9323.3032, preserve_loss = 0.0038, adv_loss = -0.7561, discri_loss = 0.6715, sp_cls = 0.0000
Validation loss decreased (9146.868945 --> 9138.909912).  Saving model ...
epoch 47: loss = 9135.9297, Diff_loss = 9136.6784, preserve_loss = 0.0037, adv_loss = -0.7553, discri_loss = 0.6689, sp_cls = 0.0000
EarlyStopping counter: 1 / 20
epoch 48: loss = 9117.8248, Diff_loss = 9118.5617, preserve_loss = 0.0037, adv_loss = -0.7483, discri_loss = 0.6559, sp_cls = 0.0000
EarlyStopping counter: 2 / 20
epoch 49: loss = 9087.8788, Diff_loss = 9088.6177, preserve_loss = 0.0037, adv_loss = -0.7473, discri_loss = 0.6562, sp_cls = 0.0000
Validation loss decreased (9138.909912 --> 9131.417480).  Saving model ...
epoch 50: loss = 9066.4040, Diff_loss = 9067.1398, preserve_loss = 0.0036, adv_loss = -0.7439, discri_loss = 0.6569, sp_cls = 0.0000
inference: loss = 8803.3557, Diff_loss = 8804.1677, preserve_loss = 0.0023, adv_loss = -0.6853
All results recorded in adata.
EarlyStopping counter: 1 / 20
epoch 51: loss = 9036.5245, Diff_loss = 9037.2744, preserve_loss = 0.0035, adv_loss = -0.7441, discri_loss = 0.6607, sp_cls = 0.0000
Validation loss decreased (9131.417480 --> 9131.267285).  Saving model ...
epoch 52: loss = 9064.3759, Diff_loss = 9065.1328, preserve_loss = 0.0035, adv_loss = -0.7413, discri_loss = 0.6493, sp_cls = 0.0000
Validation loss decreased (9131.267285 --> 9105.038623).  Saving model ...
epoch 53: loss = 9128.7366, Diff_loss = 9129.4797, preserve_loss = 0.0035, adv_loss = -0.7385, discri_loss = 0.6469, sp_cls = 0.0000
Validation loss decreased (9105.038623 --> 9097.366064).  Saving model ...
epoch 54: loss = 9084.9474, Diff_loss = 9085.6858, preserve_loss = 0.0035, adv_loss = -0.7322, discri_loss = 0.6412, sp_cls = 0.0000
EarlyStopping counter: 1 / 20
epoch 55: loss = 9070.1826, Diff_loss = 9070.9123, preserve_loss = 0.0035, adv_loss = -0.7284, discri_loss = 0.6333, sp_cls = 0.0000
Validation loss decreased (9097.366064 --> 9094.741162).  Saving model ...
epoch 56: loss = 9059.1212, Diff_loss = 9059.8623, preserve_loss = 0.0034, adv_loss = -0.7294, discri_loss = 0.6356, sp_cls = 0.0000
EarlyStopping counter: 1 / 20
epoch 57: loss = 9035.3900, Diff_loss = 9036.1297, preserve_loss = 0.0034, adv_loss = -0.7268, discri_loss = 0.6366, sp_cls = 0.0000
EarlyStopping counter: 2 / 20
epoch 58: loss = 9048.5595, Diff_loss = 9049.2905, preserve_loss = 0.0034, adv_loss = -0.7225, discri_loss = 0.6318, sp_cls = 0.0000
EarlyStopping counter: 3 / 20
epoch 59: loss = 9002.6164, Diff_loss = 9003.3432, preserve_loss = 0.0034, adv_loss = -0.7174, discri_loss = 0.6227, sp_cls = 0.0000
EarlyStopping counter: 4 / 20
epoch 60: loss = 9034.6156, Diff_loss = 9035.3364, preserve_loss = 0.0034, adv_loss = -0.7168, discri_loss = 0.6241, sp_cls = 0.0000
inference: loss = 8752.5662, Diff_loss = 8753.3326, preserve_loss = 0.0023, adv_loss = -0.6495
All results recorded in adata.
EarlyStopping counter: 5 / 20
epoch 61: loss = 9032.6651, Diff_loss = 9033.3969, preserve_loss = 0.0033, adv_loss = -0.7124, discri_loss = 0.6159, sp_cls = 0.0000
EarlyStopping counter: 6 / 20
epoch 62: loss = 9051.0964, Diff_loss = 9051.8233, preserve_loss = 0.0033, adv_loss = -0.7111, discri_loss = 0.6207, sp_cls = 0.0000
EarlyStopping counter: 7 / 20
epoch 63: loss = 9078.5380, Diff_loss = 9079.2533, preserve_loss = 0.0033, adv_loss = -0.7058, discri_loss = 0.6132, sp_cls = 0.0000
EarlyStopping counter: 8 / 20
epoch 64: loss = 9056.6171, Diff_loss = 9057.3293, preserve_loss = 0.0033, adv_loss = -0.7016, discri_loss = 0.6051, sp_cls = 0.0000
Validation loss decreased (9094.741162 --> 9081.451172).  Saving model ...
epoch 65: loss = 9061.7082, Diff_loss = 9062.4152, preserve_loss = 0.0033, adv_loss = -0.6990, discri_loss = 0.6146, sp_cls = 0.0000
EarlyStopping counter: 1 / 20
epoch 66: loss = 8884.2625, Diff_loss = 8884.9811, preserve_loss = 0.0032, adv_loss = -0.6985, discri_loss = 0.6060, sp_cls = 0.0000
EarlyStopping counter: 2 / 20
epoch 67: loss = 9027.1177, Diff_loss = 9027.8257, preserve_loss = 0.0032, adv_loss = -0.6945, discri_loss = 0.6014, sp_cls = 0.0000
EarlyStopping counter: 3 / 20
epoch 68: loss = 9107.0085, Diff_loss = 9107.7050, preserve_loss = 0.0033, adv_loss = -0.6931, discri_loss = 0.6035, sp_cls = 0.0000
EarlyStopping counter: 4 / 20
epoch 69: loss = 8959.4548, Diff_loss = 8960.1599, preserve_loss = 0.0032, adv_loss = -0.6900, discri_loss = 0.5999, sp_cls = 0.0000
EarlyStopping counter: 5 / 20
epoch 70: loss = 9065.4052, Diff_loss = 9066.0929, preserve_loss = 0.0033, adv_loss = -0.6869, discri_loss = 0.6016, sp_cls = 0.0000
inference: loss = 8739.2196, Diff_loss = 8739.9599, preserve_loss = 0.0021, adv_loss = -0.6228
All results recorded in adata.
Validation loss decreased (9081.451172 --> 9079.908301).  Saving model ...
epoch 71: loss = 8966.0493, Diff_loss = 8966.7434, preserve_loss = 0.0033, adv_loss = -0.6864, discri_loss = 0.5929, sp_cls = 0.0000
EarlyStopping counter: 1 / 20
epoch 72: loss = 8923.0529, Diff_loss = 8923.7375, preserve_loss = 0.0033, adv_loss = -0.6816, discri_loss = 0.5876, sp_cls = 0.0000
EarlyStopping counter: 2 / 20
epoch 73: loss = 8998.9813, Diff_loss = 8999.6486, preserve_loss = 0.0033, adv_loss = -0.6770, discri_loss = 0.5835, sp_cls = 0.0000
EarlyStopping counter: 3 / 20
epoch 74: loss = 9066.6320, Diff_loss = 9067.3067, preserve_loss = 0.0033, adv_loss = -0.6764, discri_loss = 0.5880, sp_cls = 0.0000
EarlyStopping counter: 4 / 20
epoch 75: loss = 9008.6244, Diff_loss = 9009.3104, preserve_loss = 0.0032, adv_loss = -0.6769, discri_loss = 0.5858, sp_cls = 0.0000
EarlyStopping counter: 5 / 20
epoch 76: loss = 9097.6216, Diff_loss = 9098.2935, preserve_loss = 0.0032, adv_loss = -0.6721, discri_loss = 0.5789, sp_cls = 0.0000
EarlyStopping counter: 6 / 20
epoch 77: loss = 9002.3732, Diff_loss = 9003.0529, preserve_loss = 0.0032, adv_loss = -0.6723, discri_loss = 0.5829, sp_cls = 0.0000
EarlyStopping counter: 7 / 20
epoch 78: loss = 9004.1667, Diff_loss = 9004.8381, preserve_loss = 0.0033, adv_loss = -0.6728, discri_loss = 0.5806, sp_cls = 0.0001
EarlyStopping counter: 8 / 20
epoch 79: loss = 8966.9117, Diff_loss = 8967.5881, preserve_loss = 0.0032, adv_loss = -0.6684, discri_loss = 0.5780, sp_cls = 0.0000
EarlyStopping counter: 9 / 20
epoch 80: loss = 8998.8819, Diff_loss = 8999.5567, preserve_loss = 0.0032, adv_loss = -0.6678, discri_loss = 0.5818, sp_cls = 0.0000
inference: loss = 8747.1460, Diff_loss = 8747.8277, preserve_loss = 0.0021, adv_loss = -0.5879
All results recorded in adata.
Validation loss decreased (9079.908301 --> 9062.247314).  Saving model ...
epoch 81: loss = 9031.3396, Diff_loss = 9031.9939, preserve_loss = 0.0033, adv_loss = -0.6630, discri_loss = 0.5794, sp_cls = 0.0000
EarlyStopping counter: 1 / 20
epoch 82: loss = 9055.9511, Diff_loss = 9056.6235, preserve_loss = 0.0031, adv_loss = -0.6629, discri_loss = 0.5835, sp_cls = 0.0000
EarlyStopping counter: 2 / 20
epoch 83: loss = 9123.6988, Diff_loss = 9124.3735, preserve_loss = 0.0031, adv_loss = -0.6601, discri_loss = 0.5729, sp_cls = 0.0000
EarlyStopping counter: 3 / 20
epoch 84: loss = 9105.0404, Diff_loss = 9105.6995, preserve_loss = 0.0032, adv_loss = -0.6596, discri_loss = 0.5742, sp_cls = 0.0000
EarlyStopping counter: 4 / 20
epoch 85: loss = 9062.0246, Diff_loss = 9062.6949, preserve_loss = 0.0031, adv_loss = -0.6634, discri_loss = 0.5853, sp_cls = 0.0000
EarlyStopping counter: 5 / 20
epoch 86: loss = 9008.5870, Diff_loss = 9009.2505, preserve_loss = 0.0032, adv_loss = -0.6600, discri_loss = 0.5856, sp_cls = 0.0000
EarlyStopping counter: 6 / 20
epoch 87: loss = 9039.5584, Diff_loss = 9040.2323, preserve_loss = 0.0031, adv_loss = -0.6603, discri_loss = 0.5798, sp_cls = 0.0000
EarlyStopping counter: 7 / 20
epoch 88: loss = 9026.4796, Diff_loss = 9027.1304, preserve_loss = 0.0032, adv_loss = -0.6581, discri_loss = 0.5822, sp_cls = 0.0000
EarlyStopping counter: 8 / 20
epoch 89: loss = 9067.6841, Diff_loss = 9068.3385, preserve_loss = 0.0032, adv_loss = -0.6568, discri_loss = 0.5767, sp_cls = 0.0001
EarlyStopping counter: 9 / 20
epoch 90: loss = 9013.3425, Diff_loss = 9013.9958, preserve_loss = 0.0032, adv_loss = -0.6609, discri_loss = 0.5876, sp_cls = 0.0000
inference: loss = 8763.4881, Diff_loss = 8764.1789, preserve_loss = 0.0019, adv_loss = -0.5786
All results recorded in adata.
EarlyStopping counter: 10 / 20
epoch 91: loss = 9009.3301, Diff_loss = 9009.9926, preserve_loss = 0.0032, adv_loss = -0.6638, discri_loss = 0.5872, sp_cls = 0.0000
EarlyStopping counter: 11 / 20
epoch 92: loss = 9018.5964, Diff_loss = 9019.2311, preserve_loss = 0.0034, adv_loss = -0.6582, discri_loss = 0.5806, sp_cls = 0.0000
EarlyStopping counter: 12 / 20
epoch 93: loss = 9062.9845, Diff_loss = 9063.6136, preserve_loss = 0.0035, adv_loss = -0.6631, discri_loss = 0.5883, sp_cls = 0.0000
EarlyStopping counter: 13 / 20
epoch 94: loss = 9142.0659, Diff_loss = 9142.6880, preserve_loss = 0.0035, adv_loss = -0.6607, discri_loss = 0.5858, sp_cls = 0.0000
EarlyStopping counter: 14 / 20
epoch 95: loss = 9036.8819, Diff_loss = 9037.4943, preserve_loss = 0.0036, adv_loss = -0.6611, discri_loss = 0.5881, sp_cls = 0.0000
EarlyStopping counter: 15 / 20
epoch 96: loss = 9150.2795, Diff_loss = 9150.9007, preserve_loss = 0.0035, adv_loss = -0.6637, discri_loss = 0.5800, sp_cls = 0.0000
EarlyStopping counter: 16 / 20
epoch 97: loss = 9066.2126, Diff_loss = 9066.8121, preserve_loss = 0.0036, adv_loss = -0.6604, discri_loss = 0.5819, sp_cls = 0.0000
EarlyStopping counter: 17 / 20
epoch 98: loss = 9047.5942, Diff_loss = 9048.1969, preserve_loss = 0.0036, adv_loss = -0.6615, discri_loss = 0.5868, sp_cls = 0.0000
EarlyStopping counter: 18 / 20
epoch 99: loss = 9063.3417, Diff_loss = 9063.9191, preserve_loss = 0.0038, adv_loss = -0.6570, discri_loss = 0.5731, sp_cls = 0.0000
EarlyStopping counter: 19 / 20
epoch 100: loss = 9034.1481, Diff_loss = 9034.7233, preserve_loss = 0.0038, adv_loss = -0.6610, discri_loss = 0.5883, sp_cls = 0.0000
inference: loss = 8803.4765, Diff_loss = 8804.0837, preserve_loss = 0.0024, adv_loss = -0.5618
All results recorded in adata.
EarlyStopping counter: 20 / 20
Early stopping at epoch 100
Training finished!
inference: loss = 8754.0157, Diff_loss = 8754.6974, preserve_loss = 0.0021, adv_loss = -0.5879
All results recorded in adata.
>>> Trial 42 score=0.5420
    [Bio] NMI=0.5287, ARI=0.4481, label_ASW=0.5351, cLISI=0.9477, iso_ASW=0.5277, iso_F1=0.6391
    [Batch] sil=0.9740, iLISI=0.2843, kBET=0.0674, PCR=0.0000
    [Modality] sil=0.9981, iLISI=0.3367, kBET=0.2064, PCR=0.7142, graph_conn=0.9393
[I 2026-02-11 21:35:43,399] Trial 42 finished with value: 0.5420136795430532 and parameters: {'gamma': 132.40726710713074, 'lambda_adv': 1.6387057033995573, 'lr': 0.0004741898394393326, 'dropout_rate': 0.20024073706605877, 'latent_dim': 64, 'lambda_sp_cls': 0.2596703977110947, 'batch_size': 256}. Best is trial 15 with value: 0.5537243471958723.

============================================================
Trial 43: gamma=119.508, lambda_adv=2.493, lambda_sp_cls=0.206, lr=0.00035, dropout=0.20, latent_dim=64, denoise_hidden=512, batch_size=256
============================================================
using cuda
Training start!
epoch 1: loss = 19285.6915, Diff_loss = 15523.2885, preserve_loss = 31.4819, adv_loss = 0.0000, discri_loss = 0.0000, sp_cls = 0.2725
epoch 2: loss = 12943.2453, Diff_loss = 12916.4642, preserve_loss = 0.2241, adv_loss = 0.0000, discri_loss = 0.0000, sp_cls = 0.0203
epoch 3: loss = 12494.3237, Diff_loss = 12482.3951, preserve_loss = 0.0998, adv_loss = 0.0000, discri_loss = 0.0000, sp_cls = 0.0063
epoch 4: loss = 12539.1387, Diff_loss = 12532.1581, preserve_loss = 0.0584, adv_loss = 0.0000, discri_loss = 0.0000, sp_cls = 0.0030
epoch 5: loss = 12180.9842, Diff_loss = 12176.3020, preserve_loss = 0.0392, adv_loss = 0.0000, discri_loss = 0.0000, sp_cls = 0.0016
epoch 6: loss = 12095.8030, Diff_loss = 12092.5368, preserve_loss = 0.0273, adv_loss = 0.0000, discri_loss = 0.0000, sp_cls = 0.0009
epoch 7: loss = 11887.4145, Diff_loss = 11884.9291, preserve_loss = 0.0208, adv_loss = 0.0000, discri_loss = 0.0000, sp_cls = 0.0005
epoch 8: loss = 11787.7959, Diff_loss = 11785.8553, preserve_loss = 0.0162, adv_loss = 0.0000, discri_loss = 0.0000, sp_cls = 0.0003
epoch 9: loss = 11690.3636, Diff_loss = 11688.8328, preserve_loss = 0.0128, adv_loss = 0.0000, discri_loss = 0.0000, sp_cls = 0.0002
epoch 10: loss = 11580.4317, Diff_loss = 11579.2335, preserve_loss = 0.0100, adv_loss = 0.0000, discri_loss = 0.0000, sp_cls = 0.0002
epoch 11: loss = 11388.7851, Diff_loss = 11390.5277, preserve_loss = 0.0077, adv_loss = -1.0681, discri_loss = 1.0777, sp_cls = 0.0001
Validation loss decreased (inf --> 10980.487354).  Saving model ...
epoch 12: loss = 11250.7700, Diff_loss = 11252.7746, preserve_loss = 0.0051, adv_loss = -1.0483, discri_loss = 0.9231, sp_cls = 0.0000
Validation loss decreased (10980.487354 --> 10730.759473).  Saving model ...
epoch 13: loss = 11012.3526, Diff_loss = 11014.4173, preserve_loss = 0.0039, adv_loss = -1.0143, discri_loss = 0.8253, sp_cls = 0.0000
Validation loss decreased (10730.759473 --> 10539.270361).  Saving model ...
epoch 14: loss = 10796.4520, Diff_loss = 10798.4857, preserve_loss = 0.0033, adv_loss = -0.9718, discri_loss = 0.7512, sp_cls = 0.0000
Validation loss decreased (10539.270361 --> 10384.631494).  Saving model ...
epoch 15: loss = 10533.6727, Diff_loss = 10535.6727, preserve_loss = 0.0027, adv_loss = -0.9330, discri_loss = 0.7105, sp_cls = 0.0000
Validation loss decreased (10384.631494 --> 10216.597607).  Saving model ...
epoch 16: loss = 10412.2349, Diff_loss = 10414.1116, preserve_loss = 0.0030, adv_loss = -0.8945, discri_loss = 0.6698, sp_cls = 0.0000
Validation loss decreased (10216.597607 --> 10100.619238).  Saving model ...
epoch 17: loss = 10259.7724, Diff_loss = 10261.6617, preserve_loss = 0.0021, adv_loss = -0.8562, discri_loss = 0.6420, sp_cls = 0.0000
Validation loss decreased (10100.619238 --> 9980.022803).  Saving model ...
epoch 18: loss = 10177.9592, Diff_loss = 10179.7423, preserve_loss = 0.0023, adv_loss = -0.8266, discri_loss = 0.6279, sp_cls = 0.0000
Validation loss decreased (9980.022803 --> 9898.126172).  Saving model ...
epoch 19: loss = 10104.3173, Diff_loss = 10105.9905, preserve_loss = 0.0026, adv_loss = -0.7973, discri_loss = 0.6129, sp_cls = 0.0000
Validation loss decreased (9898.126172 --> 9779.007715).  Saving model ...
epoch 20: loss = 9917.8163, Diff_loss = 9919.4506, preserve_loss = 0.0026, adv_loss = -0.7815, discri_loss = 0.6140, sp_cls = 0.0000
Validation loss decreased (9779.007715 --> 9707.536230).  Saving model ...
epoch 21: loss = 9991.3196, Diff_loss = 9992.8501, preserve_loss = 0.0031, adv_loss = -0.7616, discri_loss = 0.6039, sp_cls = 0.0000
Validation loss decreased (9707.536230 --> 9641.724121).  Saving model ...
epoch 22: loss = 9834.4643, Diff_loss = 9835.9057, preserve_loss = 0.0037, adv_loss = -0.7535, discri_loss = 0.6090, sp_cls = 0.0000
Validation loss decreased (9641.724121 --> 9590.801367).  Saving model ...
epoch 23: loss = 9691.8085, Diff_loss = 9693.1873, preserve_loss = 0.0039, adv_loss = -0.7381, discri_loss = 0.6049, sp_cls = 0.0000
Validation loss decreased (9590.801367 --> 9554.792529).  Saving model ...
epoch 24: loss = 9656.4584, Diff_loss = 9657.7986, preserve_loss = 0.0040, adv_loss = -0.7296, discri_loss = 0.5997, sp_cls = 0.0000
Validation loss decreased (9554.792529 --> 9494.065186).  Saving model ...
epoch 25: loss = 9675.2757, Diff_loss = 9676.5635, preserve_loss = 0.0043, adv_loss = -0.7229, discri_loss = 0.5935, sp_cls = 0.0000
Validation loss decreased (9494.065186 --> 9429.916455).  Saving model ...
epoch 26: loss = 9599.3480, Diff_loss = 9600.6265, preserve_loss = 0.0042, adv_loss = -0.7128, discri_loss = 0.5943, sp_cls = 0.0000
Validation loss decreased (9429.916455 --> 9417.390332).  Saving model ...
epoch 27: loss = 9549.8426, Diff_loss = 9550.9205, preserve_loss = 0.0058, adv_loss = -0.7083, discri_loss = 0.5910, sp_cls = 0.0000
Validation loss decreased (9417.390332 --> 9393.837207).  Saving model ...
epoch 28: loss = 9481.5483, Diff_loss = 9482.8084, preserve_loss = 0.0042, adv_loss = -0.7046, discri_loss = 0.5972, sp_cls = 0.0000
Validation loss decreased (9393.837207 --> 9350.570361).  Saving model ...
epoch 29: loss = 9507.8334, Diff_loss = 9509.0580, preserve_loss = 0.0043, adv_loss = -0.6952, discri_loss = 0.5863, sp_cls = 0.0000
Validation loss decreased (9350.570361 --> 9323.851416).  Saving model ...
epoch 30: loss = 9443.8529, Diff_loss = 9445.0793, preserve_loss = 0.0043, adv_loss = -0.6961, discri_loss = 0.5944, sp_cls = 0.0000
EarlyStopping counter: 1 / 20
epoch 31: loss = 9434.8383, Diff_loss = 9436.1024, preserve_loss = 0.0039, adv_loss = -0.6957, discri_loss = 0.5951, sp_cls = 0.0000
Validation loss decreased (9323.851416 --> 9290.442480).  Saving model ...
epoch 32: loss = 9402.9529, Diff_loss = 9404.1684, preserve_loss = 0.0042, adv_loss = -0.6900, discri_loss = 0.5892, sp_cls = 0.0000
EarlyStopping counter: 1 / 20
epoch 33: loss = 9403.0838, Diff_loss = 9404.2973, preserve_loss = 0.0042, adv_loss = -0.6892, discri_loss = 0.5886, sp_cls = 0.0000
Validation loss decreased (9290.442480 --> 9214.930908).  Saving model ...
epoch 34: loss = 9236.9532, Diff_loss = 9238.2068, preserve_loss = 0.0039, adv_loss = -0.6875, discri_loss = 0.5898, sp_cls = 0.0000
EarlyStopping counter: 1 / 20
epoch 35: loss = 9287.2400, Diff_loss = 9288.4884, preserve_loss = 0.0039, adv_loss = -0.6864, discri_loss = 0.5921, sp_cls = 0.0000
EarlyStopping counter: 2 / 20
epoch 36: loss = 9257.0533, Diff_loss = 9258.2897, preserve_loss = 0.0040, adv_loss = -0.6862, discri_loss = 0.5952, sp_cls = 0.0000
Validation loss decreased (9214.930908 --> 9209.259570).  Saving model ...
epoch 37: loss = 9258.0023, Diff_loss = 9259.2329, preserve_loss = 0.0039, adv_loss = -0.6809, discri_loss = 0.5944, sp_cls = 0.0000
Validation loss decreased (9209.259570 --> 9191.351416).  Saving model ...
epoch 38: loss = 9218.1493, Diff_loss = 9219.3801, preserve_loss = 0.0040, adv_loss = -0.6848, discri_loss = 0.5948, sp_cls = 0.0000
Validation loss decreased (9191.351416 --> 9159.174854).  Saving model ...
epoch 39: loss = 9185.2250, Diff_loss = 9186.4478, preserve_loss = 0.0039, adv_loss = -0.6789, discri_loss = 0.5823, sp_cls = 0.0000
EarlyStopping counter: 1 / 20
epoch 40: loss = 9118.6842, Diff_loss = 9119.8696, preserve_loss = 0.0042, adv_loss = -0.6786, discri_loss = 0.5909, sp_cls = 0.0002
inference: loss = 8912.7432, Diff_loss = 8913.9308, preserve_loss = 0.0027, adv_loss = -0.6048
All results recorded in adata.
[I 2026-02-11 21:44:50,045] Trial 43 pruned. 

============================================================
Trial 44: gamma=139.147, lambda_adv=1.680, lambda_sp_cls=0.303, lr=0.00047, dropout=0.18, latent_dim=64, denoise_hidden=512, batch_size=256
============================================================
using cuda
Training start!
epoch 1: loss = 18278.4157, Diff_loss = 14907.4799, preserve_loss = 24.2251, adv_loss = 0.0000, discri_loss = 0.0000, sp_cls = 0.2462
epoch 2: loss = 12903.9086, Diff_loss = 12887.4510, preserve_loss = 0.1183, adv_loss = 0.0000, discri_loss = 0.0000, sp_cls = 0.0086
epoch 3: loss = 12543.4493, Diff_loss = 12536.0940, preserve_loss = 0.0529, adv_loss = 0.0000, discri_loss = 0.0000, sp_cls = 0.0031
epoch 4: loss = 12331.1725, Diff_loss = 12326.8920, preserve_loss = 0.0308, adv_loss = 0.0000, discri_loss = 0.0000, sp_cls = 0.0016
epoch 5: loss = 12013.4147, Diff_loss = 12010.5789, preserve_loss = 0.0204, adv_loss = 0.0000, discri_loss = 0.0000, sp_cls = 0.0009
epoch 6: loss = 11787.6405, Diff_loss = 11785.6792, preserve_loss = 0.0141, adv_loss = 0.0000, discri_loss = 0.0000, sp_cls = 0.0006
epoch 7: loss = 11801.7151, Diff_loss = 11800.2173, preserve_loss = 0.0108, adv_loss = 0.0000, discri_loss = 0.0000, sp_cls = 0.0004
epoch 8: loss = 11531.2219, Diff_loss = 11530.0547, preserve_loss = 0.0084, adv_loss = 0.0000, discri_loss = 0.0000, sp_cls = 0.0002
epoch 9: loss = 11402.9971, Diff_loss = 11402.0317, preserve_loss = 0.0069, adv_loss = 0.0000, discri_loss = 0.0000, sp_cls = 0.0002
epoch 10: loss = 11416.6653, Diff_loss = 11415.8231, preserve_loss = 0.0061, adv_loss = 0.0000, discri_loss = 0.0000, sp_cls = 0.0001
epoch 11: loss = 11180.8339, Diff_loss = 11181.7894, preserve_loss = 0.0060, adv_loss = -1.0651, discri_loss = 1.0327, sp_cls = 0.0001
Validation loss decreased (inf --> 10725.104590).  Saving model ...
epoch 12: loss = 10860.5883, Diff_loss = 10861.4673, preserve_loss = 0.0060, adv_loss = -1.0236, discri_loss = 0.8876, sp_cls = 0.0001
Validation loss decreased (10725.104590 --> 10509.761475).  Saving model ...
epoch 13: loss = 10725.2527, Diff_loss = 10726.0190, preserve_loss = 0.0062, adv_loss = -0.9712, discri_loss = 0.7998, sp_cls = 0.0001
Validation loss decreased (10509.761475 --> 10285.986523).  Saving model ...
epoch 14: loss = 10463.8696, Diff_loss = 10464.6126, preserve_loss = 0.0058, adv_loss = -0.9212, discri_loss = 0.7590, sp_cls = 0.0002
Validation loss decreased (10285.986523 --> 10152.890039).  Saving model ...
epoch 15: loss = 10261.8970, Diff_loss = 10262.7672, preserve_loss = 0.0044, adv_loss = -0.8803, discri_loss = 0.7311, sp_cls = 0.0001
Validation loss decreased (10152.890039 --> 10008.456787).  Saving model ...
epoch 16: loss = 10227.1043, Diff_loss = 10227.9816, preserve_loss = 0.0039, adv_loss = -0.8456, discri_loss = 0.7083, sp_cls = 0.0001
Validation loss decreased (10008.456787 --> 9916.920703).  Saving model ...
epoch 17: loss = 10125.5508, Diff_loss = 10126.4614, preserve_loss = 0.0034, adv_loss = -0.8248, discri_loss = 0.6989, sp_cls = 0.0001
Validation loss decreased (9916.920703 --> 9821.299951).  Saving model ...
epoch 18: loss = 9896.0269, Diff_loss = 9896.9448, preserve_loss = 0.0032, adv_loss = -0.8130, discri_loss = 0.7101, sp_cls = 0.0000
Validation loss decreased (9821.299951 --> 9747.847852).  Saving model ...
epoch 19: loss = 9791.0137, Diff_loss = 9791.9628, preserve_loss = 0.0029, adv_loss = -0.8073, discri_loss = 0.7017, sp_cls = 0.0000
Validation loss decreased (9747.847852 --> 9657.674170).  Saving model ...
epoch 20: loss = 9827.1045, Diff_loss = 9828.0536, preserve_loss = 0.0029, adv_loss = -0.8036, discri_loss = 0.7097, sp_cls = 0.0000
Validation loss decreased (9657.674170 --> 9604.668213).  Saving model ...
epoch 21: loss = 9706.7231, Diff_loss = 9707.6871, preserve_loss = 0.0028, adv_loss = -0.8056, discri_loss = 0.7171, sp_cls = 0.0000
Validation loss decreased (9604.668213 --> 9543.782617).  Saving model ...
epoch 22: loss = 9580.3288, Diff_loss = 9581.2958, preserve_loss = 0.0027, adv_loss = -0.7989, discri_loss = 0.7033, sp_cls = 0.0000
Validation loss decreased (9543.782617 --> 9500.446631).  Saving model ...
epoch 23: loss = 9567.1601, Diff_loss = 9568.1381, preserve_loss = 0.0025, adv_loss = -0.7925, discri_loss = 0.7019, sp_cls = 0.0000
Validation loss decreased (9500.446631 --> 9479.993115).  Saving model ...
epoch 24: loss = 9583.2522, Diff_loss = 9584.2089, preserve_loss = 0.0026, adv_loss = -0.7859, discri_loss = 0.6912, sp_cls = 0.0000
Validation loss decreased (9479.993115 --> 9440.338281).  Saving model ...
epoch 25: loss = 9615.1606, Diff_loss = 9616.0916, preserve_loss = 0.0028, adv_loss = -0.7826, discri_loss = 0.6954, sp_cls = 0.0000
Validation loss decreased (9440.338281 --> 9399.008203).  Saving model ...
epoch 26: loss = 9560.5971, Diff_loss = 9561.4847, preserve_loss = 0.0030, adv_loss = -0.7782, discri_loss = 0.6872, sp_cls = 0.0000
Validation loss decreased (9399.008203 --> 9357.277100).  Saving model ...
epoch 27: loss = 9505.0440, Diff_loss = 9505.9559, preserve_loss = 0.0029, adv_loss = -0.7825, discri_loss = 0.6943, sp_cls = 0.0000
EarlyStopping counter: 1 / 20
epoch 28: loss = 9395.8083, Diff_loss = 9396.6986, preserve_loss = 0.0030, adv_loss = -0.7799, discri_loss = 0.6827, sp_cls = 0.0000
Validation loss decreased (9357.277100 --> 9339.539844).  Saving model ...
epoch 29: loss = 9385.2845, Diff_loss = 9386.1494, preserve_loss = 0.0031, adv_loss = -0.7742, discri_loss = 0.6928, sp_cls = 0.0000
Validation loss decreased (9339.539844 --> 9312.931641).  Saving model ...
epoch 30: loss = 9381.8040, Diff_loss = 9382.6375, preserve_loss = 0.0033, adv_loss = -0.7725, discri_loss = 0.6771, sp_cls = 0.0000
Validation loss decreased (9312.931641 --> 9266.665479).  Saving model ...
epoch 31: loss = 9351.8994, Diff_loss = 9352.7170, preserve_loss = 0.0034, adv_loss = -0.7710, discri_loss = 0.6805, sp_cls = 0.0000
Validation loss decreased (9266.665479 --> 9263.614600).  Saving model ...
epoch 32: loss = 9261.8172, Diff_loss = 9262.5718, preserve_loss = 0.0039, adv_loss = -0.7694, discri_loss = 0.6725, sp_cls = 0.0000
EarlyStopping counter: 1 / 20
epoch 33: loss = 9261.7681, Diff_loss = 9262.4544, preserve_loss = 0.0043, adv_loss = -0.7635, discri_loss = 0.6657, sp_cls = 0.0000
Validation loss decreased (9263.614600 --> 9230.091260).  Saving model ...
epoch 34: loss = 9199.2685, Diff_loss = 9199.9376, preserve_loss = 0.0045, adv_loss = -0.7677, discri_loss = 0.6741, sp_cls = 0.0000
Validation loss decreased (9230.091260 --> 9223.394727).  Saving model ...
epoch 35: loss = 9238.1810, Diff_loss = 9238.8286, preserve_loss = 0.0046, adv_loss = -0.7645, discri_loss = 0.6736, sp_cls = 0.0000
EarlyStopping counter: 1 / 20
epoch 36: loss = 9214.8712, Diff_loss = 9215.5033, preserve_loss = 0.0046, adv_loss = -0.7574, discri_loss = 0.6624, sp_cls = 0.0000
Validation loss decreased (9223.394727 --> 9183.426025).  Saving model ...
epoch 37: loss = 9225.2148, Diff_loss = 9225.8652, preserve_loss = 0.0044, adv_loss = -0.7550, discri_loss = 0.6579, sp_cls = 0.0000
Validation loss decreased (9183.426025 --> 9175.375488).  Saving model ...
epoch 38: loss = 9174.4770, Diff_loss = 9175.1468, preserve_loss = 0.0043, adv_loss = -0.7544, discri_loss = 0.6600, sp_cls = 0.0000
Validation loss decreased (9175.375488 --> 9164.584668).  Saving model ...
epoch 39: loss = 9193.5735, Diff_loss = 9194.2377, preserve_loss = 0.0043, adv_loss = -0.7504, discri_loss = 0.6528, sp_cls = 0.0000
EarlyStopping counter: 1 / 20
epoch 40: loss = 9229.1887, Diff_loss = 9229.8445, preserve_loss = 0.0044, adv_loss = -0.7534, discri_loss = 0.6590, sp_cls = 0.0000
inference: loss = 8883.0468, Diff_loss = 8883.8788, preserve_loss = 0.0023, adv_loss = -0.6895
All results recorded in adata.
EarlyStopping counter: 2 / 20
epoch 41: loss = 9185.8879, Diff_loss = 9186.5602, preserve_loss = 0.0042, adv_loss = -0.7452, discri_loss = 0.6519, sp_cls = 0.0000
Validation loss decreased (9164.584668 --> 9143.952490).  Saving model ...
epoch 42: loss = 9213.2381, Diff_loss = 9213.9271, preserve_loss = 0.0040, adv_loss = -0.7438, discri_loss = 0.6483, sp_cls = 0.0000
EarlyStopping counter: 1 / 20
epoch 43: loss = 9112.5556, Diff_loss = 9113.2450, preserve_loss = 0.0040, adv_loss = -0.7425, discri_loss = 0.6510, sp_cls = 0.0000
Validation loss decreased (9143.952490 --> 9132.267480).  Saving model ...
epoch 44: loss = 9140.9456, Diff_loss = 9141.6438, preserve_loss = 0.0039, adv_loss = -0.7428, discri_loss = 0.6476, sp_cls = 0.0000
Validation loss decreased (9132.267480 --> 9080.488623).  Saving model ...
epoch 45: loss = 9084.4676, Diff_loss = 9085.1524, preserve_loss = 0.0040, adv_loss = -0.7374, discri_loss = 0.6484, sp_cls = 0.0000
EarlyStopping counter: 1 / 20
epoch 46: loss = 9020.7247, Diff_loss = 9021.4315, preserve_loss = 0.0038, adv_loss = -0.7359, discri_loss = 0.6403, sp_cls = 0.0000
EarlyStopping counter: 2 / 20
epoch 47: loss = 9019.4724, Diff_loss = 9020.1944, preserve_loss = 0.0037, adv_loss = -0.7350, discri_loss = 0.6453, sp_cls = 0.0000
EarlyStopping counter: 3 / 20
epoch 48: loss = 9042.7473, Diff_loss = 9043.4739, preserve_loss = 0.0036, adv_loss = -0.7315, discri_loss = 0.6422, sp_cls = 0.0000
Validation loss decreased (9080.488623 --> 9066.813037).  Saving model ...
epoch 49: loss = 9020.0423, Diff_loss = 9020.7915, preserve_loss = 0.0034, adv_loss = -0.7292, discri_loss = 0.6449, sp_cls = 0.0000
EarlyStopping counter: 1 / 20
epoch 50: loss = 9061.0642, Diff_loss = 9061.8011, preserve_loss = 0.0034, adv_loss = -0.7239, discri_loss = 0.6274, sp_cls = 0.0000
inference: loss = 8750.1111, Diff_loss = 8750.9047, preserve_loss = 0.0022, adv_loss = -0.6557
All results recorded in adata.
EarlyStopping counter: 2 / 20
epoch 51: loss = 9090.4358, Diff_loss = 9091.1570, preserve_loss = 0.0035, adv_loss = -0.7201, discri_loss = 0.6281, sp_cls = 0.0000
EarlyStopping counter: 3 / 20
epoch 52: loss = 9070.0203, Diff_loss = 9070.7425, preserve_loss = 0.0035, adv_loss = -0.7178, discri_loss = 0.6247, sp_cls = 0.0000
EarlyStopping counter: 4 / 20
epoch 53: loss = 9048.0135, Diff_loss = 9048.7357, preserve_loss = 0.0035, adv_loss = -0.7175, discri_loss = 0.6230, sp_cls = 0.0000
Validation loss decreased (9066.813037 --> 9048.048437).  Saving model ...
epoch 54: loss = 9061.6228, Diff_loss = 9062.3463, preserve_loss = 0.0034, adv_loss = -0.7151, discri_loss = 0.6213, sp_cls = 0.0000
EarlyStopping counter: 1 / 20
epoch 55: loss = 9046.1793, Diff_loss = 9046.9251, preserve_loss = 0.0033, adv_loss = -0.7164, discri_loss = 0.6284, sp_cls = 0.0000
EarlyStopping counter: 2 / 20
epoch 56: loss = 9037.8789, Diff_loss = 9038.6154, preserve_loss = 0.0033, adv_loss = -0.7115, discri_loss = 0.6197, sp_cls = 0.0000
EarlyStopping counter: 3 / 20
epoch 57: loss = 8925.3622, Diff_loss = 8926.1108, preserve_loss = 0.0032, adv_loss = -0.7118, discri_loss = 0.6201, sp_cls = 0.0000
EarlyStopping counter: 4 / 20
epoch 58: loss = 9027.7098, Diff_loss = 9028.4469, preserve_loss = 0.0033, adv_loss = -0.7098, discri_loss = 0.6144, sp_cls = 0.0000
EarlyStopping counter: 5 / 20
epoch 59: loss = 8939.1782, Diff_loss = 8939.9009, preserve_loss = 0.0033, adv_loss = -0.7027, discri_loss = 0.6105, sp_cls = 0.0000
Validation loss decreased (9048.048437 --> 9043.978003).  Saving model ...
epoch 60: loss = 8998.6179, Diff_loss = 8999.3428, preserve_loss = 0.0033, adv_loss = -0.7012, discri_loss = 0.6114, sp_cls = 0.0000
inference: loss = 8697.5898, Diff_loss = 8698.3604, preserve_loss = 0.0021, adv_loss = -0.6304
All results recorded in adata.
EarlyStopping counter: 1 / 20
epoch 61: loss = 9023.9283, Diff_loss = 9024.6606, preserve_loss = 0.0032, adv_loss = -0.6992, discri_loss = 0.6071, sp_cls = 0.0000
EarlyStopping counter: 2 / 20
epoch 62: loss = 8960.4760, Diff_loss = 8961.2087, preserve_loss = 0.0031, adv_loss = -0.6947, discri_loss = 0.6019, sp_cls = 0.0000
EarlyStopping counter: 3 / 20
epoch 63: loss = 9086.3559, Diff_loss = 9087.0767, preserve_loss = 0.0032, adv_loss = -0.6942, discri_loss = 0.6059, sp_cls = 0.0000
EarlyStopping counter: 4 / 20
epoch 64: loss = 9030.1127, Diff_loss = 9030.8198, preserve_loss = 0.0033, adv_loss = -0.6915, discri_loss = 0.5933, sp_cls = 0.0000
EarlyStopping counter: 5 / 20
epoch 65: loss = 9124.3950, Diff_loss = 9125.0990, preserve_loss = 0.0032, adv_loss = -0.6855, discri_loss = 0.5909, sp_cls = 0.0000
EarlyStopping counter: 6 / 20
epoch 66: loss = 8927.1304, Diff_loss = 8927.8436, preserve_loss = 0.0032, adv_loss = -0.6881, discri_loss = 0.5963, sp_cls = 0.0000
Validation loss decreased (9043.978003 --> 9029.051782).  Saving model ...
epoch 67: loss = 8939.7994, Diff_loss = 8940.5080, preserve_loss = 0.0031, adv_loss = -0.6815, discri_loss = 0.5846, sp_cls = 0.0000
EarlyStopping counter: 1 / 20
epoch 68: loss = 9035.5282, Diff_loss = 9036.2282, preserve_loss = 0.0032, adv_loss = -0.6798, discri_loss = 0.5868, sp_cls = 0.0000
EarlyStopping counter: 2 / 20
epoch 69: loss = 9006.2386, Diff_loss = 9006.9329, preserve_loss = 0.0032, adv_loss = -0.6775, discri_loss = 0.5849, sp_cls = 0.0000
EarlyStopping counter: 3 / 20
epoch 70: loss = 9039.8609, Diff_loss = 9040.5629, preserve_loss = 0.0031, adv_loss = -0.6750, discri_loss = 0.5759, sp_cls = 0.0000
inference: loss = 8694.2193, Diff_loss = 8694.9392, preserve_loss = 0.0020, adv_loss = -0.5951
All results recorded in adata.
EarlyStopping counter: 4 / 20
epoch 71: loss = 8990.4054, Diff_loss = 8991.1064, preserve_loss = 0.0031, adv_loss = -0.6751, discri_loss = 0.5769, sp_cls = 0.0000
EarlyStopping counter: 5 / 20
epoch 72: loss = 9021.3320, Diff_loss = 9022.0133, preserve_loss = 0.0032, adv_loss = -0.6697, discri_loss = 0.5788, sp_cls = 0.0000
EarlyStopping counter: 6 / 20
epoch 73: loss = 8959.6950, Diff_loss = 8960.3872, preserve_loss = 0.0031, adv_loss = -0.6676, discri_loss = 0.5731, sp_cls = 0.0000
EarlyStopping counter: 7 / 20
epoch 74: loss = 8939.6193, Diff_loss = 8940.3143, preserve_loss = 0.0031, adv_loss = -0.6684, discri_loss = 0.5717, sp_cls = 0.0000
EarlyStopping counter: 8 / 20
epoch 75: loss = 8932.3791, Diff_loss = 8933.0635, preserve_loss = 0.0031, adv_loss = -0.6622, discri_loss = 0.5717, sp_cls = 0.0000
EarlyStopping counter: 9 / 20
epoch 76: loss = 8960.3216, Diff_loss = 8961.0150, preserve_loss = 0.0031, adv_loss = -0.6657, discri_loss = 0.5749, sp_cls = 0.0000
EarlyStopping counter: 10 / 20
epoch 77: loss = 8947.1894, Diff_loss = 8947.8694, preserve_loss = 0.0031, adv_loss = -0.6600, discri_loss = 0.5706, sp_cls = 0.0000
EarlyStopping counter: 11 / 20
epoch 78: loss = 8905.2770, Diff_loss = 8905.9633, preserve_loss = 0.0030, adv_loss = -0.6580, discri_loss = 0.5696, sp_cls = 0.0000
EarlyStopping counter: 12 / 20
epoch 79: loss = 8996.7677, Diff_loss = 8997.4308, preserve_loss = 0.0031, adv_loss = -0.6549, discri_loss = 0.5638, sp_cls = 0.0000
EarlyStopping counter: 13 / 20
epoch 80: loss = 9027.7482, Diff_loss = 9028.4377, preserve_loss = 0.0030, adv_loss = -0.6570, discri_loss = 0.5671, sp_cls = 0.0000
inference: loss = 8694.0308, Diff_loss = 8694.7101, preserve_loss = 0.0019, adv_loss = -0.5622
All results recorded in adata.
EarlyStopping counter: 14 / 20
epoch 81: loss = 9014.0051, Diff_loss = 9014.6878, preserve_loss = 0.0030, adv_loss = -0.6545, discri_loss = 0.5660, sp_cls = 0.0000
EarlyStopping counter: 15 / 20
epoch 82: loss = 8934.7338, Diff_loss = 8935.4203, preserve_loss = 0.0030, adv_loss = -0.6554, discri_loss = 0.5666, sp_cls = 0.0000
EarlyStopping counter: 16 / 20
epoch 83: loss = 8877.2285, Diff_loss = 8877.9135, preserve_loss = 0.0030, adv_loss = -0.6543, discri_loss = 0.5619, sp_cls = 0.0000
EarlyStopping counter: 17 / 20
epoch 84: loss = 8921.6956, Diff_loss = 8922.3691, preserve_loss = 0.0030, adv_loss = -0.6508, discri_loss = 0.5611, sp_cls = 0.0000
EarlyStopping counter: 18 / 20
epoch 85: loss = 9100.3324, Diff_loss = 9101.0048, preserve_loss = 0.0030, adv_loss = -0.6482, discri_loss = 0.5646, sp_cls = 0.0000
EarlyStopping counter: 19 / 20
epoch 86: loss = 8988.7516, Diff_loss = 8989.4271, preserve_loss = 0.0030, adv_loss = -0.6496, discri_loss = 0.5672, sp_cls = 0.0000
EarlyStopping counter: 20 / 20
Early stopping at epoch 86
Training finished!
inference: loss = 8690.2977, Diff_loss = 8691.0217, preserve_loss = 0.0022, adv_loss = -0.6094
All results recorded in adata.
>>> Trial 44 score=0.5456
    [Bio] NMI=0.5650, ARI=0.4543, label_ASW=0.5308, cLISI=0.9496, iso_ASW=0.5276, iso_F1=0.5840
    [Batch] sil=0.9775, iLISI=0.2949, kBET=0.0784, PCR=0.0000
    [Modality] sil=0.9985, iLISI=0.3393, kBET=0.1998, PCR=0.7455, graph_conn=0.9431
[I 2026-02-11 22:07:41,219] Trial 44 finished with value: 0.5456086295970193 and parameters: {'gamma': 139.14747246986553, 'lambda_adv': 1.6797371394096139, 'lr': 0.00047266589865615485, 'dropout_rate': 0.18407265592986982, 'latent_dim': 64, 'lambda_sp_cls': 0.30336311383158954, 'batch_size': 256}. Best is trial 15 with value: 0.5537243471958723.

============================================================
Trial 45: gamma=141.907, lambda_adv=1.609, lambda_sp_cls=0.167, lr=0.00048, dropout=0.18, latent_dim=20, denoise_hidden=512, batch_size=256
============================================================
using cuda
Training start!
epoch 1: loss = 15730.8524, Diff_loss = 14854.1032, preserve_loss = 6.1776, adv_loss = 0.0000, discri_loss = 0.0000, sp_cls = 0.6284
epoch 2: loss = 12785.5747, Diff_loss = 12779.9291, preserve_loss = 0.0397, adv_loss = 0.0000, discri_loss = 0.0000, sp_cls = 0.0770
epoch 3: loss = 12561.6170, Diff_loss = 12559.1967, preserve_loss = 0.0170, adv_loss = 0.0000, discri_loss = 0.0000, sp_cls = 0.0210
epoch 4: loss = 12410.0523, Diff_loss = 12408.7005, preserve_loss = 0.0095, adv_loss = 0.0000, discri_loss = 0.0000, sp_cls = 0.0086
epoch 5: loss = 12028.8352, Diff_loss = 12027.9540, preserve_loss = 0.0062, adv_loss = 0.0000, discri_loss = 0.0000, sp_cls = 0.0049
epoch 6: loss = 11875.7086, Diff_loss = 11875.0756, preserve_loss = 0.0045, adv_loss = 0.0000, discri_loss = 0.0000, sp_cls = 0.0030
epoch 7: loss = 11814.5651, Diff_loss = 11814.1017, preserve_loss = 0.0033, adv_loss = 0.0000, discri_loss = 0.0000, sp_cls = 0.0019
epoch 8: loss = 11679.8006, Diff_loss = 11679.4308, preserve_loss = 0.0026, adv_loss = 0.0000, discri_loss = 0.0000, sp_cls = 0.0013
epoch 9: loss = 11501.1084, Diff_loss = 11500.7998, preserve_loss = 0.0022, adv_loss = 0.0000, discri_loss = 0.0000, sp_cls = 0.0009
epoch 10: loss = 11325.5270, Diff_loss = 11324.6874, preserve_loss = 0.0059, adv_loss = 0.0000, discri_loss = 0.0000, sp_cls = 0.0008
epoch 11: loss = 11052.6281, Diff_loss = 11054.0931, preserve_loss = 0.0018, adv_loss = -1.0658, discri_loss = 1.0603, sp_cls = 0.0005
Validation loss decreased (inf --> 10780.648193).  Saving model ...
epoch 12: loss = 11027.7042, Diff_loss = 11029.1000, preserve_loss = 0.0019, adv_loss = -1.0359, discri_loss = 0.9411, sp_cls = 0.0003
Validation loss decreased (10780.648193 --> 10522.877051).  Saving model ...
epoch 13: loss = 10761.7284, Diff_loss = 10763.0531, preserve_loss = 0.0021, adv_loss = -1.0074, discri_loss = 0.8845, sp_cls = 0.0002
Validation loss decreased (10522.877051 --> 10350.234814).  Saving model ...
epoch 14: loss = 10487.7277, Diff_loss = 10489.0589, preserve_loss = 0.0016, adv_loss = -0.9723, discri_loss = 0.8307, sp_cls = 0.0002
Validation loss decreased (10350.234814 --> 10190.324121).  Saving model ...
epoch 15: loss = 10303.2519, Diff_loss = 10304.6134, preserve_loss = 0.0011, adv_loss = -0.9422, discri_loss = 0.8108, sp_cls = 0.0001
Validation loss decreased (10190.324121 --> 10043.595264).  Saving model ...
epoch 16: loss = 10161.6220, Diff_loss = 10162.6720, preserve_loss = 0.0030, adv_loss = -0.9136, discri_loss = 0.7798, sp_cls = 0.0001
Validation loss decreased (10043.595264 --> 9894.420264).  Saving model ...
epoch 17: loss = 10061.8992, Diff_loss = 10063.2371, preserve_loss = 0.0007, adv_loss = -0.8900, discri_loss = 0.7602, sp_cls = 0.0001
Validation loss decreased (9894.420264 --> 9830.668750).  Saving model ...
epoch 18: loss = 9943.4579, Diff_loss = 9944.7695, preserve_loss = 0.0006, adv_loss = -0.8698, discri_loss = 0.7569, sp_cls = 0.0001
Validation loss decreased (9830.668750 --> 9722.721094).  Saving model ...
epoch 19: loss = 9958.5914, Diff_loss = 9959.8728, preserve_loss = 0.0006, adv_loss = -0.8536, discri_loss = 0.7467, sp_cls = 0.0000
Validation loss decreased (9722.721094 --> 9662.650293).  Saving model ...
epoch 20: loss = 9836.3114, Diff_loss = 9837.5594, preserve_loss = 0.0007, adv_loss = -0.8359, discri_loss = 0.7349, sp_cls = 0.0000
Validation loss decreased (9662.650293 --> 9584.044873).  Saving model ...
epoch 21: loss = 9766.5577, Diff_loss = 9767.7464, preserve_loss = 0.0010, adv_loss = -0.8253, discri_loss = 0.7291, sp_cls = 0.0000
Validation loss decreased (9584.044873 --> 9558.344922).  Saving model ...
epoch 22: loss = 9758.5426, Diff_loss = 9759.7046, preserve_loss = 0.0011, adv_loss = -0.8170, discri_loss = 0.7263, sp_cls = 0.0000
Validation loss decreased (9558.344922 --> 9488.254443).  Saving model ...
epoch 23: loss = 9547.5326, Diff_loss = 9548.6564, preserve_loss = 0.0012, adv_loss = -0.8040, discri_loss = 0.7209, sp_cls = 0.0000
Validation loss decreased (9488.254443 --> 9462.530664).  Saving model ...
epoch 24: loss = 9535.5025, Diff_loss = 9536.5676, preserve_loss = 0.0015, adv_loss = -0.7971, discri_loss = 0.7206, sp_cls = 0.0000
Validation loss decreased (9462.530664 --> 9424.420313).  Saving model ...
epoch 25: loss = 9551.8353, Diff_loss = 9552.8313, preserve_loss = 0.0020, adv_loss = -0.7939, discri_loss = 0.7098, sp_cls = 0.0000
Validation loss decreased (9424.420313 --> 9414.452295).  Saving model ...
epoch 26: loss = 9543.3124, Diff_loss = 9544.2459, preserve_loss = 0.0024, adv_loss = -0.7876, discri_loss = 0.7138, sp_cls = 0.0000
Validation loss decreased (9414.452295 --> 9379.249219).  Saving model ...
epoch 27: loss = 9518.2227, Diff_loss = 9519.1669, preserve_loss = 0.0023, adv_loss = -0.7857, discri_loss = 0.7158, sp_cls = 0.0000
Validation loss decreased (9379.249219 --> 9375.413965).  Saving model ...
epoch 28: loss = 9425.3600, Diff_loss = 9426.2205, preserve_loss = 0.0028, adv_loss = -0.7845, discri_loss = 0.7060, sp_cls = 0.0000
Validation loss decreased (9375.413965 --> 9325.915625).  Saving model ...
epoch 29: loss = 9443.5121, Diff_loss = 9444.3555, preserve_loss = 0.0029, adv_loss = -0.7795, discri_loss = 0.7099, sp_cls = 0.0000
EarlyStopping counter: 1 / 20
epoch 30: loss = 9362.8939, Diff_loss = 9363.7081, preserve_loss = 0.0031, adv_loss = -0.7795, discri_loss = 0.7166, sp_cls = 0.0000
Validation loss decreased (9325.915625 --> 9303.574658).  Saving model ...
epoch 31: loss = 9330.8848, Diff_loss = 9331.7169, preserve_loss = 0.0030, adv_loss = -0.7812, discri_loss = 0.7207, sp_cls = 0.0000
Validation loss decreased (9303.574658 --> 9299.974316).  Saving model ...
epoch 32: loss = 9355.5956, Diff_loss = 9356.4245, preserve_loss = 0.0030, adv_loss = -0.7825, discri_loss = 0.7247, sp_cls = 0.0000
Validation loss decreased (9299.974316 --> 9297.396045).  Saving model ...
epoch 33: loss = 9392.5965, Diff_loss = 9393.3946, preserve_loss = 0.0032, adv_loss = -0.7815, discri_loss = 0.7249, sp_cls = 0.0000
Validation loss decreased (9297.396045 --> 9237.964600).  Saving model ...
epoch 34: loss = 9351.1815, Diff_loss = 9351.9685, preserve_loss = 0.0033, adv_loss = -0.7826, discri_loss = 0.7158, sp_cls = 0.0000
EarlyStopping counter: 1 / 20
epoch 35: loss = 9260.3891, Diff_loss = 9261.1826, preserve_loss = 0.0033, adv_loss = -0.7817, discri_loss = 0.7160, sp_cls = 0.0000
Validation loss decreased (9237.964600 --> 9220.600732).  Saving model ...
epoch 36: loss = 9455.5102, Diff_loss = 9456.2730, preserve_loss = 0.0035, adv_loss = -0.7824, discri_loss = 0.7254, sp_cls = 0.0000
EarlyStopping counter: 1 / 20
epoch 37: loss = 9171.9130, Diff_loss = 9172.6866, preserve_loss = 0.0034, adv_loss = -0.7826, discri_loss = 0.7166, sp_cls = 0.0000
Validation loss decreased (9220.600732 --> 9220.126514).  Saving model ...
epoch 38: loss = 9184.9000, Diff_loss = 9185.6427, preserve_loss = 0.0036, adv_loss = -0.7824, discri_loss = 0.7129, sp_cls = 0.0000
Validation loss decreased (9220.126514 --> 9215.687354).  Saving model ...
epoch 39: loss = 9189.6156, Diff_loss = 9190.3422, preserve_loss = 0.0037, adv_loss = -0.7781, discri_loss = 0.7071, sp_cls = 0.0000
Validation loss decreased (9215.687354 --> 9203.571826).  Saving model ...
epoch 40: loss = 9192.3823, Diff_loss = 9193.0943, preserve_loss = 0.0038, adv_loss = -0.7764, discri_loss = 0.7085, sp_cls = 0.0000
inference: loss = 8931.9084, Diff_loss = 8932.7380, preserve_loss = 0.0026, adv_loss = -0.7436
All results recorded in adata.
EarlyStopping counter: 1 / 20
epoch 41: loss = 9197.9876, Diff_loss = 9198.6830, preserve_loss = 0.0039, adv_loss = -0.7757, discri_loss = 0.7160, sp_cls = 0.0000
Validation loss decreased (9203.571826 --> 9203.191797).  Saving model ...
epoch 42: loss = 9114.8335, Diff_loss = 9115.5079, preserve_loss = 0.0040, adv_loss = -0.7758, discri_loss = 0.7079, sp_cls = 0.0000
EarlyStopping counter: 1 / 20
epoch 43: loss = 9139.8847, Diff_loss = 9140.5001, preserve_loss = 0.0045, adv_loss = -0.7779, discri_loss = 0.7174, sp_cls = 0.0000
Validation loss decreased (9203.191797 --> 9148.092871).  Saving model ...
epoch 44: loss = 9117.5645, Diff_loss = 9118.1971, preserve_loss = 0.0044, adv_loss = -0.7782, discri_loss = 0.7136, sp_cls = 0.0000
EarlyStopping counter: 1 / 20
epoch 45: loss = 9216.3862, Diff_loss = 9216.9980, preserve_loss = 0.0045, adv_loss = -0.7750, discri_loss = 0.7047, sp_cls = 0.0000
EarlyStopping counter: 2 / 20
epoch 46: loss = 9209.3485, Diff_loss = 9209.9429, preserve_loss = 0.0046, adv_loss = -0.7760, discri_loss = 0.7096, sp_cls = 0.0000
EarlyStopping counter: 3 / 20
epoch 47: loss = 9133.4009, Diff_loss = 9133.9991, preserve_loss = 0.0046, adv_loss = -0.7772, discri_loss = 0.7106, sp_cls = 0.0000
EarlyStopping counter: 4 / 20
epoch 48: loss = 9073.2815, Diff_loss = 9073.8365, preserve_loss = 0.0049, adv_loss = -0.7766, discri_loss = 0.7120, sp_cls = 0.0000
EarlyStopping counter: 5 / 20
epoch 49: loss = 9259.1704, Diff_loss = 9259.6894, preserve_loss = 0.0052, adv_loss = -0.7774, discri_loss = 0.7080, sp_cls = 0.0000
Validation loss decreased (9148.092871 --> 9137.186914).  Saving model ...
epoch 50: loss = 9133.2428, Diff_loss = 9133.7659, preserve_loss = 0.0051, adv_loss = -0.7751, discri_loss = 0.7034, sp_cls = 0.0000
inference: loss = 8834.6035, Diff_loss = 8835.3081, preserve_loss = 0.0034, adv_loss = -0.7387
All results recorded in adata.
EarlyStopping counter: 1 / 20
epoch 51: loss = 9132.0612, Diff_loss = 9132.5765, preserve_loss = 0.0052, adv_loss = -0.7762, discri_loss = 0.7118, sp_cls = 0.0000
Validation loss decreased (9137.186914 --> 9134.999951).  Saving model ...
epoch 52: loss = 9172.4750, Diff_loss = 9173.0025, preserve_loss = 0.0051, adv_loss = -0.7762, discri_loss = 0.7091, sp_cls = 0.0000
Validation loss decreased (9134.999951 --> 9132.649756).  Saving model ...
epoch 53: loss = 9062.5658, Diff_loss = 9063.0610, preserve_loss = 0.0053, adv_loss = -0.7768, discri_loss = 0.7078, sp_cls = 0.0000
EarlyStopping counter: 1 / 20
epoch 54: loss = 9179.7800, Diff_loss = 9180.2552, preserve_loss = 0.0055, adv_loss = -0.7767, discri_loss = 0.7057, sp_cls = 0.0000
EarlyStopping counter: 2 / 20
epoch 55: loss = 9090.4122, Diff_loss = 9090.8786, preserve_loss = 0.0055, adv_loss = -0.7718, discri_loss = 0.6997, sp_cls = 0.0000
Validation loss decreased (9132.649756 --> 9103.032324).  Saving model ...
epoch 56: loss = 9137.8710, Diff_loss = 9138.3241, preserve_loss = 0.0055, adv_loss = -0.7696, discri_loss = 0.6996, sp_cls = 0.0000
EarlyStopping counter: 1 / 20
epoch 57: loss = 9038.1478, Diff_loss = 9038.6055, preserve_loss = 0.0055, adv_loss = -0.7683, discri_loss = 0.6922, sp_cls = 0.0000
EarlyStopping counter: 2 / 20
epoch 58: loss = 9003.0353, Diff_loss = 9003.4906, preserve_loss = 0.0055, adv_loss = -0.7656, discri_loss = 0.6918, sp_cls = 0.0000
EarlyStopping counter: 3 / 20
epoch 59: loss = 9124.0599, Diff_loss = 9124.4644, preserve_loss = 0.0058, adv_loss = -0.7640, discri_loss = 0.6933, sp_cls = 0.0000
EarlyStopping counter: 4 / 20
epoch 60: loss = 8970.9210, Diff_loss = 8971.3630, preserve_loss = 0.0055, adv_loss = -0.7605, discri_loss = 0.6901, sp_cls = 0.0000
inference: loss = 8776.4043, Diff_loss = 8776.9838, preserve_loss = 0.0041, adv_loss = -0.7199
All results recorded in adata.
EarlyStopping counter: 5 / 20
epoch 61: loss = 9015.7619, Diff_loss = 9016.1690, preserve_loss = 0.0058, adv_loss = -0.7616, discri_loss = 0.6856, sp_cls = 0.0000
Validation loss decreased (9103.032324 --> 9097.068018).  Saving model ...
epoch 62: loss = 9090.1816, Diff_loss = 9090.5864, preserve_loss = 0.0057, adv_loss = -0.7557, discri_loss = 0.6921, sp_cls = 0.0000
EarlyStopping counter: 1 / 20
epoch 63: loss = 8952.1841, Diff_loss = 8952.6114, preserve_loss = 0.0056, adv_loss = -0.7598, discri_loss = 0.6862, sp_cls = 0.0000
Validation loss decreased (9097.068018 --> 9079.735645).  Saving model ...
epoch 64: loss = 8990.7454, Diff_loss = 8991.1528, preserve_loss = 0.0057, adv_loss = -0.7575, discri_loss = 0.6818, sp_cls = 0.0000
EarlyStopping counter: 1 / 20
epoch 65: loss = 8926.9093, Diff_loss = 8927.3248, preserve_loss = 0.0056, adv_loss = -0.7527, discri_loss = 0.6812, sp_cls = 0.0000
EarlyStopping counter: 2 / 20
epoch 66: loss = 9055.4872, Diff_loss = 9055.8797, preserve_loss = 0.0058, adv_loss = -0.7552, discri_loss = 0.6822, sp_cls = 0.0000
EarlyStopping counter: 3 / 20
epoch 67: loss = 9026.1676, Diff_loss = 9026.5478, preserve_loss = 0.0059, adv_loss = -0.7525, discri_loss = 0.6771, sp_cls = 0.0000
EarlyStopping counter: 4 / 20
epoch 68: loss = 9010.8676, Diff_loss = 9011.2670, preserve_loss = 0.0057, adv_loss = -0.7491, discri_loss = 0.6759, sp_cls = 0.0000
EarlyStopping counter: 5 / 20
epoch 69: loss = 9070.0540, Diff_loss = 9070.4339, preserve_loss = 0.0058, adv_loss = -0.7453, discri_loss = 0.6717, sp_cls = 0.0000
EarlyStopping counter: 6 / 20
epoch 70: loss = 8995.5155, Diff_loss = 8995.9172, preserve_loss = 0.0056, adv_loss = -0.7466, discri_loss = 0.6715, sp_cls = 0.0000
inference: loss = 8771.3063, Diff_loss = 8771.8351, preserve_loss = 0.0042, adv_loss = -0.7035
All results recorded in adata.
EarlyStopping counter: 7 / 20
epoch 71: loss = 9050.6955, Diff_loss = 9051.0909, preserve_loss = 0.0057, adv_loss = -0.7463, discri_loss = 0.6769, sp_cls = 0.0000
EarlyStopping counter: 8 / 20
epoch 72: loss = 9039.9561, Diff_loss = 9040.3127, preserve_loss = 0.0059, adv_loss = -0.7434, discri_loss = 0.6699, sp_cls = 0.0000
EarlyStopping counter: 9 / 20
epoch 73: loss = 9048.2741, Diff_loss = 9048.6419, preserve_loss = 0.0058, adv_loss = -0.7412, discri_loss = 0.6695, sp_cls = 0.0000
EarlyStopping counter: 10 / 20
epoch 74: loss = 9060.3436, Diff_loss = 9060.7155, preserve_loss = 0.0058, adv_loss = -0.7405, discri_loss = 0.6721, sp_cls = 0.0000
EarlyStopping counter: 11 / 20
epoch 75: loss = 9044.7978, Diff_loss = 9045.1725, preserve_loss = 0.0057, adv_loss = -0.7364, discri_loss = 0.6595, sp_cls = 0.0000
EarlyStopping counter: 12 / 20
epoch 76: loss = 8997.3825, Diff_loss = 8997.7601, preserve_loss = 0.0057, adv_loss = -0.7344, discri_loss = 0.6621, sp_cls = 0.0000
EarlyStopping counter: 13 / 20
epoch 77: loss = 9114.8890, Diff_loss = 9115.2320, preserve_loss = 0.0059, adv_loss = -0.7342, discri_loss = 0.6652, sp_cls = 0.0000
EarlyStopping counter: 14 / 20
epoch 78: loss = 8992.4347, Diff_loss = 8992.7863, preserve_loss = 0.0058, adv_loss = -0.7336, discri_loss = 0.6635, sp_cls = 0.0000
EarlyStopping counter: 15 / 20
epoch 79: loss = 8995.9515, Diff_loss = 8996.2967, preserve_loss = 0.0059, adv_loss = -0.7311, discri_loss = 0.6576, sp_cls = 0.0000
EarlyStopping counter: 16 / 20
epoch 80: loss = 9071.3268, Diff_loss = 9071.6476, preserve_loss = 0.0060, adv_loss = -0.7301, discri_loss = 0.6627, sp_cls = 0.0000
inference: loss = 8772.2880, Diff_loss = 8772.8453, preserve_loss = 0.0037, adv_loss = -0.6755
All results recorded in adata.
EarlyStopping counter: 17 / 20
epoch 81: loss = 9016.3564, Diff_loss = 9016.6915, preserve_loss = 0.0059, adv_loss = -0.7301, discri_loss = 0.6602, sp_cls = 0.0000
EarlyStopping counter: 18 / 20
epoch 82: loss = 9055.1366, Diff_loss = 9055.4703, preserve_loss = 0.0059, adv_loss = -0.7287, discri_loss = 0.6580, sp_cls = 0.0000
EarlyStopping counter: 19 / 20
epoch 83: loss = 9055.3367, Diff_loss = 9055.6430, preserve_loss = 0.0061, adv_loss = -0.7292, discri_loss = 0.6633, sp_cls = 0.0000
EarlyStopping counter: 20 / 20
Early stopping at epoch 83
Training finished!
inference: loss = 8775.4420, Diff_loss = 8776.0110, preserve_loss = 0.0040, adv_loss = -0.7054
All results recorded in adata.
>>> Trial 45 score=0.5395
    [Bio] NMI=0.6227, ARI=0.5109, label_ASW=0.5342, cLISI=0.9529, iso_ASW=0.5254, iso_F1=0.3350
    [Batch] sil=0.9751, iLISI=0.2861, kBET=0.0614, PCR=0.0000
    [Modality] sil=0.9988, iLISI=0.3448, kBET=0.2143, PCR=0.7222, graph_conn=0.9652
[I 2026-02-11 22:29:17,294] Trial 45 finished with value: 0.539504454721288 and parameters: {'gamma': 141.90681279557674, 'lambda_adv': 1.6087499276783022, 'lr': 0.0004768672867540923, 'dropout_rate': 0.18011584255832053, 'latent_dim': 20, 'lambda_sp_cls': 0.1668628520687241, 'batch_size': 256}. Best is trial 15 with value: 0.5537243471958723.

============================================================
Trial 46: gamma=223.884, lambda_adv=3.206, lambda_sp_cls=0.280, lr=0.00048, dropout=0.19, latent_dim=16, denoise_hidden=512, batch_size=128
============================================================
using cuda
Training start!
epoch 1: loss = 14538.2579, Diff_loss = 14167.8223, preserve_loss = 1.6542, adv_loss = 0.0000, discri_loss = 0.0000, sp_cls = 0.3335
epoch 2: loss = 12445.3323, Diff_loss = 12443.5288, preserve_loss = 0.0080, adv_loss = 0.0000, discri_loss = 0.0000, sp_cls = 0.0155
epoch 3: loss = 12055.7303, Diff_loss = 12055.0268, preserve_loss = 0.0031, adv_loss = 0.0000, discri_loss = 0.0000, sp_cls = 0.0040
epoch 4: loss = 11761.2945, Diff_loss = 11758.6321, preserve_loss = 0.0119, adv_loss = 0.0000, discri_loss = 0.0000, sp_cls = 0.0026
epoch 5: loss = 11558.0704, Diff_loss = 11557.4237, preserve_loss = 0.0029, adv_loss = 0.0000, discri_loss = 0.0000, sp_cls = 0.0013
epoch 6: loss = 11303.1337, Diff_loss = 11302.6262, preserve_loss = 0.0023, adv_loss = 0.0000, discri_loss = 0.0000, sp_cls = 0.0008
epoch 7: loss = 11130.3800, Diff_loss = 11129.6278, preserve_loss = 0.0034, adv_loss = 0.0000, discri_loss = 0.0000, sp_cls = 0.0008
epoch 8: loss = 11015.8773, Diff_loss = 11015.7213, preserve_loss = 0.0007, adv_loss = 0.0000, discri_loss = 0.0000, sp_cls = 0.0004
epoch 9: loss = 10962.9152, Diff_loss = 10962.7370, preserve_loss = 0.0008, adv_loss = 0.0000, discri_loss = 0.0000, sp_cls = 0.0003
epoch 10: loss = 10774.2948, Diff_loss = 10774.1137, preserve_loss = 0.0008, adv_loss = 0.0000, discri_loss = 0.0000, sp_cls = 0.0002
epoch 11: loss = 10680.4570, Diff_loss = 10683.6574, preserve_loss = 0.0009, adv_loss = -1.0577, discri_loss = 1.0154, sp_cls = 0.0001
Validation loss decreased (inf --> 10246.807129).  Saving model ...
epoch 12: loss = 10439.1903, Diff_loss = 10442.1717, preserve_loss = 0.0011, adv_loss = -1.0037, discri_loss = 0.8749, sp_cls = 0.0001
Validation loss decreased (10246.807129 --> 10077.829309).  Saving model ...
epoch 13: loss = 10306.6690, Diff_loss = 10309.3842, preserve_loss = 0.0014, adv_loss = -0.9476, discri_loss = 0.7913, sp_cls = 0.0001
Validation loss decreased (10077.829309 --> 9934.637366).  Saving model ...
epoch 14: loss = 10079.7244, Diff_loss = 10082.2076, preserve_loss = 0.0017, adv_loss = -0.8953, discri_loss = 0.7397, sp_cls = 0.0001
Validation loss decreased (9934.637366 --> 9846.541187).  Saving model ...
epoch 15: loss = 10037.8042, Diff_loss = 10040.2034, preserve_loss = 0.0014, adv_loss = -0.8485, discri_loss = 0.7130, sp_cls = 0.0000
Validation loss decreased (9846.541187 --> 9759.091748).  Saving model ...
epoch 16: loss = 9826.3179, Diff_loss = 9828.3856, preserve_loss = 0.0024, adv_loss = -0.8121, discri_loss = 0.6925, sp_cls = 0.0002
Validation loss decreased (9759.091748 --> 9652.698877).  Saving model ...
epoch 17: loss = 9760.2865, Diff_loss = 9762.6339, preserve_loss = 0.0009, adv_loss = -0.7971, discri_loss = 0.6896, sp_cls = 0.0000
Validation loss decreased (9652.698877 --> 9601.909412).  Saving model ...
epoch 18: loss = 9770.3045, Diff_loss = 9772.6436, preserve_loss = 0.0007, adv_loss = -0.7751, discri_loss = 0.6679, sp_cls = 0.0000
Validation loss decreased (9601.909412 --> 9526.194556).  Saving model ...
epoch 19: loss = 9674.0391, Diff_loss = 9676.3622, preserve_loss = 0.0006, adv_loss = -0.7639, discri_loss = 0.6737, sp_cls = 0.0000
Validation loss decreased (9526.194556 --> 9506.143713).  Saving model ...
epoch 20: loss = 9549.0403, Diff_loss = 9551.3622, preserve_loss = 0.0005, adv_loss = -0.7603, discri_loss = 0.6760, sp_cls = 0.0000
Validation loss decreased (9506.143713 --> 9446.040613).  Saving model ...
epoch 21: loss = 9505.6346, Diff_loss = 9507.8968, preserve_loss = 0.0007, adv_loss = -0.7546, discri_loss = 0.6751, sp_cls = 0.0000
Validation loss decreased (9446.040613 --> 9411.044141).  Saving model ...
epoch 22: loss = 9503.7212, Diff_loss = 9505.9793, preserve_loss = 0.0007, adv_loss = -0.7560, discri_loss = 0.6804, sp_cls = 0.0000
Validation loss decreased (9411.044141 --> 9390.907654).  Saving model ...
epoch 23: loss = 9486.7414, Diff_loss = 9489.0385, preserve_loss = 0.0006, adv_loss = -0.7570, discri_loss = 0.6797, sp_cls = 0.0000
Validation loss decreased (9390.907654 --> 9388.062231).  Saving model ...
epoch 24: loss = 9540.9810, Diff_loss = 9543.1895, preserve_loss = 0.0009, adv_loss = -0.7539, discri_loss = 0.6754, sp_cls = 0.0000
Validation loss decreased (9388.062231 --> 9371.849170).  Saving model ...
epoch 25: loss = 9548.4262, Diff_loss = 9550.6072, preserve_loss = 0.0009, adv_loss = -0.7452, discri_loss = 0.6703, sp_cls = 0.0000
Validation loss decreased (9371.849170 --> 9351.157300).  Saving model ...
epoch 26: loss = 9456.0406, Diff_loss = 9458.2238, preserve_loss = 0.0009, adv_loss = -0.7452, discri_loss = 0.6736, sp_cls = 0.0000
Validation loss decreased (9351.157300 --> 9311.821582).  Saving model ...
epoch 27: loss = 9332.6738, Diff_loss = 9334.8343, preserve_loss = 0.0010, adv_loss = -0.7472, discri_loss = 0.6717, sp_cls = 0.0000
Validation loss decreased (9311.821582 --> 9311.177649).  Saving model ...
epoch 28: loss = 9287.0530, Diff_loss = 9289.1993, preserve_loss = 0.0011, adv_loss = -0.7441, discri_loss = 0.6758, sp_cls = 0.0000
Validation loss decreased (9311.177649 --> 9308.112915).  Saving model ...
epoch 29: loss = 9391.6896, Diff_loss = 9393.7721, preserve_loss = 0.0013, adv_loss = -0.7438, discri_loss = 0.6810, sp_cls = 0.0000
Validation loss decreased (9308.112915 --> 9276.254614).  Saving model ...
epoch 30: loss = 9410.1043, Diff_loss = 9412.0839, preserve_loss = 0.0019, adv_loss = -0.7479, discri_loss = 0.6765, sp_cls = 0.0000
Validation loss decreased (9276.254614 --> 9262.670642).  Saving model ...
epoch 31: loss = 9312.3261, Diff_loss = 9314.3091, preserve_loss = 0.0019, adv_loss = -0.7500, discri_loss = 0.6829, sp_cls = 0.0000
EarlyStopping counter: 1 / 20
epoch 32: loss = 9451.7085, Diff_loss = 9453.6383, preserve_loss = 0.0020, adv_loss = -0.7430, discri_loss = 0.6721, sp_cls = 0.0000
Validation loss decreased (9262.670642 --> 9242.103674).  Saving model ...
epoch 33: loss = 9392.0365, Diff_loss = 9393.9058, preserve_loss = 0.0023, adv_loss = -0.7428, discri_loss = 0.6840, sp_cls = 0.0000
EarlyStopping counter: 1 / 20
epoch 34: loss = 9267.2058, Diff_loss = 9269.0314, preserve_loss = 0.0026, adv_loss = -0.7513, discri_loss = 0.6903, sp_cls = 0.0000
EarlyStopping counter: 2 / 20
epoch 35: loss = 9333.5536, Diff_loss = 9335.3685, preserve_loss = 0.0027, adv_loss = -0.7533, discri_loss = 0.6905, sp_cls = 0.0000
Validation loss decreased (9242.103674 --> 9208.065002).  Saving model ...
epoch 36: loss = 9330.7054, Diff_loss = 9332.4810, preserve_loss = 0.0028, adv_loss = -0.7522, discri_loss = 0.6882, sp_cls = 0.0000
EarlyStopping counter: 1 / 20
epoch 37: loss = 9327.7146, Diff_loss = 9329.4036, preserve_loss = 0.0032, adv_loss = -0.7470, discri_loss = 0.6815, sp_cls = 0.0000
EarlyStopping counter: 2 / 20
epoch 38: loss = 9292.6654, Diff_loss = 9294.3005, preserve_loss = 0.0034, adv_loss = -0.7471, discri_loss = 0.6812, sp_cls = 0.0000
EarlyStopping counter: 3 / 20
epoch 39: loss = 9238.3663, Diff_loss = 9240.0207, preserve_loss = 0.0033, adv_loss = -0.7494, discri_loss = 0.6929, sp_cls = 0.0000
EarlyStopping counter: 4 / 20
epoch 40: loss = 9271.1011, Diff_loss = 9272.7074, preserve_loss = 0.0036, adv_loss = -0.7528, discri_loss = 0.6945, sp_cls = 0.0000
inference: loss = 8937.1043, Diff_loss = 8938.7886, preserve_loss = 0.0026, adv_loss = -0.7103
All results recorded in adata.
[I 2026-02-11 22:46:14,619] Trial 46 pruned. 

============================================================
Trial 47: gamma=152.918, lambda_adv=1.664, lambda_sp_cls=0.479, lr=0.00060, dropout=0.20, latent_dim=64, denoise_hidden=512, batch_size=256
============================================================
using cuda
Training start!
epoch 1: loss = 18189.1355, Diff_loss = 14983.5064, preserve_loss = 20.9626, adv_loss = 0.0000, discri_loss = 0.0000, sp_cls = 0.1619
epoch 2: loss = 12692.1789, Diff_loss = 12680.6164, preserve_loss = 0.0756, adv_loss = 0.0000, discri_loss = 0.0000, sp_cls = 0.0044
epoch 3: loss = 12440.6960, Diff_loss = 12435.3980, preserve_loss = 0.0346, adv_loss = 0.0000, discri_loss = 0.0000, sp_cls = 0.0014
epoch 4: loss = 12105.2034, Diff_loss = 12102.2096, preserve_loss = 0.0196, adv_loss = 0.0000, discri_loss = 0.0000, sp_cls = 0.0007
epoch 5: loss = 11950.4954, Diff_loss = 11948.4411, preserve_loss = 0.0134, adv_loss = 0.0000, discri_loss = 0.0000, sp_cls = 0.0003
epoch 6: loss = 11692.8418, Diff_loss = 11691.1947, preserve_loss = 0.0108, adv_loss = 0.0000, discri_loss = 0.0000, sp_cls = 0.0001
epoch 7: loss = 11492.5026, Diff_loss = 11491.1701, preserve_loss = 0.0087, adv_loss = 0.0000, discri_loss = 0.0000, sp_cls = 0.0002
epoch 8: loss = 11365.6026, Diff_loss = 11364.2820, preserve_loss = 0.0086, adv_loss = 0.0000, discri_loss = 0.0000, sp_cls = 0.0002
epoch 9: loss = 11213.1895, Diff_loss = 11211.9615, preserve_loss = 0.0080, adv_loss = 0.0000, discri_loss = 0.0000, sp_cls = 0.0003
epoch 10: loss = 11102.4759, Diff_loss = 11101.3144, preserve_loss = 0.0076, adv_loss = 0.0000, discri_loss = 0.0000, sp_cls = 0.0004
epoch 11: loss = 11079.2857, Diff_loss = 11080.0851, preserve_loss = 0.0064, adv_loss = -1.0688, discri_loss = 1.0360, sp_cls = 0.0003
Validation loss decreased (inf --> 10552.243701).  Saving model ...
epoch 12: loss = 10766.8962, Diff_loss = 10767.5060, preserve_loss = 0.0071, adv_loss = -1.0232, discri_loss = 0.8662, sp_cls = 0.0003
Validation loss decreased (10552.243701 --> 10374.715430).  Saving model ...
epoch 13: loss = 10470.6970, Diff_loss = 10471.5372, preserve_loss = 0.0048, adv_loss = -0.9488, discri_loss = 0.7474, sp_cls = 0.0001
Validation loss decreased (10374.715430 --> 10198.581934).  Saving model ...
epoch 14: loss = 10344.9266, Diff_loss = 10345.7139, preserve_loss = 0.0043, adv_loss = -0.8657, discri_loss = 0.6640, sp_cls = 0.0001
Validation loss decreased (10198.581934 --> 10064.137451).  Saving model ...
epoch 15: loss = 10231.3562, Diff_loss = 10232.0936, preserve_loss = 0.0039, adv_loss = -0.8016, discri_loss = 0.6405, sp_cls = 0.0000
Validation loss decreased (10064.137451 --> 9964.294971).  Saving model ...
epoch 16: loss = 10279.4765, Diff_loss = 10280.1242, preserve_loss = 0.0040, adv_loss = -0.7553, discri_loss = 0.6183, sp_cls = 0.0000
Validation loss decreased (9964.294971 --> 9844.612256).  Saving model ...
epoch 17: loss = 10064.0883, Diff_loss = 10064.7710, preserve_loss = 0.0035, adv_loss = -0.7311, discri_loss = 0.6217, sp_cls = 0.0000
Validation loss decreased (9844.612256 --> 9811.334521).  Saving model ...
epoch 18: loss = 9903.8298, Diff_loss = 9904.4723, preserve_loss = 0.0036, adv_loss = -0.7192, discri_loss = 0.6153, sp_cls = 0.0000
Validation loss decreased (9811.334521 --> 9736.177783).  Saving model ...
epoch 19: loss = 9966.6431, Diff_loss = 9967.2624, preserve_loss = 0.0036, adv_loss = -0.7022, discri_loss = 0.6092, sp_cls = 0.0000
Validation loss decreased (9736.177783 --> 9692.928955).  Saving model ...
epoch 20: loss = 9903.7692, Diff_loss = 9904.4524, preserve_loss = 0.0033, adv_loss = -0.7124, discri_loss = 0.6507, sp_cls = 0.0000
Validation loss decreased (9692.928955 --> 9616.763281).  Saving model ...
epoch 21: loss = 9867.9851, Diff_loss = 9868.6475, preserve_loss = 0.0033, adv_loss = -0.7044, discri_loss = 0.6240, sp_cls = 0.0000
Validation loss decreased (9616.763281 --> 9595.607080).  Saving model ...
epoch 22: loss = 9781.2527, Diff_loss = 9781.8938, preserve_loss = 0.0034, adv_loss = -0.6960, discri_loss = 0.6188, sp_cls = 0.0000
Validation loss decreased (9595.607080 --> 9556.807080).  Saving model ...
epoch 23: loss = 9661.3001, Diff_loss = 9661.9569, preserve_loss = 0.0033, adv_loss = -0.6940, discri_loss = 0.6279, sp_cls = 0.0000
Validation loss decreased (9556.807080 --> 9513.264063).  Saving model ...
epoch 24: loss = 9582.0408, Diff_loss = 9582.6926, preserve_loss = 0.0033, adv_loss = -0.6992, discri_loss = 0.6404, sp_cls = 0.0000
Validation loss decreased (9513.264063 --> 9495.252637).  Saving model ...
epoch 25: loss = 9572.0398, Diff_loss = 9572.6637, preserve_loss = 0.0035, adv_loss = -0.6975, discri_loss = 0.6310, sp_cls = 0.0000
Validation loss decreased (9495.252637 --> 9443.874609).  Saving model ...
epoch 26: loss = 9565.0077, Diff_loss = 9565.6453, preserve_loss = 0.0034, adv_loss = -0.6964, discri_loss = 0.6353, sp_cls = 0.0000
Validation loss decreased (9443.874609 --> 9439.688477).  Saving model ...
epoch 27: loss = 9593.8915, Diff_loss = 9594.4759, preserve_loss = 0.0038, adv_loss = -0.7049, discri_loss = 0.6530, sp_cls = 0.0001
Validation loss decreased (9439.688477 --> 9409.784766).  Saving model ...
epoch 28: loss = 9520.3694, Diff_loss = 9520.9185, preserve_loss = 0.0042, adv_loss = -0.7140, discri_loss = 0.6609, sp_cls = 0.0000
Validation loss decreased (9409.784766 --> 9373.605566).  Saving model ...
epoch 29: loss = 9451.3397, Diff_loss = 9451.9045, preserve_loss = 0.0041, adv_loss = -0.7140, discri_loss = 0.6483, sp_cls = 0.0001
EarlyStopping counter: 1 / 20
epoch 30: loss = 9433.3999, Diff_loss = 9433.8478, preserve_loss = 0.0049, adv_loss = -0.7190, discri_loss = 0.6574, sp_cls = 0.0000
EarlyStopping counter: 2 / 20
epoch 31: loss = 9403.2891, Diff_loss = 9403.6463, preserve_loss = 0.0054, adv_loss = -0.7133, discri_loss = 0.6466, sp_cls = 0.0000
Validation loss decreased (9373.605566 --> 9346.789160).  Saving model ...
epoch 32: loss = 9452.8608, Diff_loss = 9453.1301, preserve_loss = 0.0059, adv_loss = -0.7088, discri_loss = 0.6437, sp_cls = 0.0000
Validation loss decreased (9346.789160 --> 9322.958154).  Saving model ...
epoch 33: loss = 9404.8886, Diff_loss = 9405.1797, preserve_loss = 0.0058, adv_loss = -0.7102, discri_loss = 0.6409, sp_cls = 0.0000
Validation loss decreased (9322.958154 --> 9318.029932).  Saving model ...
epoch 34: loss = 9356.2950, Diff_loss = 9356.6209, preserve_loss = 0.0057, adv_loss = -0.7166, discri_loss = 0.6590, sp_cls = 0.0000
Validation loss decreased (9318.029932 --> 9314.736084).  Saving model ...
epoch 35: loss = 9324.7301, Diff_loss = 9325.0825, preserve_loss = 0.0054, adv_loss = -0.7109, discri_loss = 0.6398, sp_cls = 0.0000
Validation loss decreased (9314.736084 --> 9288.605078).  Saving model ...
epoch 36: loss = 9317.4525, Diff_loss = 9317.8130, preserve_loss = 0.0054, adv_loss = -0.7164, discri_loss = 0.6546, sp_cls = 0.0000
Validation loss decreased (9288.605078 --> 9264.576758).  Saving model ...
epoch 37: loss = 9331.6506, Diff_loss = 9332.0055, preserve_loss = 0.0055, adv_loss = -0.7175, discri_loss = 0.6520, sp_cls = 0.0000
EarlyStopping counter: 1 / 20
epoch 38: loss = 9326.9652, Diff_loss = 9327.3375, preserve_loss = 0.0054, adv_loss = -0.7167, discri_loss = 0.6517, sp_cls = 0.0000
Validation loss decreased (9264.576758 --> 9243.375146).  Saving model ...
epoch 39: loss = 9320.7695, Diff_loss = 9321.1048, preserve_loss = 0.0056, adv_loss = -0.7147, discri_loss = 0.6454, sp_cls = 0.0000
EarlyStopping counter: 1 / 20
epoch 40: loss = 9238.2741, Diff_loss = 9238.6855, preserve_loss = 0.0051, adv_loss = -0.7158, discri_loss = 0.6546, sp_cls = 0.0000
inference: loss = 8957.2171, Diff_loss = 8957.8677, preserve_loss = 0.0030, adv_loss = -0.6696
All results recorded in adata.
[I 2026-02-11 22:55:29,873] Trial 47 pruned. 

============================================================
Trial 48: gamma=67.641, lambda_adv=2.404, lambda_sp_cls=0.304, lr=0.00030, dropout=0.19, latent_dim=64, denoise_hidden=512, batch_size=256
============================================================
using cuda
Training start!
epoch 1: loss = 18429.5776, Diff_loss = 16072.0670, preserve_loss = 34.8516, adv_loss = 0.0000, discri_loss = 0.0000, sp_cls = 0.3167
epoch 2: loss = 12858.9453, Diff_loss = 12832.9557, preserve_loss = 0.3842, adv_loss = 0.0000, discri_loss = 0.0000, sp_cls = 0.0115
epoch 3: loss = 12748.8981, Diff_loss = 12737.0346, preserve_loss = 0.1754, adv_loss = 0.0000, discri_loss = 0.0000, sp_cls = 0.0039
epoch 4: loss = 12632.7830, Diff_loss = 12625.7303, preserve_loss = 0.1043, adv_loss = 0.0000, discri_loss = 0.0000, sp_cls = 0.0020
epoch 5: loss = 12400.4847, Diff_loss = 12395.8535, preserve_loss = 0.0685, adv_loss = 0.0000, discri_loss = 0.0000, sp_cls = 0.0011
epoch 6: loss = 12141.0842, Diff_loss = 12137.7899, preserve_loss = 0.0487, adv_loss = 0.0000, discri_loss = 0.0000, sp_cls = 0.0007
epoch 7: loss = 12100.4561, Diff_loss = 12098.0005, preserve_loss = 0.0363, adv_loss = 0.0000, discri_loss = 0.0000, sp_cls = 0.0005
epoch 8: loss = 11998.7078, Diff_loss = 11996.7675, preserve_loss = 0.0287, adv_loss = 0.0000, discri_loss = 0.0000, sp_cls = 0.0004
epoch 9: loss = 11718.0901, Diff_loss = 11716.5420, preserve_loss = 0.0229, adv_loss = 0.0000, discri_loss = 0.0000, sp_cls = 0.0003
epoch 10: loss = 11739.1054, Diff_loss = 11737.8437, preserve_loss = 0.0187, adv_loss = 0.0000, discri_loss = 0.0000, sp_cls = 0.0002
epoch 11: loss = 11584.8103, Diff_loss = 11586.4517, preserve_loss = 0.0138, adv_loss = -1.0714, discri_loss = 1.0726, sp_cls = 0.0001
Validation loss decreased (inf --> 11103.677197).  Saving model ...
epoch 12: loss = 11436.3876, Diff_loss = 11438.2288, preserve_loss = 0.0103, adv_loss = -1.0550, discri_loss = 0.9586, sp_cls = 0.0001
Validation loss decreased (11103.677197 --> 10886.667676).  Saving model ...
epoch 13: loss = 11038.1894, Diff_loss = 11040.1105, preserve_loss = 0.0081, adv_loss = -1.0281, discri_loss = 0.8801, sp_cls = 0.0000
Validation loss decreased (10886.667676 --> 10672.447852).  Saving model ...
epoch 14: loss = 10884.0651, Diff_loss = 10886.0188, preserve_loss = 0.0067, adv_loss = -1.0026, discri_loss = 0.8325, sp_cls = 0.0000
Validation loss decreased (10672.447852 --> 10499.366064).  Saving model ...
epoch 15: loss = 10656.2297, Diff_loss = 10658.2638, preserve_loss = 0.0047, adv_loss = -0.9787, discri_loss = 0.8014, sp_cls = 0.0000
Validation loss decreased (10499.366064 --> 10341.477588).  Saving model ...
epoch 16: loss = 10465.9309, Diff_loss = 10467.9678, preserve_loss = 0.0037, adv_loss = -0.9504, discri_loss = 0.7697, sp_cls = 0.0000
Validation loss decreased (10341.477588 --> 10196.426416).  Saving model ...
epoch 17: loss = 10354.4161, Diff_loss = 10356.3925, preserve_loss = 0.0037, adv_loss = -0.9262, discri_loss = 0.7378, sp_cls = 0.0000
Validation loss decreased (10196.426416 --> 10055.300293).  Saving model ...
epoch 18: loss = 10222.0759, Diff_loss = 10224.0453, preserve_loss = 0.0030, adv_loss = -0.9033, discri_loss = 0.7306, sp_cls = 0.0000
Validation loss decreased (10055.300293 --> 9945.937500).  Saving model ...
epoch 19: loss = 10186.3258, Diff_loss = 10188.2133, preserve_loss = 0.0035, adv_loss = -0.8830, discri_loss = 0.7192, sp_cls = 0.0000
Validation loss decreased (9945.937500 --> 9865.613916).  Saving model ...
epoch 20: loss = 9999.9453, Diff_loss = 10001.7422, preserve_loss = 0.0041, adv_loss = -0.8639, discri_loss = 0.7106, sp_cls = 0.0000
Validation loss decreased (9865.613916 --> 9807.435303).  Saving model ...
epoch 21: loss = 9892.1880, Diff_loss = 9893.9223, preserve_loss = 0.0046, adv_loss = -0.8513, discri_loss = 0.7095, sp_cls = 0.0000
Validation loss decreased (9807.435303 --> 9694.948828).  Saving model ...
epoch 22: loss = 9838.9739, Diff_loss = 9840.6619, preserve_loss = 0.0051, adv_loss = -0.8451, discri_loss = 0.7175, sp_cls = 0.0000
Validation loss decreased (9694.948828 --> 9657.628809).  Saving model ...
epoch 23: loss = 9779.3904, Diff_loss = 9781.0233, preserve_loss = 0.0055, adv_loss = -0.8340, discri_loss = 0.7001, sp_cls = 0.0000
Validation loss decreased (9657.628809 --> 9630.995703).  Saving model ...
epoch 24: loss = 9741.5310, Diff_loss = 9743.1033, preserve_loss = 0.0059, adv_loss = -0.8213, discri_loss = 0.6970, sp_cls = 0.0000
Validation loss decreased (9630.995703 --> 9520.368750).  Saving model ...
epoch 25: loss = 9651.1594, Diff_loss = 9652.7369, preserve_loss = 0.0057, adv_loss = -0.8174, discri_loss = 0.7048, sp_cls = 0.0000
Validation loss decreased (9520.368750 --> 9506.549951).  Saving model ...
epoch 26: loss = 9524.7606, Diff_loss = 9526.2480, preserve_loss = 0.0070, adv_loss = -0.8167, discri_loss = 0.7090, sp_cls = 0.0000
Validation loss decreased (9506.549951 --> 9460.852051).  Saving model ...
epoch 27: loss = 9583.9730, Diff_loss = 9585.4531, preserve_loss = 0.0066, adv_loss = -0.8024, discri_loss = 0.6856, sp_cls = 0.0000
Validation loss decreased (9460.852051 --> 9439.799170).  Saving model ...
epoch 28: loss = 9527.9281, Diff_loss = 9529.4008, preserve_loss = 0.0067, adv_loss = -0.8000, discri_loss = 0.6962, sp_cls = 0.0000
Validation loss decreased (9439.799170 --> 9382.440088).  Saving model ...
epoch 29: loss = 9495.5379, Diff_loss = 9496.9965, preserve_loss = 0.0067, adv_loss = -0.7948, discri_loss = 0.6949, sp_cls = 0.0000
Validation loss decreased (9382.440088 --> 9365.144678).  Saving model ...
epoch 30: loss = 9493.8500, Diff_loss = 9495.2801, preserve_loss = 0.0070, adv_loss = -0.7918, discri_loss = 0.6886, sp_cls = 0.0000
Validation loss decreased (9365.144678 --> 9350.877637).  Saving model ...
epoch 31: loss = 9444.5906, Diff_loss = 9446.0188, preserve_loss = 0.0069, adv_loss = -0.7898, discri_loss = 0.6906, sp_cls = 0.0000
Validation loss decreased (9350.877637 --> 9296.026416).  Saving model ...
epoch 32: loss = 9370.5785, Diff_loss = 9371.9792, preserve_loss = 0.0073, adv_loss = -0.7892, discri_loss = 0.6922, sp_cls = 0.0000
Validation loss decreased (9296.026416 --> 9284.027490).  Saving model ...
epoch 33: loss = 9347.7197, Diff_loss = 9349.0873, preserve_loss = 0.0079, adv_loss = -0.7908, discri_loss = 0.6975, sp_cls = 0.0000
EarlyStopping counter: 1 / 20
epoch 34: loss = 9296.0808, Diff_loss = 9297.4203, preserve_loss = 0.0081, adv_loss = -0.7844, discri_loss = 0.6851, sp_cls = 0.0000
Validation loss decreased (9284.027490 --> 9274.586084).  Saving model ...
epoch 35: loss = 9371.4009, Diff_loss = 9372.7280, preserve_loss = 0.0082, adv_loss = -0.7834, discri_loss = 0.6858, sp_cls = 0.0000
Validation loss decreased (9274.586084 --> 9211.870654).  Saving model ...
epoch 36: loss = 9239.8240, Diff_loss = 9241.1392, preserve_loss = 0.0082, adv_loss = -0.7776, discri_loss = 0.6773, sp_cls = 0.0000
EarlyStopping counter: 1 / 20
epoch 37: loss = 9288.2813, Diff_loss = 9289.5551, preserve_loss = 0.0089, adv_loss = -0.7790, discri_loss = 0.6767, sp_cls = 0.0000
EarlyStopping counter: 2 / 20
epoch 38: loss = 9251.6377, Diff_loss = 9252.8875, preserve_loss = 0.0090, adv_loss = -0.7733, discri_loss = 0.6738, sp_cls = 0.0000
Validation loss decreased (9211.870654 --> 9191.729687).  Saving model ...
epoch 39: loss = 9274.5489, Diff_loss = 9275.7710, preserve_loss = 0.0094, adv_loss = -0.7733, discri_loss = 0.6740, sp_cls = 0.0000
Validation loss decreased (9191.729687 --> 9167.415527).  Saving model ...
epoch 40: loss = 9198.1233, Diff_loss = 9199.3371, preserve_loss = 0.0094, adv_loss = -0.7701, discri_loss = 0.6687, sp_cls = 0.0000
inference: loss = 8938.2323, Diff_loss = 8939.5638, preserve_loss = 0.0058, adv_loss = -0.7158
All results recorded in adata.
[I 2026-02-11 23:04:41,053] Trial 48 pruned. 

============================================================
Trial 49: gamma=194.990, lambda_adv=0.412, lambda_sp_cls=0.149, lr=0.00069, dropout=0.20, latent_dim=32, denoise_hidden=512, batch_size=256
============================================================
using cuda
Training start!
epoch 1: loss = 16491.4804, Diff_loss = 14905.9215, preserve_loss = 8.1313, adv_loss = 0.0000, discri_loss = 0.0000, sp_cls = 0.2684
epoch 2: loss = 12639.2228, Diff_loss = 12633.4451, preserve_loss = 0.0296, adv_loss = 0.0000, discri_loss = 0.0000, sp_cls = 0.0058
epoch 3: loss = 12386.2613, Diff_loss = 12383.9460, preserve_loss = 0.0119, adv_loss = 0.0000, discri_loss = 0.0000, sp_cls = 0.0017
epoch 4: loss = 12133.4415, Diff_loss = 12130.8509, preserve_loss = 0.0133, adv_loss = 0.0000, discri_loss = 0.0000, sp_cls = 0.0010
epoch 5: loss = 11835.5652, Diff_loss = 11834.7962, preserve_loss = 0.0039, adv_loss = 0.0000, discri_loss = 0.0000, sp_cls = 0.0005
epoch 6: loss = 11616.1369, Diff_loss = 11615.6356, preserve_loss = 0.0026, adv_loss = 0.0000, discri_loss = 0.0000, sp_cls = 0.0003
epoch 7: loss = 11415.9749, Diff_loss = 11415.5959, preserve_loss = 0.0019, adv_loss = 0.0000, discri_loss = 0.0000, sp_cls = 0.0002
epoch 8: loss = 11301.2391, Diff_loss = 11300.8921, preserve_loss = 0.0018, adv_loss = 0.0000, discri_loss = 0.0000, sp_cls = 0.0002
epoch 9: loss = 11080.3075, Diff_loss = 11079.9366, preserve_loss = 0.0019, adv_loss = 0.0000, discri_loss = 0.0000, sp_cls = 0.0001
epoch 10: loss = 11074.2625, Diff_loss = 11073.8004, preserve_loss = 0.0024, adv_loss = 0.0000, discri_loss = 0.0000, sp_cls = 0.0001
epoch 11: loss = 10820.8463, Diff_loss = 10820.6596, preserve_loss = 0.0032, adv_loss = -1.0653, discri_loss = 1.0323, sp_cls = 0.0001
Validation loss decreased (inf --> 10475.408301).  Saving model ...
epoch 12: loss = 10640.8322, Diff_loss = 10640.2929, preserve_loss = 0.0049, adv_loss = -1.0114, discri_loss = 0.8757, sp_cls = 0.0001
Validation loss decreased (10475.408301 --> 10261.605713).  Saving model ...
epoch 13: loss = 10424.5400, Diff_loss = 10423.8956, preserve_loss = 0.0053, adv_loss = -0.9466, discri_loss = 0.7862, sp_cls = 0.0001
Validation loss decreased (10261.605713 --> 10130.314746).  Saving model ...
epoch 14: loss = 10295.8764, Diff_loss = 10295.4158, preserve_loss = 0.0042, adv_loss = -0.8865, discri_loss = 0.7281, sp_cls = 0.0001
Validation loss decreased (10130.314746 --> 9989.390723).  Saving model ...
epoch 15: loss = 10180.4458, Diff_loss = 10180.0923, preserve_loss = 0.0036, adv_loss = -0.8421, discri_loss = 0.7091, sp_cls = 0.0000
Validation loss decreased (9989.390723 --> 9920.857813).  Saving model ...
epoch 16: loss = 10129.5603, Diff_loss = 10129.1158, preserve_loss = 0.0040, adv_loss = -0.7945, discri_loss = 0.6606, sp_cls = 0.0001
Validation loss decreased (9920.857813 --> 9802.214502).  Saving model ...
epoch 17: loss = 10002.5584, Diff_loss = 10002.3106, preserve_loss = 0.0029, adv_loss = -0.7679, discri_loss = 0.6547, sp_cls = 0.0001
Validation loss decreased (9802.214502 --> 9716.953662).  Saving model ...
epoch 18: loss = 9945.2474, Diff_loss = 9945.0196, preserve_loss = 0.0027, adv_loss = -0.7395, discri_loss = 0.6339, sp_cls = 0.0000
Validation loss decreased (9716.953662 --> 9682.795313).  Saving model ...
epoch 19: loss = 9876.1671, Diff_loss = 9875.9476, preserve_loss = 0.0027, adv_loss = -0.7322, discri_loss = 0.6420, sp_cls = 0.0000
Validation loss decreased (9682.795313 --> 9614.599463).  Saving model ...
epoch 20: loss = 9748.6271, Diff_loss = 9748.4156, preserve_loss = 0.0026, adv_loss = -0.7145, discri_loss = 0.6199, sp_cls = 0.0000
Validation loss decreased (9614.599463 --> 9575.598096).  Saving model ...
epoch 21: loss = 9655.4092, Diff_loss = 9655.2417, preserve_loss = 0.0023, adv_loss = -0.7045, discri_loss = 0.6218, sp_cls = 0.0000
Validation loss decreased (9575.598096 --> 9522.982129).  Saving model ...
epoch 22: loss = 9678.5949, Diff_loss = 9678.4003, preserve_loss = 0.0025, adv_loss = -0.6969, discri_loss = 0.6150, sp_cls = 0.0000
Validation loss decreased (9522.982129 --> 9460.279443).  Saving model ...
epoch 23: loss = 9567.9723, Diff_loss = 9567.7877, preserve_loss = 0.0024, adv_loss = -0.6954, discri_loss = 0.6244, sp_cls = 0.0000
Validation loss decreased (9460.279443 --> 9432.764893).  Saving model ...
epoch 24: loss = 9548.8389, Diff_loss = 9548.6237, preserve_loss = 0.0026, adv_loss = -0.6920, discri_loss = 0.6087, sp_cls = 0.0000
Validation loss decreased (9432.764893 --> 9380.588379).  Saving model ...
epoch 25: loss = 9561.1565, Diff_loss = 9560.9110, preserve_loss = 0.0027, adv_loss = -0.6930, discri_loss = 0.6196, sp_cls = 0.0000
EarlyStopping counter: 1 / 20
epoch 26: loss = 9494.1559, Diff_loss = 9493.8941, preserve_loss = 0.0028, adv_loss = -0.6861, discri_loss = 0.6102, sp_cls = 0.0000
Validation loss decreased (9380.588379 --> 9338.249316).  Saving model ...
epoch 27: loss = 9550.6897, Diff_loss = 9550.4160, preserve_loss = 0.0029, adv_loss = -0.6854, discri_loss = 0.6181, sp_cls = 0.0000
EarlyStopping counter: 1 / 20
epoch 28: loss = 9491.7932, Diff_loss = 9491.5051, preserve_loss = 0.0029, adv_loss = -0.6865, discri_loss = 0.6171, sp_cls = 0.0000
Validation loss decreased (9338.249316 --> 9302.849512).  Saving model ...
epoch 29: loss = 9420.2462, Diff_loss = 9419.9775, preserve_loss = 0.0028, adv_loss = -0.6817, discri_loss = 0.6167, sp_cls = 0.0000
Validation loss decreased (9302.849512 --> 9291.685938).  Saving model ...
epoch 30: loss = 9363.4466, Diff_loss = 9363.1389, preserve_loss = 0.0030, adv_loss = -0.6880, discri_loss = 0.6192, sp_cls = 0.0000
EarlyStopping counter: 1 / 20
epoch 31: loss = 9437.0821, Diff_loss = 9436.7504, preserve_loss = 0.0032, adv_loss = -0.6865, discri_loss = 0.6166, sp_cls = 0.0000
Validation loss decreased (9291.685938 --> 9267.562451).  Saving model ...
epoch 32: loss = 9327.1565, Diff_loss = 9326.8031, preserve_loss = 0.0033, adv_loss = -0.6848, discri_loss = 0.6116, sp_cls = 0.0000
EarlyStopping counter: 1 / 20
epoch 33: loss = 9392.4936, Diff_loss = 9392.0876, preserve_loss = 0.0035, adv_loss = -0.6828, discri_loss = 0.6102, sp_cls = 0.0000
Validation loss decreased (9267.562451 --> 9263.110693).  Saving model ...
epoch 34: loss = 9303.5895, Diff_loss = 9303.1688, preserve_loss = 0.0036, adv_loss = -0.6826, discri_loss = 0.6207, sp_cls = 0.0000
Validation loss decreased (9263.110693 --> 9231.866406).  Saving model ...
epoch 35: loss = 9270.5132, Diff_loss = 9270.0355, preserve_loss = 0.0039, adv_loss = -0.6886, discri_loss = 0.6240, sp_cls = 0.0000
Validation loss decreased (9231.866406 --> 9227.916064).  Saving model ...
epoch 36: loss = 9305.4313, Diff_loss = 9304.9103, preserve_loss = 0.0041, adv_loss = -0.6887, discri_loss = 0.6250, sp_cls = 0.0000
Validation loss decreased (9227.916064 --> 9197.825000).  Saving model ...
epoch 37: loss = 9360.3524, Diff_loss = 9359.7586, preserve_loss = 0.0045, adv_loss = -0.6903, discri_loss = 0.6217, sp_cls = 0.0000
EarlyStopping counter: 1 / 20
epoch 38: loss = 9279.0013, Diff_loss = 9278.3993, preserve_loss = 0.0045, adv_loss = -0.6880, discri_loss = 0.6108, sp_cls = 0.0000
EarlyStopping counter: 2 / 20
epoch 39: loss = 9202.5178, Diff_loss = 9201.8632, preserve_loss = 0.0048, adv_loss = -0.6832, discri_loss = 0.6150, sp_cls = 0.0000
EarlyStopping counter: 3 / 20
epoch 40: loss = 9196.7393, Diff_loss = 9196.1429, preserve_loss = 0.0045, adv_loss = -0.6894, discri_loss = 0.6244, sp_cls = 0.0000
inference: loss = 8950.5725, Diff_loss = 8950.3745, preserve_loss = 0.0024, adv_loss = -0.6386
All results recorded in adata.
Validation loss decreased (9197.825000 --> 9175.369629).  Saving model ...
epoch 41: loss = 9189.6185, Diff_loss = 9189.0089, preserve_loss = 0.0046, adv_loss = -0.6888, discri_loss = 0.6209, sp_cls = 0.0000
Validation loss decreased (9175.369629 --> 9172.971826).  Saving model ...
epoch 42: loss = 9248.0658, Diff_loss = 9247.4335, preserve_loss = 0.0047, adv_loss = -0.6850, discri_loss = 0.6131, sp_cls = 0.0000
Validation loss decreased (9172.971826 --> 9158.957227).  Saving model ...
epoch 43: loss = 9185.6611, Diff_loss = 9185.0686, preserve_loss = 0.0045, adv_loss = -0.6899, discri_loss = 0.6222, sp_cls = 0.0000
Validation loss decreased (9158.957227 --> 9151.366455).  Saving model ...
epoch 44: loss = 9218.3863, Diff_loss = 9217.7892, preserve_loss = 0.0045, adv_loss = -0.6929, discri_loss = 0.6193, sp_cls = 0.0000
EarlyStopping counter: 1 / 20
epoch 45: loss = 9234.0785, Diff_loss = 9233.5101, preserve_loss = 0.0044, adv_loss = -0.6867, discri_loss = 0.6169, sp_cls = 0.0000
Validation loss decreased (9151.366455 --> 9132.138086).  Saving model ...
epoch 46: loss = 9162.9488, Diff_loss = 9162.3702, preserve_loss = 0.0044, adv_loss = -0.6849, discri_loss = 0.6150, sp_cls = 0.0000
Validation loss decreased (9132.138086 --> 9115.609521).  Saving model ...
epoch 47: loss = 9190.0914, Diff_loss = 9189.5182, preserve_loss = 0.0044, adv_loss = -0.6852, discri_loss = 0.6190, sp_cls = 0.0000
EarlyStopping counter: 1 / 20
epoch 48: loss = 9154.9886, Diff_loss = 9154.4715, preserve_loss = 0.0041, adv_loss = -0.6825, discri_loss = 0.6186, sp_cls = 0.0000
EarlyStopping counter: 2 / 20
epoch 49: loss = 9036.3697, Diff_loss = 9035.8132, preserve_loss = 0.0043, adv_loss = -0.6836, discri_loss = 0.6167, sp_cls = 0.0000
Validation loss decreased (9115.609521 --> 9104.445557).  Saving model ...
epoch 50: loss = 9111.3750, Diff_loss = 9110.8094, preserve_loss = 0.0043, adv_loss = -0.6835, discri_loss = 0.6181, sp_cls = 0.0000
inference: loss = 8836.6800, Diff_loss = 8836.3792, preserve_loss = 0.0029, adv_loss = -0.6443
All results recorded in adata.
EarlyStopping counter: 1 / 20
epoch 51: loss = 9126.1831, Diff_loss = 9125.6561, preserve_loss = 0.0041, adv_loss = -0.6826, discri_loss = 0.6152, sp_cls = 0.0000
EarlyStopping counter: 2 / 20
epoch 52: loss = 9187.5750, Diff_loss = 9187.0326, preserve_loss = 0.0042, adv_loss = -0.6765, discri_loss = 0.6054, sp_cls = 0.0000
EarlyStopping counter: 3 / 20
epoch 53: loss = 9036.5593, Diff_loss = 9036.0555, preserve_loss = 0.0040, adv_loss = -0.6786, discri_loss = 0.6137, sp_cls = 0.0000
Validation loss decreased (9104.445557 --> 9097.393604).  Saving model ...
epoch 54: loss = 8972.9444, Diff_loss = 8972.4081, preserve_loss = 0.0042, adv_loss = -0.6727, discri_loss = 0.6030, sp_cls = 0.0000
Validation loss decreased (9097.393604 --> 9086.690967).  Saving model ...
epoch 55: loss = 9043.2175, Diff_loss = 9042.7052, preserve_loss = 0.0040, adv_loss = -0.6724, discri_loss = 0.6152, sp_cls = 0.0000
EarlyStopping counter: 1 / 20
epoch 56: loss = 9065.9334, Diff_loss = 9065.4213, preserve_loss = 0.0041, adv_loss = -0.6760, discri_loss = 0.6056, sp_cls = 0.0000
EarlyStopping counter: 2 / 20
epoch 57: loss = 9003.6182, Diff_loss = 9003.1131, preserve_loss = 0.0040, adv_loss = -0.6762, discri_loss = 0.6077, sp_cls = 0.0000
EarlyStopping counter: 3 / 20
epoch 58: loss = 9006.0514, Diff_loss = 9005.5628, preserve_loss = 0.0039, adv_loss = -0.6688, discri_loss = 0.6017, sp_cls = 0.0000
EarlyStopping counter: 4 / 20
epoch 59: loss = 9117.7964, Diff_loss = 9117.2799, preserve_loss = 0.0041, adv_loss = -0.6701, discri_loss = 0.6032, sp_cls = 0.0000
Validation loss decreased (9086.690967 --> 9079.239893).  Saving model ...
epoch 60: loss = 8999.6031, Diff_loss = 8999.1193, preserve_loss = 0.0039, adv_loss = -0.6672, discri_loss = 0.6011, sp_cls = 0.0000
inference: loss = 8779.8710, Diff_loss = 8779.6221, preserve_loss = 0.0025, adv_loss = -0.6027
All results recorded in adata.
[I 2026-02-11 23:19:37,286] Trial 49 pruned. 

============================================================
Trial 50: gamma=407.761, lambda_adv=4.101, lambda_sp_cls=0.218, lr=0.00043, dropout=0.21, latent_dim=64, denoise_hidden=512, batch_size=256
============================================================
using cuda
Training start!
epoch 1: loss = 26541.6380, Diff_loss = 15610.5737, preserve_loss = 26.8073, adv_loss = 0.0000, discri_loss = 0.0000, sp_cls = 0.3314
epoch 2: loss = 12895.6213, Diff_loss = 12865.6821, preserve_loss = 0.0734, adv_loss = 0.0000, discri_loss = 0.0000, sp_cls = 0.0210
epoch 3: loss = 12693.9339, Diff_loss = 12681.3502, preserve_loss = 0.0309, adv_loss = 0.0000, discri_loss = 0.0000, sp_cls = 0.0078
epoch 4: loss = 12280.7662, Diff_loss = 12273.4028, preserve_loss = 0.0181, adv_loss = 0.0000, discri_loss = 0.0000, sp_cls = 0.0031
epoch 5: loss = 12213.2154, Diff_loss = 12208.7196, preserve_loss = 0.0110, adv_loss = 0.0000, discri_loss = 0.0000, sp_cls = 0.0026
epoch 6: loss = 11965.4607, Diff_loss = 11962.3295, preserve_loss = 0.0077, adv_loss = 0.0000, discri_loss = 0.0000, sp_cls = 0.0016
epoch 7: loss = 11835.6034, Diff_loss = 11833.3116, preserve_loss = 0.0056, adv_loss = 0.0000, discri_loss = 0.0000, sp_cls = 0.0009
epoch 8: loss = 11656.6840, Diff_loss = 11654.7178, preserve_loss = 0.0048, adv_loss = 0.0000, discri_loss = 0.0000, sp_cls = 0.0005
epoch 9: loss = 11638.1295, Diff_loss = 11635.8282, preserve_loss = 0.0056, adv_loss = 0.0000, discri_loss = 0.0000, sp_cls = 0.0006
epoch 10: loss = 11488.0204, Diff_loss = 11486.7861, preserve_loss = 0.0030, adv_loss = 0.0000, discri_loss = 0.0000, sp_cls = 0.0005
epoch 11: loss = 11280.5607, Diff_loss = 11283.8625, preserve_loss = 0.0026, adv_loss = -1.0588, discri_loss = 1.0263, sp_cls = 0.0003
Validation loss decreased (inf --> 10821.788184).  Saving model ...
epoch 12: loss = 11045.3750, Diff_loss = 11048.5942, preserve_loss = 0.0024, adv_loss = -1.0241, discri_loss = 0.8954, sp_cls = 0.0004
Validation loss decreased (10821.788184 --> 10647.092529).  Saving model ...
epoch 13: loss = 10792.4689, Diff_loss = 10795.6102, preserve_loss = 0.0022, adv_loss = -0.9842, discri_loss = 0.8086, sp_cls = 0.0003
Validation loss decreased (10647.092529 --> 10389.754688).  Saving model ...
epoch 14: loss = 10632.0527, Diff_loss = 10635.1314, preserve_loss = 0.0020, adv_loss = -0.9454, discri_loss = 0.7752, sp_cls = 0.0003
Validation loss decreased (10389.754688 --> 10246.231738).  Saving model ...
epoch 15: loss = 10470.8608, Diff_loss = 10473.9243, preserve_loss = 0.0017, adv_loss = -0.9201, discri_loss = 0.7473, sp_cls = 0.0003
Validation loss decreased (10246.231738 --> 10138.784717).  Saving model ...
epoch 16: loss = 10277.7162, Diff_loss = 10280.7181, preserve_loss = 0.0016, adv_loss = -0.8893, discri_loss = 0.7265, sp_cls = 0.0002
Validation loss decreased (10138.784717 --> 10017.491553).  Saving model ...
epoch 17: loss = 10206.3782, Diff_loss = 10209.2991, preserve_loss = 0.0015, adv_loss = -0.8653, discri_loss = 0.7160, sp_cls = 0.0002
Validation loss decreased (10017.491553 --> 9908.947705).  Saving model ...
epoch 18: loss = 10162.3022, Diff_loss = 10165.1223, preserve_loss = 0.0016, adv_loss = -0.8452, discri_loss = 0.6978, sp_cls = 0.0001
Validation loss decreased (9908.947705 --> 9835.861133).  Saving model ...
epoch 19: loss = 9987.8497, Diff_loss = 9990.6759, preserve_loss = 0.0014, adv_loss = -0.8321, discri_loss = 0.6959, sp_cls = 0.0001
Validation loss decreased (9835.861133 --> 9762.122363).  Saving model ...
epoch 20: loss = 9918.1928, Diff_loss = 9921.0164, preserve_loss = 0.0014, adv_loss = -0.8257, discri_loss = 0.7063, sp_cls = 0.0001
Validation loss decreased (9762.122363 --> 9685.617773).  Saving model ...
epoch 21: loss = 9818.9508, Diff_loss = 9821.7036, preserve_loss = 0.0014, adv_loss = -0.8100, discri_loss = 0.6937, sp_cls = 0.0001
Validation loss decreased (9685.617773 --> 9630.071533).  Saving model ...
epoch 22: loss = 9647.5417, Diff_loss = 9650.3167, preserve_loss = 0.0013, adv_loss = -0.8061, discri_loss = 0.6985, sp_cls = 0.0001
Validation loss decreased (9630.071533 --> 9607.998682).  Saving model ...
epoch 23: loss = 9794.0297, Diff_loss = 9796.7244, preserve_loss = 0.0014, adv_loss = -0.7989, discri_loss = 0.6911, sp_cls = 0.0001
Validation loss decreased (9607.998682 --> 9540.771387).  Saving model ...
epoch 24: loss = 9709.7593, Diff_loss = 9712.4232, preserve_loss = 0.0015, adv_loss = -0.7940, discri_loss = 0.6879, sp_cls = 0.0000
Validation loss decreased (9540.771387 --> 9533.808984).  Saving model ...
epoch 25: loss = 9562.2270, Diff_loss = 9564.9010, preserve_loss = 0.0014, adv_loss = -0.7885, discri_loss = 0.6866, sp_cls = 0.0001
Validation loss decreased (9533.808984 --> 9455.302344).  Saving model ...
epoch 26: loss = 9620.6906, Diff_loss = 9623.3270, preserve_loss = 0.0014, adv_loss = -0.7826, discri_loss = 0.6963, sp_cls = 0.0000
Validation loss decreased (9455.302344 --> 9430.116260).  Saving model ...
epoch 27: loss = 9614.5688, Diff_loss = 9617.2283, preserve_loss = 0.0013, adv_loss = -0.7805, discri_loss = 0.6886, sp_cls = 0.0000
Validation loss decreased (9430.116260 --> 9394.559229).  Saving model ...
epoch 28: loss = 9548.2881, Diff_loss = 9550.9514, preserve_loss = 0.0013, adv_loss = -0.7830, discri_loss = 0.6891, sp_cls = 0.0000
EarlyStopping counter: 1 / 20
epoch 29: loss = 9534.3235, Diff_loss = 9536.9707, preserve_loss = 0.0014, adv_loss = -0.7815, discri_loss = 0.6907, sp_cls = 0.0000
Validation loss decreased (9394.559229 --> 9387.392480).  Saving model ...
epoch 30: loss = 9431.4909, Diff_loss = 9434.1357, preserve_loss = 0.0014, adv_loss = -0.7810, discri_loss = 0.6956, sp_cls = 0.0000
Validation loss decreased (9387.392480 --> 9325.793066).  Saving model ...
epoch 31: loss = 9385.5454, Diff_loss = 9388.1701, preserve_loss = 0.0014, adv_loss = -0.7799, discri_loss = 0.6903, sp_cls = 0.0001
Validation loss decreased (9325.793066 --> 9305.966650).  Saving model ...
epoch 32: loss = 9426.8280, Diff_loss = 9429.4705, preserve_loss = 0.0014, adv_loss = -0.7804, discri_loss = 0.6894, sp_cls = 0.0002
Validation loss decreased (9305.966650 --> 9293.047998).  Saving model ...
epoch 33: loss = 9314.2106, Diff_loss = 9316.7828, preserve_loss = 0.0015, adv_loss = -0.7806, discri_loss = 0.6895, sp_cls = 0.0000
Validation loss decreased (9293.047998 --> 9284.944141).  Saving model ...
epoch 34: loss = 9431.9139, Diff_loss = 9434.3661, preserve_loss = 0.0018, adv_loss = -0.7774, discri_loss = 0.6853, sp_cls = 0.0000
EarlyStopping counter: 1 / 20
epoch 35: loss = 9354.7288, Diff_loss = 9356.9762, preserve_loss = 0.0023, adv_loss = -0.7742, discri_loss = 0.6830, sp_cls = 0.0000
Validation loss decreased (9284.944141 --> 9257.535059).  Saving model ...
epoch 36: loss = 9298.7145, Diff_loss = 9300.9552, preserve_loss = 0.0023, adv_loss = -0.7770, discri_loss = 0.6960, sp_cls = 0.0001
EarlyStopping counter: 1 / 20
epoch 37: loss = 9260.9597, Diff_loss = 9263.1360, preserve_loss = 0.0025, adv_loss = -0.7778, discri_loss = 0.6864, sp_cls = 0.0000
Validation loss decreased (9257.535059 --> 9220.917773).  Saving model ...
epoch 38: loss = 9282.7046, Diff_loss = 9284.8922, preserve_loss = 0.0024, adv_loss = -0.7740, discri_loss = 0.6898, sp_cls = 0.0000
EarlyStopping counter: 1 / 20
epoch 39: loss = 9203.4112, Diff_loss = 9205.6232, preserve_loss = 0.0024, adv_loss = -0.7748, discri_loss = 0.6884, sp_cls = 0.0001
EarlyStopping counter: 2 / 20
epoch 40: loss = 9258.2387, Diff_loss = 9260.4471, preserve_loss = 0.0024, adv_loss = -0.7730, discri_loss = 0.6847, sp_cls = 0.0001
inference: loss = 8961.1420, Diff_loss = 8963.4509, preserve_loss = 0.0015, adv_loss = -0.7103
All results recorded in adata.
[I 2026-02-11 23:28:58,650] Trial 50 pruned. 

============================================================
Trial 51: gamma=84.724, lambda_adv=1.114, lambda_sp_cls=0.380, lr=0.00043, dropout=0.21, latent_dim=64, denoise_hidden=512, batch_size=256
============================================================
using cuda
Training start!
epoch 1: loss = 18015.2124, Diff_loss = 15489.4226, preserve_loss = 29.8112, adv_loss = 0.0000, discri_loss = 0.0000, sp_cls = 0.1736
epoch 2: loss = 12848.4074, Diff_loss = 12828.6424, preserve_loss = 0.2333, adv_loss = 0.0000, discri_loss = 0.0000, sp_cls = 0.0021
epoch 3: loss = 12524.7016, Diff_loss = 12516.1768, preserve_loss = 0.1006, adv_loss = 0.0000, discri_loss = 0.0000, sp_cls = 0.0007
epoch 4: loss = 12387.7751, Diff_loss = 12382.6682, preserve_loss = 0.0603, adv_loss = 0.0000, discri_loss = 0.0000, sp_cls = 0.0003
epoch 5: loss = 12224.6142, Diff_loss = 12221.4658, preserve_loss = 0.0372, adv_loss = 0.0000, discri_loss = 0.0000, sp_cls = 0.0002
epoch 6: loss = 11991.3918, Diff_loss = 11989.2327, preserve_loss = 0.0255, adv_loss = 0.0000, discri_loss = 0.0000, sp_cls = 0.0001
epoch 7: loss = 11872.3546, Diff_loss = 11870.8018, preserve_loss = 0.0183, adv_loss = 0.0000, discri_loss = 0.0000, sp_cls = 0.0001
epoch 8: loss = 11800.0388, Diff_loss = 11798.8324, preserve_loss = 0.0142, adv_loss = 0.0000, discri_loss = 0.0000, sp_cls = 0.0001
epoch 9: loss = 11546.0868, Diff_loss = 11545.1655, preserve_loss = 0.0109, adv_loss = 0.0000, discri_loss = 0.0000, sp_cls = 0.0000
epoch 10: loss = 11453.6632, Diff_loss = 11452.9247, preserve_loss = 0.0087, adv_loss = 0.0000, discri_loss = 0.0000, sp_cls = 0.0000
epoch 11: loss = 11210.1043, Diff_loss = 11210.5914, preserve_loss = 0.0082, adv_loss = -1.0581, discri_loss = 1.0741, sp_cls = 0.0000
Validation loss decreased (inf --> 10834.413184).  Saving model ...
epoch 12: loss = 11023.7121, Diff_loss = 11024.5454, preserve_loss = 0.0037, adv_loss = -1.0326, discri_loss = 0.9198, sp_cls = 0.0000
Validation loss decreased (10834.413184 --> 10589.351367).  Saving model ...
epoch 13: loss = 10669.6035, Diff_loss = 10670.4996, preserve_loss = 0.0025, adv_loss = -0.9938, discri_loss = 0.8347, sp_cls = 0.0000
Validation loss decreased (10589.351367 --> 10401.415137).  Saving model ...
epoch 14: loss = 10655.0102, Diff_loss = 10655.9199, preserve_loss = 0.0018, adv_loss = -0.9517, discri_loss = 0.7810, sp_cls = 0.0000
Validation loss decreased (10401.415137 --> 10236.190576).  Saving model ...
epoch 15: loss = 10398.1339, Diff_loss = 10399.0077, preserve_loss = 0.0018, adv_loss = -0.9178, discri_loss = 0.7559, sp_cls = 0.0000
Validation loss decreased (10236.190576 --> 10104.294482).  Saving model ...
epoch 16: loss = 10338.0496, Diff_loss = 10338.9078, preserve_loss = 0.0015, adv_loss = -0.8845, discri_loss = 0.7243, sp_cls = 0.0000
Validation loss decreased (10104.294482 --> 9976.064697).  Saving model ...
epoch 17: loss = 10168.0094, Diff_loss = 10168.4558, preserve_loss = 0.0059, adv_loss = -0.8497, discri_loss = 0.6998, sp_cls = 0.0000
Validation loss decreased (9976.064697 --> 9875.529736).  Saving model ...
epoch 18: loss = 10092.0489, Diff_loss = 10092.6522, preserve_loss = 0.0038, adv_loss = -0.8339, discri_loss = 0.6904, sp_cls = 0.0001
Validation loss decreased (9875.529736 --> 9778.021436).  Saving model ...
epoch 19: loss = 9873.7888, Diff_loss = 9874.5785, preserve_loss = 0.0013, adv_loss = -0.8109, discri_loss = 0.6698, sp_cls = 0.0000
Validation loss decreased (9778.021436 --> 9715.274170).  Saving model ...
epoch 20: loss = 9932.1933, Diff_loss = 9932.8502, preserve_loss = 0.0027, adv_loss = -0.7942, discri_loss = 0.6591, sp_cls = 0.0000
Validation loss decreased (9715.274170 --> 9645.663086).  Saving model ...
epoch 21: loss = 9670.0909, Diff_loss = 9670.8453, preserve_loss = 0.0013, adv_loss = -0.7791, discri_loss = 0.6579, sp_cls = 0.0000
Validation loss decreased (9645.663086 --> 9595.434326).  Saving model ...
epoch 22: loss = 9664.2831, Diff_loss = 9665.0237, preserve_loss = 0.0013, adv_loss = -0.7649, discri_loss = 0.6402, sp_cls = 0.0000
Validation loss decreased (9595.434326 --> 9525.037549).  Saving model ...
epoch 23: loss = 9643.1719, Diff_loss = 9643.8492, preserve_loss = 0.0019, adv_loss = -0.7549, discri_loss = 0.6430, sp_cls = 0.0000
Validation loss decreased (9525.037549 --> 9483.418408).  Saving model ...
epoch 24: loss = 9624.1292, Diff_loss = 9624.7833, preserve_loss = 0.0021, adv_loss = -0.7460, discri_loss = 0.6409, sp_cls = 0.0000
Validation loss decreased (9483.418408 --> 9477.820020).  Saving model ...
epoch 25: loss = 9564.3271, Diff_loss = 9564.9488, preserve_loss = 0.0024, adv_loss = -0.7371, discri_loss = 0.6328, sp_cls = 0.0000
Validation loss decreased (9477.820020 --> 9412.942188).  Saving model ...
epoch 26: loss = 9539.5173, Diff_loss = 9540.0901, preserve_loss = 0.0029, adv_loss = -0.7341, discri_loss = 0.6474, sp_cls = 0.0000
Validation loss decreased (9412.942188 --> 9405.476758).  Saving model ...
epoch 27: loss = 9460.4368, Diff_loss = 9460.9799, preserve_loss = 0.0032, adv_loss = -0.7332, discri_loss = 0.6477, sp_cls = 0.0000
Validation loss decreased (9405.476758 --> 9348.989014).  Saving model ...
epoch 28: loss = 9531.1605, Diff_loss = 9531.6343, preserve_loss = 0.0040, adv_loss = -0.7293, discri_loss = 0.6443, sp_cls = 0.0000
Validation loss decreased (9348.989014 --> 9336.286768).  Saving model ...
epoch 29: loss = 9498.4991, Diff_loss = 9498.9708, preserve_loss = 0.0040, adv_loss = -0.7277, discri_loss = 0.6457, sp_cls = 0.0000
Validation loss decreased (9336.286768 --> 9327.644287).  Saving model ...
epoch 30: loss = 9510.3057, Diff_loss = 9510.7256, preserve_loss = 0.0046, adv_loss = -0.7258, discri_loss = 0.6386, sp_cls = 0.0000
Validation loss decreased (9327.644287 --> 9305.895117).  Saving model ...
epoch 31: loss = 9362.8520, Diff_loss = 9363.3017, preserve_loss = 0.0042, adv_loss = -0.7223, discri_loss = 0.6487, sp_cls = 0.0000
Validation loss decreased (9305.895117 --> 9290.900879).  Saving model ...
epoch 32: loss = 9352.0916, Diff_loss = 9352.5086, preserve_loss = 0.0046, adv_loss = -0.7249, discri_loss = 0.6499, sp_cls = 0.0000
Validation loss decreased (9290.900879 --> 9277.491650).  Saving model ...
epoch 33: loss = 9449.4096, Diff_loss = 9449.7930, preserve_loss = 0.0050, adv_loss = -0.7226, discri_loss = 0.6512, sp_cls = 0.0000
EarlyStopping counter: 1 / 20
epoch 34: loss = 9367.0765, Diff_loss = 9367.4473, preserve_loss = 0.0052, adv_loss = -0.7287, discri_loss = 0.6552, sp_cls = 0.0000
Validation loss decreased (9277.491650 --> 9259.185791).  Saving model ...
epoch 35: loss = 9328.6223, Diff_loss = 9328.9996, preserve_loss = 0.0051, adv_loss = -0.7285, discri_loss = 0.6588, sp_cls = 0.0000
Validation loss decreased (9259.185791 --> 9210.646533).  Saving model ...
epoch 36: loss = 9300.9395, Diff_loss = 9301.3056, preserve_loss = 0.0052, adv_loss = -0.7252, discri_loss = 0.6458, sp_cls = 0.0000
EarlyStopping counter: 1 / 20
epoch 37: loss = 9305.0205, Diff_loss = 9305.3576, preserve_loss = 0.0055, adv_loss = -0.7196, discri_loss = 0.6356, sp_cls = 0.0000
EarlyStopping counter: 2 / 20
epoch 38: loss = 9286.1680, Diff_loss = 9286.5142, preserve_loss = 0.0054, adv_loss = -0.7228, discri_loss = 0.6459, sp_cls = 0.0000
EarlyStopping counter: 3 / 20
epoch 39: loss = 9341.9590, Diff_loss = 9342.2440, preserve_loss = 0.0061, adv_loss = -0.7218, discri_loss = 0.6396, sp_cls = 0.0000
Validation loss decreased (9210.646533 --> 9186.918652).  Saving model ...
epoch 40: loss = 9252.8138, Diff_loss = 9253.1438, preserve_loss = 0.0056, adv_loss = -0.7217, discri_loss = 0.6514, sp_cls = 0.0000
inference: loss = 8947.8782, Diff_loss = 8948.3325, preserve_loss = 0.0033, adv_loss = -0.6594
All results recorded in adata.
Validation loss decreased (9186.918652 --> 9170.647998).  Saving model ...
epoch 41: loss = 9286.9044, Diff_loss = 9287.2306, preserve_loss = 0.0056, adv_loss = -0.7224, discri_loss = 0.6425, sp_cls = 0.0000
Validation loss decreased (9170.647998 --> 9168.283301).  Saving model ...
epoch 42: loss = 9182.9601, Diff_loss = 9183.2833, preserve_loss = 0.0057, adv_loss = -0.7221, discri_loss = 0.6432, sp_cls = 0.0000
Validation loss decreased (9168.283301 --> 9142.771875).  Saving model ...
epoch 43: loss = 9211.1918, Diff_loss = 9211.5223, preserve_loss = 0.0056, adv_loss = -0.7204, discri_loss = 0.6424, sp_cls = 0.0000
EarlyStopping counter: 1 / 20
epoch 44: loss = 9165.4568, Diff_loss = 9165.7764, preserve_loss = 0.0057, adv_loss = -0.7217, discri_loss = 0.6435, sp_cls = 0.0000
EarlyStopping counter: 2 / 20
epoch 45: loss = 9157.3357, Diff_loss = 9157.6428, preserve_loss = 0.0059, adv_loss = -0.7227, discri_loss = 0.6436, sp_cls = 0.0000
EarlyStopping counter: 3 / 20
epoch 46: loss = 9226.7380, Diff_loss = 9227.0253, preserve_loss = 0.0061, adv_loss = -0.7197, discri_loss = 0.6392, sp_cls = 0.0000
Validation loss decreased (9142.771875 --> 9142.678809).  Saving model ...
epoch 47: loss = 9170.3419, Diff_loss = 9170.6596, preserve_loss = 0.0057, adv_loss = -0.7223, discri_loss = 0.6416, sp_cls = 0.0000
EarlyStopping counter: 1 / 20
epoch 48: loss = 9074.6464, Diff_loss = 9074.9620, preserve_loss = 0.0058, adv_loss = -0.7252, discri_loss = 0.6445, sp_cls = 0.0000
EarlyStopping counter: 2 / 20
epoch 49: loss = 9151.4850, Diff_loss = 9151.7736, preserve_loss = 0.0061, adv_loss = -0.7246, discri_loss = 0.6452, sp_cls = 0.0000
Validation loss decreased (9142.678809 --> 9123.616699).  Saving model ...
epoch 50: loss = 9098.5776, Diff_loss = 9098.8626, preserve_loss = 0.0061, adv_loss = -0.7203, discri_loss = 0.6304, sp_cls = 0.0000
inference: loss = 8845.5591, Diff_loss = 8845.9580, preserve_loss = 0.0039, adv_loss = -0.6526
All results recorded in adata.
EarlyStopping counter: 1 / 20
epoch 51: loss = 9150.5884, Diff_loss = 9150.8877, preserve_loss = 0.0059, adv_loss = -0.7191, discri_loss = 0.6356, sp_cls = 0.0000
Validation loss decreased (9123.616699 --> 9119.919141).  Saving model ...
epoch 52: loss = 9120.1650, Diff_loss = 9120.4412, preserve_loss = 0.0062, adv_loss = -0.7198, discri_loss = 0.6354, sp_cls = 0.0000
Validation loss decreased (9119.919141 --> 9078.341553).  Saving model ...
epoch 53: loss = 9161.6893, Diff_loss = 9161.9561, preserve_loss = 0.0063, adv_loss = -0.7173, discri_loss = 0.6272, sp_cls = 0.0000
EarlyStopping counter: 1 / 20
epoch 54: loss = 9146.6320, Diff_loss = 9146.9042, preserve_loss = 0.0062, adv_loss = -0.7127, discri_loss = 0.6232, sp_cls = 0.0000
EarlyStopping counter: 2 / 20
epoch 55: loss = 9160.2594, Diff_loss = 9160.5188, preserve_loss = 0.0063, adv_loss = -0.7128, discri_loss = 0.6260, sp_cls = 0.0000
EarlyStopping counter: 3 / 20
epoch 56: loss = 9098.2223, Diff_loss = 9098.4912, preserve_loss = 0.0062, adv_loss = -0.7120, discri_loss = 0.6223, sp_cls = 0.0000
EarlyStopping counter: 4 / 20
epoch 57: loss = 9060.5368, Diff_loss = 9060.8086, preserve_loss = 0.0061, adv_loss = -0.7078, discri_loss = 0.6203, sp_cls = 0.0000
EarlyStopping counter: 5 / 20
epoch 58: loss = 8990.3983, Diff_loss = 8990.6553, preserve_loss = 0.0062, adv_loss = -0.7059, discri_loss = 0.6150, sp_cls = 0.0000
Validation loss decreased (9078.341553 --> 9060.756689).  Saving model ...
epoch 59: loss = 9033.1760, Diff_loss = 9033.4272, preserve_loss = 0.0063, adv_loss = -0.7030, discri_loss = 0.6176, sp_cls = 0.0000
EarlyStopping counter: 1 / 20
epoch 60: loss = 9153.8148, Diff_loss = 9154.0682, preserve_loss = 0.0063, adv_loss = -0.7035, discri_loss = 0.6222, sp_cls = 0.0000
inference: loss = 8778.5256, Diff_loss = 8778.9016, preserve_loss = 0.0038, adv_loss = -0.6266
All results recorded in adata.
EarlyStopping counter: 2 / 20
epoch 61: loss = 9101.4691, Diff_loss = 9101.7122, preserve_loss = 0.0064, adv_loss = -0.7039, discri_loss = 0.6080, sp_cls = 0.0000
EarlyStopping counter: 3 / 20
epoch 62: loss = 9109.3030, Diff_loss = 9109.5494, preserve_loss = 0.0063, adv_loss = -0.7009, discri_loss = 0.6122, sp_cls = 0.0000
EarlyStopping counter: 4 / 20
epoch 63: loss = 9092.3163, Diff_loss = 9092.5488, preserve_loss = 0.0064, adv_loss = -0.6982, discri_loss = 0.6087, sp_cls = 0.0000
EarlyStopping counter: 5 / 20
epoch 64: loss = 9105.9031, Diff_loss = 9106.1419, preserve_loss = 0.0063, adv_loss = -0.6970, discri_loss = 0.6059, sp_cls = 0.0000
EarlyStopping counter: 6 / 20
epoch 65: loss = 9152.4867, Diff_loss = 9152.7152, preserve_loss = 0.0064, adv_loss = -0.6921, discri_loss = 0.5967, sp_cls = 0.0000
Validation loss decreased (9060.756689 --> 9059.829834).  Saving model ...
epoch 66: loss = 9124.7064, Diff_loss = 9124.9481, preserve_loss = 0.0062, adv_loss = -0.6906, discri_loss = 0.5991, sp_cls = 0.0000
EarlyStopping counter: 1 / 20
epoch 67: loss = 9153.1205, Diff_loss = 9153.3436, preserve_loss = 0.0064, adv_loss = -0.6888, discri_loss = 0.5941, sp_cls = 0.0000
EarlyStopping counter: 2 / 20
epoch 68: loss = 9174.1248, Diff_loss = 9174.3429, preserve_loss = 0.0064, adv_loss = -0.6853, discri_loss = 0.5917, sp_cls = 0.0000
EarlyStopping counter: 3 / 20
epoch 69: loss = 9101.7563, Diff_loss = 9101.9980, preserve_loss = 0.0061, adv_loss = -0.6830, discri_loss = 0.5945, sp_cls = 0.0000
EarlyStopping counter: 4 / 20
epoch 70: loss = 9084.1839, Diff_loss = 9084.4157, preserve_loss = 0.0062, adv_loss = -0.6825, discri_loss = 0.5828, sp_cls = 0.0000
inference: loss = 8767.8532, Diff_loss = 8768.1841, preserve_loss = 0.0040, adv_loss = -0.6009
All results recorded in adata.
EarlyStopping counter: 5 / 20
epoch 71: loss = 8984.2524, Diff_loss = 8984.4743, preserve_loss = 0.0063, adv_loss = -0.6803, discri_loss = 0.5912, sp_cls = 0.0000
EarlyStopping counter: 6 / 20
epoch 72: loss = 9087.8124, Diff_loss = 9088.0483, preserve_loss = 0.0061, adv_loss = -0.6777, discri_loss = 0.5763, sp_cls = 0.0000
EarlyStopping counter: 7 / 20
epoch 73: loss = 9110.6261, Diff_loss = 9110.8493, preserve_loss = 0.0062, adv_loss = -0.6742, discri_loss = 0.5772, sp_cls = 0.0000
EarlyStopping counter: 8 / 20
epoch 74: loss = 9101.8849, Diff_loss = 9102.1053, preserve_loss = 0.0062, adv_loss = -0.6726, discri_loss = 0.5798, sp_cls = 0.0000
EarlyStopping counter: 9 / 20
epoch 75: loss = 9067.3864, Diff_loss = 9067.5922, preserve_loss = 0.0064, adv_loss = -0.6708, discri_loss = 0.5772, sp_cls = 0.0000
EarlyStopping counter: 10 / 20
epoch 76: loss = 9060.6271, Diff_loss = 9060.8283, preserve_loss = 0.0064, adv_loss = -0.6685, discri_loss = 0.5745, sp_cls = 0.0000
EarlyStopping counter: 11 / 20
epoch 77: loss = 9119.5320, Diff_loss = 9119.7303, preserve_loss = 0.0064, adv_loss = -0.6672, discri_loss = 0.5760, sp_cls = 0.0000
EarlyStopping counter: 12 / 20
epoch 78: loss = 9037.7547, Diff_loss = 9037.9552, preserve_loss = 0.0064, adv_loss = -0.6671, discri_loss = 0.5765, sp_cls = 0.0000
Validation loss decreased (9059.829834 --> 9056.412671).  Saving model ...
epoch 79: loss = 9081.9955, Diff_loss = 9082.1939, preserve_loss = 0.0064, adv_loss = -0.6639, discri_loss = 0.5680, sp_cls = 0.0000
EarlyStopping counter: 1 / 20
epoch 80: loss = 9000.6910, Diff_loss = 9000.9122, preserve_loss = 0.0061, adv_loss = -0.6638, discri_loss = 0.5734, sp_cls = 0.0000
inference: loss = 8773.2434, Diff_loss = 8773.5685, preserve_loss = 0.0038, adv_loss = -0.5823
All results recorded in adata.
EarlyStopping counter: 2 / 20
epoch 81: loss = 9059.2735, Diff_loss = 9059.4688, preserve_loss = 0.0064, adv_loss = -0.6626, discri_loss = 0.5680, sp_cls = 0.0000
EarlyStopping counter: 3 / 20
epoch 82: loss = 9034.0974, Diff_loss = 9034.3006, preserve_loss = 0.0062, adv_loss = -0.6559, discri_loss = 0.5631, sp_cls = 0.0000
EarlyStopping counter: 4 / 20
epoch 83: loss = 8937.8226, Diff_loss = 8938.0019, preserve_loss = 0.0065, adv_loss = -0.6586, discri_loss = 0.5749, sp_cls = 0.0000
EarlyStopping counter: 5 / 20
epoch 84: loss = 9030.3577, Diff_loss = 9030.5295, preserve_loss = 0.0066, adv_loss = -0.6599, discri_loss = 0.5753, sp_cls = 0.0000
EarlyStopping counter: 6 / 20
epoch 85: loss = 9068.2365, Diff_loss = 9068.3676, preserve_loss = 0.0071, adv_loss = -0.6579, discri_loss = 0.5696, sp_cls = 0.0000
EarlyStopping counter: 7 / 20
epoch 86: loss = 9087.9374, Diff_loss = 9088.1217, preserve_loss = 0.0065, adv_loss = -0.6613, discri_loss = 0.5755, sp_cls = 0.0000
EarlyStopping counter: 8 / 20
epoch 87: loss = 9133.6594, Diff_loss = 9133.8251, preserve_loss = 0.0067, adv_loss = -0.6618, discri_loss = 0.5717, sp_cls = 0.0000
EarlyStopping counter: 9 / 20
epoch 88: loss = 9100.5123, Diff_loss = 9100.6712, preserve_loss = 0.0068, adv_loss = -0.6586, discri_loss = 0.5744, sp_cls = 0.0000
EarlyStopping counter: 10 / 20
epoch 89: loss = 9124.6592, Diff_loss = 9124.8380, preserve_loss = 0.0065, adv_loss = -0.6561, discri_loss = 0.5771, sp_cls = 0.0000
EarlyStopping counter: 11 / 20
epoch 90: loss = 9214.8069, Diff_loss = 9214.9631, preserve_loss = 0.0068, adv_loss = -0.6590, discri_loss = 0.5785, sp_cls = 0.0000
inference: loss = 8797.2372, Diff_loss = 8797.5407, preserve_loss = 0.0038, adv_loss = -0.5604
All results recorded in adata.
EarlyStopping counter: 12 / 20
epoch 91: loss = 9144.5625, Diff_loss = 9144.6770, preserve_loss = 0.0073, adv_loss = -0.6571, discri_loss = 0.5789, sp_cls = 0.0000
EarlyStopping counter: 13 / 20
epoch 92: loss = 9045.5709, Diff_loss = 9045.7203, preserve_loss = 0.0069, adv_loss = -0.6587, discri_loss = 0.5762, sp_cls = 0.0000
EarlyStopping counter: 14 / 20
epoch 93: loss = 9092.9610, Diff_loss = 9093.1003, preserve_loss = 0.0070, adv_loss = -0.6613, discri_loss = 0.5720, sp_cls = 0.0000
EarlyStopping counter: 15 / 20
epoch 94: loss = 9108.0219, Diff_loss = 9108.1335, preserve_loss = 0.0073, adv_loss = -0.6577, discri_loss = 0.5765, sp_cls = 0.0000
EarlyStopping counter: 16 / 20
epoch 95: loss = 9089.3143, Diff_loss = 9089.4105, preserve_loss = 0.0074, adv_loss = -0.6517, discri_loss = 0.5674, sp_cls = 0.0000
EarlyStopping counter: 17 / 20
epoch 96: loss = 9148.1645, Diff_loss = 9148.1519, preserve_loss = 0.0088, adv_loss = -0.6552, discri_loss = 0.5721, sp_cls = 0.0000
EarlyStopping counter: 18 / 20
epoch 97: loss = 9173.8452, Diff_loss = 9173.7933, preserve_loss = 0.0092, adv_loss = -0.6519, discri_loss = 0.5688, sp_cls = 0.0000
EarlyStopping counter: 19 / 20
epoch 98: loss = 9127.4563, Diff_loss = 9127.5072, preserve_loss = 0.0080, adv_loss = -0.6579, discri_loss = 0.5827, sp_cls = 0.0000
EarlyStopping counter: 20 / 20
Early stopping at epoch 98
Training finished!
inference: loss = 8770.2945, Diff_loss = 8770.6095, preserve_loss = 0.0039, adv_loss = -0.5784
All results recorded in adata.
>>> Trial 51 score=0.5504
    [Bio] NMI=0.6131, ARI=0.5267, label_ASW=0.5289, cLISI=0.9509, iso_ASW=0.5379, iso_F1=0.6520
    [Batch] sil=0.9767, iLISI=0.2826, kBET=0.0662, PCR=0.0000
    [Modality] sil=0.9999, iLISI=0.3066, kBET=0.1736, PCR=0.6973, graph_conn=0.9614
[I 2026-02-11 23:55:31,785] Trial 51 finished with value: 0.5504072743895475 and parameters: {'gamma': 84.72398861472674, 'lambda_adv': 1.1137824349187238, 'lr': 0.0004267831611907467, 'dropout_rate': 0.21409190027253722, 'latent_dim': 64, 'lambda_sp_cls': 0.3797355619320147, 'batch_size': 256}. Best is trial 15 with value: 0.5537243471958723.

============================================================
Trial 52: gamma=125.641, lambda_adv=1.030, lambda_sp_cls=0.442, lr=0.00051, dropout=0.22, latent_dim=64, denoise_hidden=512, batch_size=256
============================================================
using cuda
Training start!
epoch 1: loss = 17757.7047, Diff_loss = 14883.7784, preserve_loss = 22.8733, adv_loss = 0.0000, discri_loss = 0.0000, sp_cls = 0.2249
epoch 2: loss = 12865.6298, Diff_loss = 12849.8711, preserve_loss = 0.1254, adv_loss = 0.0000, discri_loss = 0.0000, sp_cls = 0.0074
epoch 3: loss = 12517.2248, Diff_loss = 12509.7823, preserve_loss = 0.0592, adv_loss = 0.0000, discri_loss = 0.0000, sp_cls = 0.0022
epoch 4: loss = 12359.9814, Diff_loss = 12355.5827, preserve_loss = 0.0350, adv_loss = 0.0000, discri_loss = 0.0000, sp_cls = 0.0005
epoch 5: loss = 12118.3272, Diff_loss = 12115.5690, preserve_loss = 0.0220, adv_loss = 0.0000, discri_loss = 0.0000, sp_cls = 0.0005
epoch 6: loss = 11945.6759, Diff_loss = 11943.7105, preserve_loss = 0.0156, adv_loss = 0.0000, discri_loss = 0.0000, sp_cls = 0.0003
epoch 7: loss = 11773.1271, Diff_loss = 11765.2262, preserve_loss = 0.0629, adv_loss = 0.0000, discri_loss = 0.0000, sp_cls = 0.0006
epoch 8: loss = 11526.1140, Diff_loss = 11524.7715, preserve_loss = 0.0107, adv_loss = 0.0000, discri_loss = 0.0000, sp_cls = 0.0002
epoch 9: loss = 11403.8119, Diff_loss = 11402.9405, preserve_loss = 0.0069, adv_loss = 0.0000, discri_loss = 0.0000, sp_cls = 0.0001
epoch 10: loss = 11354.3586, Diff_loss = 11353.6883, preserve_loss = 0.0053, adv_loss = 0.0000, discri_loss = 0.0000, sp_cls = 0.0001
epoch 11: loss = 11203.5356, Diff_loss = 11204.1731, preserve_loss = 0.0037, adv_loss = -1.0663, discri_loss = 1.0378, sp_cls = 0.0001
Validation loss decreased (inf --> 10747.567188).  Saving model ...
epoch 12: loss = 10940.2283, Diff_loss = 10940.9937, preserve_loss = 0.0023, adv_loss = -1.0242, discri_loss = 0.9011, sp_cls = 0.0000
Validation loss decreased (10747.567188 --> 10533.768604).  Saving model ...
epoch 13: loss = 10742.3476, Diff_loss = 10743.0748, preserve_loss = 0.0022, adv_loss = -0.9760, discri_loss = 0.8252, sp_cls = 0.0000
Validation loss decreased (10533.768604 --> 10346.187842).  Saving model ...
epoch 14: loss = 10406.9772, Diff_loss = 10407.3220, preserve_loss = 0.0049, adv_loss = -0.9314, discri_loss = 0.7724, sp_cls = 0.0000
Validation loss decreased (10346.187842 --> 10237.687891).  Saving model ...
epoch 15: loss = 10487.8443, Diff_loss = 10488.0141, preserve_loss = 0.0059, adv_loss = -0.8852, discri_loss = 0.7261, sp_cls = 0.0001
Validation loss decreased (10237.687891 --> 10069.558203).  Saving model ...
epoch 16: loss = 10248.7616, Diff_loss = 10249.0256, preserve_loss = 0.0048, adv_loss = -0.8465, discri_loss = 0.7051, sp_cls = 0.0002
Validation loss decreased (10069.558203 --> 9960.657861).  Saving model ...
epoch 17: loss = 10250.0369, Diff_loss = 10250.2504, preserve_loss = 0.0050, adv_loss = -0.8154, discri_loss = 0.6826, sp_cls = 0.0001
Validation loss decreased (9960.657861 --> 9888.752051).  Saving model ...
epoch 18: loss = 10101.5942, Diff_loss = 10101.9195, preserve_loss = 0.0040, adv_loss = -0.8036, discri_loss = 0.6977, sp_cls = 0.0001
Validation loss decreased (9888.752051 --> 9788.097559).  Saving model ...
epoch 19: loss = 9905.9511, Diff_loss = 9906.2430, preserve_loss = 0.0041, adv_loss = -0.7842, discri_loss = 0.6632, sp_cls = 0.0001
Validation loss decreased (9788.097559 --> 9687.709521).  Saving model ...
epoch 20: loss = 9891.5484, Diff_loss = 9891.8389, preserve_loss = 0.0040, adv_loss = -0.7648, discri_loss = 0.6590, sp_cls = 0.0002
Validation loss decreased (9687.709521 --> 9633.833105).  Saving model ...
epoch 21: loss = 9896.5198, Diff_loss = 9896.8367, preserve_loss = 0.0036, adv_loss = -0.7512, discri_loss = 0.6621, sp_cls = 0.0001
Validation loss decreased (9633.833105 --> 9567.797412).  Saving model ...
epoch 22: loss = 9676.5404, Diff_loss = 9676.7888, preserve_loss = 0.0042, adv_loss = -0.7520, discri_loss = 0.6736, sp_cls = 0.0001
Validation loss decreased (9567.797412 --> 9504.185791).  Saving model ...
epoch 23: loss = 9700.1095, Diff_loss = 9700.4488, preserve_loss = 0.0035, adv_loss = -0.7516, discri_loss = 0.6670, sp_cls = 0.0001
Validation loss decreased (9504.185791 --> 9491.453076).  Saving model ...
epoch 24: loss = 9752.5960, Diff_loss = 9752.9085, preserve_loss = 0.0036, adv_loss = -0.7436, discri_loss = 0.6774, sp_cls = 0.0003
Validation loss decreased (9491.453076 --> 9447.683203).  Saving model ...
epoch 25: loss = 9578.1987, Diff_loss = 9578.5390, preserve_loss = 0.0034, adv_loss = -0.7454, discri_loss = 0.6772, sp_cls = 0.0001
Validation loss decreased (9447.683203 --> 9391.495801).  Saving model ...
epoch 26: loss = 9555.7326, Diff_loss = 9556.0664, preserve_loss = 0.0034, adv_loss = -0.7450, discri_loss = 0.6823, sp_cls = 0.0001
Validation loss decreased (9391.495801 --> 9378.524219).  Saving model ...
epoch 27: loss = 9498.0166, Diff_loss = 9498.3830, preserve_loss = 0.0032, adv_loss = -0.7418, discri_loss = 0.6720, sp_cls = 0.0001
Validation loss decreased (9378.524219 --> 9365.822461).  Saving model ...
epoch 28: loss = 9446.7100, Diff_loss = 9447.0678, preserve_loss = 0.0033, adv_loss = -0.7461, discri_loss = 0.6766, sp_cls = 0.0001
Validation loss decreased (9365.822461 --> 9330.240234).  Saving model ...
epoch 29: loss = 9450.5255, Diff_loss = 9450.8730, preserve_loss = 0.0033, adv_loss = -0.7456, discri_loss = 0.6797, sp_cls = 0.0001
Validation loss decreased (9330.240234 --> 9310.967676).  Saving model ...
epoch 30: loss = 9474.4126, Diff_loss = 9474.7294, preserve_loss = 0.0036, adv_loss = -0.7419, discri_loss = 0.6674, sp_cls = 0.0001
EarlyStopping counter: 1 / 20
epoch 31: loss = 9439.9418, Diff_loss = 9440.2773, preserve_loss = 0.0034, adv_loss = -0.7411, discri_loss = 0.6722, sp_cls = 0.0001
Validation loss decreased (9310.967676 --> 9308.595410).  Saving model ...
epoch 32: loss = 9399.7074, Diff_loss = 9400.0431, preserve_loss = 0.0034, adv_loss = -0.7413, discri_loss = 0.6728, sp_cls = 0.0001
Validation loss decreased (9308.595410 --> 9271.588477).  Saving model ...
epoch 33: loss = 9433.8571, Diff_loss = 9434.1951, preserve_loss = 0.0034, adv_loss = -0.7428, discri_loss = 0.6692, sp_cls = 0.0001
EarlyStopping counter: 1 / 20
epoch 34: loss = 9370.0219, Diff_loss = 9370.3576, preserve_loss = 0.0034, adv_loss = -0.7415, discri_loss = 0.6676, sp_cls = 0.0001
Validation loss decreased (9271.588477 --> 9261.758105).  Saving model ...
epoch 35: loss = 9382.4156, Diff_loss = 9382.7519, preserve_loss = 0.0034, adv_loss = -0.7360, discri_loss = 0.6618, sp_cls = 0.0001
Validation loss decreased (9261.758105 --> 9225.471289).  Saving model ...
epoch 36: loss = 9381.8663, Diff_loss = 9382.1842, preserve_loss = 0.0035, adv_loss = -0.7380, discri_loss = 0.6693, sp_cls = 0.0001
EarlyStopping counter: 1 / 20
epoch 37: loss = 9318.1798, Diff_loss = 9318.4920, preserve_loss = 0.0036, adv_loss = -0.7366, discri_loss = 0.6730, sp_cls = 0.0001
EarlyStopping counter: 2 / 20
epoch 38: loss = 9296.4646, Diff_loss = 9296.7506, preserve_loss = 0.0038, adv_loss = -0.7391, discri_loss = 0.6660, sp_cls = 0.0000
Validation loss decreased (9225.471289 --> 9203.907617).  Saving model ...
epoch 39: loss = 9199.3549, Diff_loss = 9199.6380, preserve_loss = 0.0037, adv_loss = -0.7315, discri_loss = 0.6614, sp_cls = 0.0001
Validation loss decreased (9203.907617 --> 9195.822021).  Saving model ...
epoch 40: loss = 9174.0673, Diff_loss = 9174.3485, preserve_loss = 0.0037, adv_loss = -0.7291, discri_loss = 0.6533, sp_cls = 0.0001
inference: loss = 8978.1459, Diff_loss = 8978.5242, preserve_loss = 0.0027, adv_loss = -0.6924
All results recorded in adata.
[I 2026-02-12 00:04:47,345] Trial 52 pruned. 

============================================================
Trial 53: gamma=102.562, lambda_adv=0.601, lambda_sp_cls=0.366, lr=0.00047, dropout=0.22, latent_dim=64, denoise_hidden=512, batch_size=256
============================================================
using cuda
Training start!
epoch 1: loss = 18126.2642, Diff_loss = 15573.8938, preserve_loss = 24.8854, adv_loss = 0.0000, discri_loss = 0.0000, sp_cls = 0.2173
epoch 2: loss = 12804.3638, Diff_loss = 12787.7272, preserve_loss = 0.1622, adv_loss = 0.0000, discri_loss = 0.0000, sp_cls = 0.0051
epoch 3: loss = 12550.8446, Diff_loss = 12543.6951, preserve_loss = 0.0697, adv_loss = 0.0000, discri_loss = 0.0000, sp_cls = 0.0017
epoch 4: loss = 12301.2820, Diff_loss = 12297.0364, preserve_loss = 0.0414, adv_loss = 0.0000, discri_loss = 0.0000, sp_cls = 0.0009
epoch 5: loss = 12013.3149, Diff_loss = 12010.5378, preserve_loss = 0.0271, adv_loss = 0.0000, discri_loss = 0.0000, sp_cls = 0.0005
epoch 6: loss = 11818.8551, Diff_loss = 11816.5680, preserve_loss = 0.0223, adv_loss = 0.0000, discri_loss = 0.0000, sp_cls = 0.0004
epoch 7: loss = 11767.0520, Diff_loss = 11765.5660, preserve_loss = 0.0145, adv_loss = 0.0000, discri_loss = 0.0000, sp_cls = 0.0002
epoch 8: loss = 11604.9174, Diff_loss = 11603.7819, preserve_loss = 0.0111, adv_loss = 0.0000, discri_loss = 0.0000, sp_cls = 0.0002
epoch 9: loss = 11603.1943, Diff_loss = 11602.2752, preserve_loss = 0.0090, adv_loss = 0.0000, discri_loss = 0.0000, sp_cls = 0.0001
epoch 10: loss = 11295.0015, Diff_loss = 11294.1889, preserve_loss = 0.0079, adv_loss = 0.0000, discri_loss = 0.0000, sp_cls = 0.0001
epoch 11: loss = 11229.4100, Diff_loss = 11229.3079, preserve_loss = 0.0073, adv_loss = -1.0680, discri_loss = 1.0126, sp_cls = 0.0001
Validation loss decreased (inf --> 10761.802539).  Saving model ...
epoch 12: loss = 10824.0690, Diff_loss = 10823.9602, preserve_loss = 0.0071, adv_loss = -1.0242, discri_loss = 0.8832, sp_cls = 0.0001
Validation loss decreased (10761.802539 --> 10538.865918).  Saving model ...
epoch 13: loss = 10700.6904, Diff_loss = 10700.5264, preserve_loss = 0.0073, adv_loss = -0.9709, discri_loss = 0.7875, sp_cls = 0.0001
Validation loss decreased (10538.865918 --> 10357.451660).  Saving model ...
epoch 14: loss = 10513.8399, Diff_loss = 10513.7770, preserve_loss = 0.0060, adv_loss = -0.9184, discri_loss = 0.7157, sp_cls = 0.0001
Validation loss decreased (10357.451660 --> 10201.836230).  Saving model ...
epoch 15: loss = 10371.0381, Diff_loss = 10370.9546, preserve_loss = 0.0058, adv_loss = -0.8586, discri_loss = 0.6591, sp_cls = 0.0001
Validation loss decreased (10201.836230 --> 10056.666748).  Saving model ...
epoch 16: loss = 10242.9081, Diff_loss = 10242.8750, preserve_loss = 0.0051, adv_loss = -0.8179, discri_loss = 0.6249, sp_cls = 0.0000
Validation loss decreased (10056.666748 --> 9951.242578).  Saving model ...
epoch 17: loss = 10182.9288, Diff_loss = 10182.8961, preserve_loss = 0.0049, adv_loss = -0.7855, discri_loss = 0.6083, sp_cls = 0.0000
Validation loss decreased (9951.242578 --> 9860.746484).  Saving model ...
epoch 18: loss = 9977.9517, Diff_loss = 9977.9491, preserve_loss = 0.0044, adv_loss = -0.7515, discri_loss = 0.5847, sp_cls = 0.0000
Validation loss decreased (9860.746484 --> 9797.798291).  Saving model ...
epoch 19: loss = 9956.8072, Diff_loss = 9956.8403, preserve_loss = 0.0040, adv_loss = -0.7336, discri_loss = 0.5928, sp_cls = 0.0000
Validation loss decreased (9797.798291 --> 9707.292529).  Saving model ...
epoch 20: loss = 9833.9481, Diff_loss = 9833.9838, preserve_loss = 0.0039, adv_loss = -0.7188, discri_loss = 0.5857, sp_cls = 0.0000
Validation loss decreased (9707.292529 --> 9669.537939).  Saving model ...
epoch 21: loss = 9834.4519, Diff_loss = 9834.5055, preserve_loss = 0.0036, adv_loss = -0.7089, discri_loss = 0.5814, sp_cls = 0.0000
Validation loss decreased (9669.537939 --> 9579.144727).  Saving model ...
epoch 22: loss = 9766.2009, Diff_loss = 9766.2153, preserve_loss = 0.0039, adv_loss = -0.6937, discri_loss = 0.5857, sp_cls = 0.0000
Validation loss decreased (9579.144727 --> 9552.054053).  Saving model ...
epoch 23: loss = 9726.0703, Diff_loss = 9726.1304, preserve_loss = 0.0035, adv_loss = -0.6904, discri_loss = 0.5803, sp_cls = 0.0000
Validation loss decreased (9552.054053 --> 9530.504492).  Saving model ...
epoch 24: loss = 9593.5314, Diff_loss = 9593.5638, preserve_loss = 0.0037, adv_loss = -0.6832, discri_loss = 0.5786, sp_cls = 0.0000
Validation loss decreased (9530.504492 --> 9455.072656).  Saving model ...
epoch 25: loss = 9594.5372, Diff_loss = 9594.5830, preserve_loss = 0.0035, adv_loss = -0.6796, discri_loss = 0.5759, sp_cls = 0.0000
Validation loss decreased (9455.072656 --> 9431.833301).  Saving model ...
epoch 26: loss = 9586.2778, Diff_loss = 9586.3281, preserve_loss = 0.0035, adv_loss = -0.6751, discri_loss = 0.5801, sp_cls = 0.0001
Validation loss decreased (9431.833301 --> 9404.043994).  Saving model ...
epoch 27: loss = 9431.6858, Diff_loss = 9431.7179, preserve_loss = 0.0036, adv_loss = -0.6720, discri_loss = 0.5801, sp_cls = 0.0000
Validation loss decreased (9404.043994 --> 9370.052393).  Saving model ...
epoch 28: loss = 9485.0609, Diff_loss = 9485.0931, preserve_loss = 0.0036, adv_loss = -0.6709, discri_loss = 0.5865, sp_cls = 0.0000
EarlyStopping counter: 1 / 20
epoch 29: loss = 9448.6443, Diff_loss = 9448.6580, preserve_loss = 0.0038, adv_loss = -0.6720, discri_loss = 0.5814, sp_cls = 0.0000
Validation loss decreased (9370.052393 --> 9351.941846).  Saving model ...
epoch 30: loss = 9426.9128, Diff_loss = 9426.9118, preserve_loss = 0.0039, adv_loss = -0.6708, discri_loss = 0.5826, sp_cls = 0.0000
Validation loss decreased (9351.941846 --> 9309.502930).  Saving model ...
epoch 31: loss = 9411.4855, Diff_loss = 9411.4831, preserve_loss = 0.0039, adv_loss = -0.6645, discri_loss = 0.5811, sp_cls = 0.0000
EarlyStopping counter: 1 / 20
epoch 32: loss = 9395.5830, Diff_loss = 9395.5638, preserve_loss = 0.0041, adv_loss = -0.6677, discri_loss = 0.5959, sp_cls = 0.0000
Validation loss decreased (9309.502930 --> 9266.789502).  Saving model ...
epoch 33: loss = 9267.8616, Diff_loss = 9267.8619, preserve_loss = 0.0040, adv_loss = -0.6779, discri_loss = 0.6074, sp_cls = 0.0000
Validation loss decreased (9266.789502 --> 9264.476416).  Saving model ...
epoch 34: loss = 9401.7966, Diff_loss = 9401.7468, preserve_loss = 0.0045, adv_loss = -0.6781, discri_loss = 0.5962, sp_cls = 0.0000
Validation loss decreased (9264.476416 --> 9262.326025).  Saving model ...
epoch 35: loss = 9400.1971, Diff_loss = 9400.1549, preserve_loss = 0.0044, adv_loss = -0.6771, discri_loss = 0.5965, sp_cls = 0.0000
Validation loss decreased (9262.326025 --> 9233.138281).  Saving model ...
epoch 36: loss = 9360.8756, Diff_loss = 9360.8390, preserve_loss = 0.0044, adv_loss = -0.6850, discri_loss = 0.6163, sp_cls = 0.0000
EarlyStopping counter: 1 / 20
epoch 37: loss = 9255.3392, Diff_loss = 9255.2963, preserve_loss = 0.0044, adv_loss = -0.6875, discri_loss = 0.6019, sp_cls = 0.0000
Validation loss decreased (9233.138281 --> 9224.735742).  Saving model ...
epoch 38: loss = 9350.0611, Diff_loss = 9349.9959, preserve_loss = 0.0047, adv_loss = -0.6852, discri_loss = 0.6001, sp_cls = 0.0000
Validation loss decreased (9224.735742 --> 9191.228613).  Saving model ...
epoch 39: loss = 9262.7503, Diff_loss = 9262.6728, preserve_loss = 0.0048, adv_loss = -0.6835, discri_loss = 0.6026, sp_cls = 0.0000
EarlyStopping counter: 1 / 20
epoch 40: loss = 9213.0611, Diff_loss = 9212.9459, preserve_loss = 0.0051, adv_loss = -0.6843, discri_loss = 0.6001, sp_cls = 0.0001
inference: loss = 8957.3576, Diff_loss = 8957.5006, preserve_loss = 0.0022, adv_loss = -0.6174
All results recorded in adata.
[I 2026-02-12 00:14:03,247] Trial 53 pruned. 

============================================================
Trial 54: gamma=82.486, lambda_adv=1.715, lambda_sp_cls=0.767, lr=0.00056, dropout=0.18, latent_dim=64, denoise_hidden=512, batch_size=256
============================================================
using cuda
Training start!
epoch 1: loss = 16283.9616, Diff_loss = 14907.4957, preserve_loss = 16.6854, adv_loss = 0.0000, discri_loss = 0.0000, sp_cls = 0.1914
epoch 2: loss = 12762.9840, Diff_loss = 12753.4135, preserve_loss = 0.1160, adv_loss = 0.0000, discri_loss = 0.0000, sp_cls = 0.0032
epoch 3: loss = 12479.5977, Diff_loss = 12475.4584, preserve_loss = 0.0502, adv_loss = 0.0000, discri_loss = 0.0000, sp_cls = 0.0012
epoch 4: loss = 12296.5894, Diff_loss = 12294.2562, preserve_loss = 0.0283, adv_loss = 0.0000, discri_loss = 0.0000, sp_cls = 0.0006
epoch 5: loss = 11983.3192, Diff_loss = 11981.8166, preserve_loss = 0.0182, adv_loss = 0.0000, discri_loss = 0.0000, sp_cls = 0.0004
epoch 6: loss = 11679.4098, Diff_loss = 11678.3398, preserve_loss = 0.0130, adv_loss = 0.0000, discri_loss = 0.0000, sp_cls = 0.0002
epoch 7: loss = 11631.7507, Diff_loss = 11630.8914, preserve_loss = 0.0104, adv_loss = 0.0000, discri_loss = 0.0000, sp_cls = 0.0001
epoch 8: loss = 11456.3608, Diff_loss = 11455.6538, preserve_loss = 0.0086, adv_loss = 0.0000, discri_loss = 0.0000, sp_cls = 0.0001
epoch 9: loss = 11320.5677, Diff_loss = 11319.9390, preserve_loss = 0.0076, adv_loss = 0.0000, discri_loss = 0.0000, sp_cls = 0.0001
epoch 10: loss = 11149.6022, Diff_loss = 11148.9811, preserve_loss = 0.0075, adv_loss = 0.0000, discri_loss = 0.0000, sp_cls = 0.0000
epoch 11: loss = 11070.5184, Diff_loss = 11071.8245, preserve_loss = 0.0061, adv_loss = -1.0552, discri_loss = 1.0255, sp_cls = 0.0000
Validation loss decreased (inf --> 10620.331250).  Saving model ...
epoch 12: loss = 10822.3797, Diff_loss = 10823.6140, preserve_loss = 0.0058, adv_loss = -1.0000, discri_loss = 0.8181, sp_cls = 0.0000
Validation loss decreased (10620.331250 --> 10426.640430).  Saving model ...
epoch 13: loss = 10645.5912, Diff_loss = 10646.5164, preserve_loss = 0.0079, adv_loss = -0.9199, discri_loss = 0.7009, sp_cls = 0.0000
Validation loss decreased (10426.640430 --> 10236.404639).  Saving model ...
epoch 14: loss = 10379.3390, Diff_loss = 10380.0350, preserve_loss = 0.0092, adv_loss = -0.8504, discri_loss = 0.6368, sp_cls = 0.0000
Validation loss decreased (10236.404639 --> 10082.198145).  Saving model ...
epoch 15: loss = 10203.8855, Diff_loss = 10204.5279, preserve_loss = 0.0086, adv_loss = -0.7873, discri_loss = 0.5971, sp_cls = 0.0000
Validation loss decreased (10082.198145 --> 9974.606104).  Saving model ...
epoch 16: loss = 10158.2337, Diff_loss = 10158.9012, preserve_loss = 0.0074, adv_loss = -0.7452, discri_loss = 0.5786, sp_cls = 0.0000
Validation loss decreased (9974.606104 --> 9872.736670).  Saving model ...
epoch 17: loss = 10143.5912, Diff_loss = 10144.2177, preserve_loss = 0.0073, adv_loss = -0.7165, discri_loss = 0.5718, sp_cls = 0.0000
Validation loss decreased (9872.736670 --> 9798.343066).  Saving model ...
epoch 18: loss = 10029.7945, Diff_loss = 10030.3651, preserve_loss = 0.0075, adv_loss = -0.6954, discri_loss = 0.5664, sp_cls = 0.0000
Validation loss decreased (9798.343066 --> 9713.263867).  Saving model ...
epoch 19: loss = 9859.5309, Diff_loss = 9860.0998, preserve_loss = 0.0073, adv_loss = -0.6842, discri_loss = 0.5622, sp_cls = 0.0000
Validation loss decreased (9713.263867 --> 9700.332275).  Saving model ...
epoch 20: loss = 9779.3686, Diff_loss = 9779.9040, preserve_loss = 0.0075, adv_loss = -0.6722, discri_loss = 0.5583, sp_cls = 0.0000
Validation loss decreased (9700.332275 --> 9618.389502).  Saving model ...
epoch 21: loss = 9847.5164, Diff_loss = 9848.0437, preserve_loss = 0.0074, adv_loss = -0.6646, discri_loss = 0.5643, sp_cls = 0.0000
Validation loss decreased (9618.389502 --> 9584.444629).  Saving model ...
epoch 22: loss = 9770.5800, Diff_loss = 9771.1073, preserve_loss = 0.0072, adv_loss = -0.6556, discri_loss = 0.5626, sp_cls = 0.0000
Validation loss decreased (9584.444629 --> 9545.351855).  Saving model ...
epoch 23: loss = 9663.8154, Diff_loss = 9664.3353, preserve_loss = 0.0074, adv_loss = -0.6569, discri_loss = 0.5607, sp_cls = 0.0000
Validation loss decreased (9545.351855 --> 9520.042041).  Saving model ...
epoch 24: loss = 9663.6299, Diff_loss = 9664.0952, preserve_loss = 0.0079, adv_loss = -0.6522, discri_loss = 0.5589, sp_cls = 0.0000
Validation loss decreased (9520.042041 --> 9480.758740).  Saving model ...
epoch 25: loss = 9574.1107, Diff_loss = 9574.6081, preserve_loss = 0.0077, adv_loss = -0.6586, discri_loss = 0.5721, sp_cls = 0.0000
Validation loss decreased (9480.758740 --> 9433.515283).  Saving model ...
epoch 26: loss = 9494.7731, Diff_loss = 9495.1633, preserve_loss = 0.0089, adv_loss = -0.6556, discri_loss = 0.5710, sp_cls = 0.0000
Validation loss decreased (9433.515283 --> 9426.058936).  Saving model ...
epoch 27: loss = 9521.2287, Diff_loss = 9521.5105, preserve_loss = 0.0101, adv_loss = -0.6493, discri_loss = 0.5602, sp_cls = 0.0000
Validation loss decreased (9426.058936 --> 9404.864600).  Saving model ...
epoch 28: loss = 9523.3353, Diff_loss = 9523.5376, preserve_loss = 0.0110, adv_loss = -0.6467, discri_loss = 0.5603, sp_cls = 0.0000
Validation loss decreased (9404.864600 --> 9355.494531).  Saving model ...
epoch 29: loss = 9365.3798, Diff_loss = 9365.4741, preserve_loss = 0.0122, adv_loss = -0.6438, discri_loss = 0.5550, sp_cls = 0.0000
Validation loss decreased (9355.494531 --> 9354.431445).  Saving model ...
epoch 30: loss = 9406.9497, Diff_loss = 9407.1234, preserve_loss = 0.0113, adv_loss = -0.6439, discri_loss = 0.5616, sp_cls = 0.0000
Validation loss decreased (9354.431445 --> 9304.263428).  Saving model ...
epoch 31: loss = 9387.3329, Diff_loss = 9387.5176, preserve_loss = 0.0111, adv_loss = -0.6416, discri_loss = 0.5583, sp_cls = 0.0000
EarlyStopping counter: 1 / 20
epoch 32: loss = 9242.1005, Diff_loss = 9242.2669, preserve_loss = 0.0113, adv_loss = -0.6389, discri_loss = 0.5567, sp_cls = 0.0000
Validation loss decreased (9304.263428 --> 9295.328223).  Saving model ...
epoch 33: loss = 9330.1406, Diff_loss = 9330.3876, preserve_loss = 0.0103, adv_loss = -0.6400, discri_loss = 0.5591, sp_cls = 0.0000
Validation loss decreased (9295.328223 --> 9283.886621).  Saving model ...
epoch 34: loss = 9258.1397, Diff_loss = 9258.3589, preserve_loss = 0.0106, adv_loss = -0.6376, discri_loss = 0.5643, sp_cls = 0.0000
Validation loss decreased (9283.886621 --> 9261.992285).  Saving model ...
epoch 35: loss = 9318.4803, Diff_loss = 9318.6897, preserve_loss = 0.0107, adv_loss = -0.6376, discri_loss = 0.5615, sp_cls = 0.0000
Validation loss decreased (9261.992285 --> 9245.871533).  Saving model ...
epoch 36: loss = 9353.7438, Diff_loss = 9353.9425, preserve_loss = 0.0109, adv_loss = -0.6379, discri_loss = 0.5607, sp_cls = 0.0000
Validation loss decreased (9245.871533 --> 9227.702393).  Saving model ...
epoch 37: loss = 9274.7718, Diff_loss = 9275.0260, preserve_loss = 0.0103, adv_loss = -0.6418, discri_loss = 0.5583, sp_cls = 0.0000
EarlyStopping counter: 1 / 20
epoch 38: loss = 9225.8860, Diff_loss = 9226.0789, preserve_loss = 0.0109, adv_loss = -0.6356, discri_loss = 0.5506, sp_cls = 0.0000
Validation loss decreased (9227.702393 --> 9197.127637).  Saving model ...
epoch 39: loss = 9223.3434, Diff_loss = 9223.5350, preserve_loss = 0.0108, adv_loss = -0.6303, discri_loss = 0.5528, sp_cls = 0.0000
Validation loss decreased (9197.127637 --> 9165.577344).  Saving model ...
epoch 40: loss = 9204.3919, Diff_loss = 9204.5666, preserve_loss = 0.0111, adv_loss = -0.6343, discri_loss = 0.5557, sp_cls = 0.0000
inference: loss = 8918.6052, Diff_loss = 8919.0542, preserve_loss = 0.0063, adv_loss = -0.5625
All results recorded in adata.
[I 2026-02-12 00:23:21,771] Trial 54 pruned. 

============================================================
Trial 55: gamma=59.705, lambda_adv=1.354, lambda_sp_cls=0.103, lr=0.00039, dropout=0.19, latent_dim=64, denoise_hidden=512, batch_size=256
============================================================
using cuda
Training start!
epoch 1: loss = 17158.4787, Diff_loss = 15526.9161, preserve_loss = 27.3268, adv_loss = 0.0000, discri_loss = 0.0000, sp_cls = 0.2293
epoch 2: loss = 12883.7161, Diff_loss = 12866.3042, preserve_loss = 0.2916, adv_loss = 0.0000, discri_loss = 0.0000, sp_cls = 0.0076
epoch 3: loss = 12639.2187, Diff_loss = 12631.6338, preserve_loss = 0.1270, adv_loss = 0.0000, discri_loss = 0.0000, sp_cls = 0.0028
epoch 4: loss = 12311.4628, Diff_loss = 12306.9787, preserve_loss = 0.0751, adv_loss = 0.0000, discri_loss = 0.0000, sp_cls = 0.0013
epoch 5: loss = 12279.2353, Diff_loss = 12276.2694, preserve_loss = 0.0497, adv_loss = 0.0000, discri_loss = 0.0000, sp_cls = 0.0007
epoch 6: loss = 12062.1678, Diff_loss = 12060.0315, preserve_loss = 0.0358, adv_loss = 0.0000, discri_loss = 0.0000, sp_cls = 0.0005
epoch 7: loss = 11982.6558, Diff_loss = 11980.9661, preserve_loss = 0.0283, adv_loss = 0.0000, discri_loss = 0.0000, sp_cls = 0.0004
epoch 8: loss = 11751.7916, Diff_loss = 11750.3950, preserve_loss = 0.0234, adv_loss = 0.0000, discri_loss = 0.0000, sp_cls = 0.0002
epoch 9: loss = 11598.3907, Diff_loss = 11597.2565, preserve_loss = 0.0190, adv_loss = 0.0000, discri_loss = 0.0000, sp_cls = 0.0001
epoch 10: loss = 11586.0474, Diff_loss = 11585.0489, preserve_loss = 0.0167, adv_loss = 0.0000, discri_loss = 0.0000, sp_cls = 0.0001
epoch 11: loss = 11332.1755, Diff_loss = 11332.6674, preserve_loss = 0.0158, adv_loss = -1.0595, discri_loss = 1.0840, sp_cls = 0.0001
Validation loss decreased (inf --> 10894.710400).  Saving model ...
epoch 12: loss = 11072.2976, Diff_loss = 11072.7414, preserve_loss = 0.0160, adv_loss = -1.0338, discri_loss = 0.9216, sp_cls = 0.0001
Validation loss decreased (10894.710400 --> 10671.853516).  Saving model ...
epoch 13: loss = 10762.6884, Diff_loss = 10763.2405, preserve_loss = 0.0134, adv_loss = -0.9984, discri_loss = 0.8404, sp_cls = 0.0003
Validation loss decreased (10671.853516 --> 10486.325488).  Saving model ...
epoch 14: loss = 10673.7480, Diff_loss = 10674.3650, preserve_loss = 0.0115, adv_loss = -0.9615, discri_loss = 0.7840, sp_cls = 0.0002
Validation loss decreased (10486.325488 --> 10314.220801).  Saving model ...
epoch 15: loss = 10405.4727, Diff_loss = 10406.1056, preserve_loss = 0.0105, adv_loss = -0.9293, discri_loss = 0.7471, sp_cls = 0.0001
Validation loss decreased (10314.220801 --> 10146.136865).  Saving model ...
epoch 16: loss = 10405.2862, Diff_loss = 10405.9901, preserve_loss = 0.0085, adv_loss = -0.8932, discri_loss = 0.7115, sp_cls = 0.0001
Validation loss decreased (10146.136865 --> 10042.896680).  Saving model ...
epoch 17: loss = 10268.8399, Diff_loss = 10269.4920, preserve_loss = 0.0086, adv_loss = -0.8624, discri_loss = 0.6814, sp_cls = 0.0003
Validation loss decreased (10042.896680 --> 9910.811719).  Saving model ...
epoch 18: loss = 10145.4064, Diff_loss = 10146.0676, preserve_loss = 0.0080, adv_loss = -0.8406, discri_loss = 0.6827, sp_cls = 0.0001
Validation loss decreased (9910.811719 --> 9853.799219).  Saving model ...
epoch 19: loss = 10011.8665, Diff_loss = 10012.5353, preserve_loss = 0.0072, adv_loss = -0.8133, discri_loss = 0.6574, sp_cls = 0.0001
Validation loss decreased (9853.799219 --> 9764.575342).  Saving model ...
epoch 20: loss = 9891.1118, Diff_loss = 9891.7358, preserve_loss = 0.0075, adv_loss = -0.7915, discri_loss = 0.6369, sp_cls = 0.0001
Validation loss decreased (9764.575342 --> 9697.964795).  Saving model ...
epoch 21: loss = 9821.2864, Diff_loss = 9821.8689, preserve_loss = 0.0079, adv_loss = -0.7788, discri_loss = 0.6536, sp_cls = 0.0001
Validation loss decreased (9697.964795 --> 9627.144824).  Saving model ...
epoch 22: loss = 9732.8771, Diff_loss = 9733.4613, preserve_loss = 0.0076, adv_loss = -0.7650, discri_loss = 0.6402, sp_cls = 0.0000
Validation loss decreased (9627.144824 --> 9607.302832).  Saving model ...
epoch 23: loss = 9665.3103, Diff_loss = 9665.8636, preserve_loss = 0.0078, adv_loss = -0.7518, discri_loss = 0.6345, sp_cls = 0.0000
Validation loss decreased (9607.302832 --> 9538.188477).  Saving model ...
epoch 24: loss = 9583.6325, Diff_loss = 9584.1461, preserve_loss = 0.0084, adv_loss = -0.7515, discri_loss = 0.6467, sp_cls = 0.0000
Validation loss decreased (9538.188477 --> 9488.412549).  Saving model ...
epoch 25: loss = 9689.6630, Diff_loss = 9690.1098, preserve_loss = 0.0092, adv_loss = -0.7364, discri_loss = 0.6324, sp_cls = 0.0000
Validation loss decreased (9488.412549 --> 9453.673584).  Saving model ...
epoch 26: loss = 9565.6852, Diff_loss = 9565.9993, preserve_loss = 0.0113, adv_loss = -0.7310, discri_loss = 0.6307, sp_cls = 0.0000
Validation loss decreased (9453.673584 --> 9432.464697).  Saving model ...
epoch 27: loss = 9502.2996, Diff_loss = 9502.5235, preserve_loss = 0.0126, adv_loss = -0.7192, discri_loss = 0.6222, sp_cls = 0.0001
Validation loss decreased (9432.464697 --> 9397.520947).  Saving model ...
epoch 28: loss = 9445.1546, Diff_loss = 9445.3955, preserve_loss = 0.0123, adv_loss = -0.7201, discri_loss = 0.6294, sp_cls = 0.0000
Validation loss decreased (9397.520947 --> 9367.846289).  Saving model ...
epoch 29: loss = 9449.9083, Diff_loss = 9450.1712, preserve_loss = 0.0119, adv_loss = -0.7200, discri_loss = 0.6369, sp_cls = 0.0000
Validation loss decreased (9367.846289 --> 9357.640234).  Saving model ...
epoch 30: loss = 9463.0358, Diff_loss = 9463.2684, preserve_loss = 0.0123, adv_loss = -0.7125, discri_loss = 0.6265, sp_cls = 0.0000
Validation loss decreased (9357.640234 --> 9314.402686).  Saving model ...
epoch 31: loss = 9314.8319, Diff_loss = 9315.0634, preserve_loss = 0.0123, adv_loss = -0.7114, discri_loss = 0.6248, sp_cls = 0.0000
Validation loss decreased (9314.402686 --> 9291.171875).  Saving model ...
epoch 32: loss = 9370.4188, Diff_loss = 9370.6782, preserve_loss = 0.0116, adv_loss = -0.7047, discri_loss = 0.6244, sp_cls = 0.0000
Validation loss decreased (9291.171875 --> 9274.186035).  Saving model ...
epoch 33: loss = 9351.4356, Diff_loss = 9351.6874, preserve_loss = 0.0119, adv_loss = -0.7088, discri_loss = 0.6261, sp_cls = 0.0001
Validation loss decreased (9274.186035 --> 9267.805811).  Saving model ...
epoch 34: loss = 9210.8054, Diff_loss = 9211.0930, preserve_loss = 0.0112, adv_loss = -0.7055, discri_loss = 0.6201, sp_cls = 0.0001
Validation loss decreased (9267.805811 --> 9262.620752).  Saving model ...
epoch 35: loss = 9334.8872, Diff_loss = 9335.1384, preserve_loss = 0.0117, adv_loss = -0.7018, discri_loss = 0.6271, sp_cls = 0.0001
EarlyStopping counter: 1 / 20
epoch 36: loss = 9227.3738, Diff_loss = 9227.6833, preserve_loss = 0.0108, adv_loss = -0.7043, discri_loss = 0.6307, sp_cls = 0.0001
Validation loss decreased (9262.620752 --> 9224.841504).  Saving model ...
epoch 37: loss = 9287.8445, Diff_loss = 9288.1557, preserve_loss = 0.0109, adv_loss = -0.7111, discri_loss = 0.6396, sp_cls = 0.0001
Validation loss decreased (9224.841504 --> 9202.524951).  Saving model ...
epoch 38: loss = 9157.5629, Diff_loss = 9157.8857, preserve_loss = 0.0105, adv_loss = -0.7033, discri_loss = 0.6265, sp_cls = 0.0001
Validation loss decreased (9202.524951 --> 9195.372510).  Saving model ...
epoch 39: loss = 9259.6656, Diff_loss = 9259.9768, preserve_loss = 0.0108, adv_loss = -0.7043, discri_loss = 0.6284, sp_cls = 0.0000
Validation loss decreased (9195.372510 --> 9183.536035).  Saving model ...
epoch 40: loss = 9217.7315, Diff_loss = 9218.0513, preserve_loss = 0.0106, adv_loss = -0.7048, discri_loss = 0.6297, sp_cls = 0.0001
inference: loss = 8914.1392, Diff_loss = 8914.6042, preserve_loss = 0.0069, adv_loss = -0.6455
All results recorded in adata.
EarlyStopping counter: 1 / 20
epoch 41: loss = 9310.9650, Diff_loss = 9311.2918, preserve_loss = 0.0106, adv_loss = -0.7071, discri_loss = 0.6353, sp_cls = 0.0000
Validation loss decreased (9183.536035 --> 9151.152295).  Saving model ...
epoch 42: loss = 9212.0322, Diff_loss = 9212.3636, preserve_loss = 0.0105, adv_loss = -0.7067, discri_loss = 0.6329, sp_cls = 0.0000
EarlyStopping counter: 1 / 20
epoch 43: loss = 9226.7677, Diff_loss = 9227.1066, preserve_loss = 0.0103, adv_loss = -0.7056, discri_loss = 0.6304, sp_cls = 0.0000
Validation loss decreased (9151.152295 --> 9149.828027).  Saving model ...
epoch 44: loss = 9072.8895, Diff_loss = 9073.2480, preserve_loss = 0.0100, adv_loss = -0.7062, discri_loss = 0.6279, sp_cls = 0.0000
EarlyStopping counter: 1 / 20
epoch 45: loss = 9187.1344, Diff_loss = 9187.4872, preserve_loss = 0.0101, adv_loss = -0.7059, discri_loss = 0.6306, sp_cls = 0.0001
Validation loss decreased (9149.828027 --> 9147.992139).  Saving model ...
epoch 46: loss = 9058.9960, Diff_loss = 9059.3715, preserve_loss = 0.0097, adv_loss = -0.7043, discri_loss = 0.6283, sp_cls = 0.0001
EarlyStopping counter: 1 / 20
epoch 47: loss = 9165.4278, Diff_loss = 9165.7962, preserve_loss = 0.0098, adv_loss = -0.7031, discri_loss = 0.6263, sp_cls = 0.0000
Validation loss decreased (9147.992139 --> 9146.485547).  Saving model ...
epoch 48: loss = 9047.0158, Diff_loss = 9047.3994, preserve_loss = 0.0095, adv_loss = -0.7036, discri_loss = 0.6269, sp_cls = 0.0000
Validation loss decreased (9146.485547 --> 9129.455713).  Saving model ...
epoch 49: loss = 9030.5789, Diff_loss = 9030.9452, preserve_loss = 0.0098, adv_loss = -0.7011, discri_loss = 0.6251, sp_cls = 0.0001
EarlyStopping counter: 1 / 20
epoch 50: loss = 9095.4100, Diff_loss = 9095.8134, preserve_loss = 0.0092, adv_loss = -0.7019, discri_loss = 0.6233, sp_cls = 0.0000
inference: loss = 8790.7789, Diff_loss = 8791.2769, preserve_loss = 0.0063, adv_loss = -0.6462
All results recorded in adata.
Validation loss decreased (9129.455713 --> 9107.964160).  Saving model ...
epoch 51: loss = 9084.3965, Diff_loss = 9084.7954, preserve_loss = 0.0093, adv_loss = -0.7028, discri_loss = 0.6162, sp_cls = 0.0000
EarlyStopping counter: 1 / 20
epoch 52: loss = 9163.0086, Diff_loss = 9163.4062, preserve_loss = 0.0092, adv_loss = -0.6981, discri_loss = 0.6154, sp_cls = 0.0000
Validation loss decreased (9107.964160 --> 9102.423486).  Saving model ...
epoch 53: loss = 9091.9290, Diff_loss = 9092.3292, preserve_loss = 0.0091, adv_loss = -0.6979, discri_loss = 0.6171, sp_cls = 0.0001
EarlyStopping counter: 1 / 20
epoch 54: loss = 9073.3687, Diff_loss = 9073.7677, preserve_loss = 0.0091, adv_loss = -0.6948, discri_loss = 0.6122, sp_cls = 0.0000
EarlyStopping counter: 2 / 20
epoch 55: loss = 8994.6541, Diff_loss = 8995.0392, preserve_loss = 0.0093, adv_loss = -0.6928, discri_loss = 0.6114, sp_cls = 0.0001
EarlyStopping counter: 3 / 20
epoch 56: loss = 9058.1886, Diff_loss = 9058.5958, preserve_loss = 0.0089, adv_loss = -0.6910, discri_loss = 0.6126, sp_cls = 0.0000
EarlyStopping counter: 4 / 20
epoch 57: loss = 9056.3476, Diff_loss = 9056.7640, preserve_loss = 0.0087, adv_loss = -0.6907, discri_loss = 0.6132, sp_cls = 0.0000
EarlyStopping counter: 5 / 20
epoch 58: loss = 9112.4095, Diff_loss = 9112.8201, preserve_loss = 0.0088, adv_loss = -0.6898, discri_loss = 0.6031, sp_cls = 0.0000
EarlyStopping counter: 6 / 20
epoch 59: loss = 8999.7338, Diff_loss = 9000.1460, preserve_loss = 0.0088, adv_loss = -0.6906, discri_loss = 0.6032, sp_cls = 0.0001
Validation loss decreased (9102.423486 --> 9083.752539).  Saving model ...
epoch 60: loss = 8983.8440, Diff_loss = 8984.2639, preserve_loss = 0.0085, adv_loss = -0.6868, discri_loss = 0.6009, sp_cls = 0.0001
inference: loss = 8728.0624, Diff_loss = 8728.5647, preserve_loss = 0.0057, adv_loss = -0.6240
All results recorded in adata.
EarlyStopping counter: 1 / 20
epoch 61: loss = 9033.6805, Diff_loss = 9034.0786, preserve_loss = 0.0089, adv_loss = -0.6862, discri_loss = 0.6032, sp_cls = 0.0001
Validation loss decreased (9083.752539 --> 9081.577979).  Saving model ...
epoch 62: loss = 9021.2106, Diff_loss = 9021.6246, preserve_loss = 0.0086, adv_loss = -0.6849, discri_loss = 0.5985, sp_cls = 0.0000
EarlyStopping counter: 1 / 20
epoch 63: loss = 9052.9091, Diff_loss = 9053.3137, preserve_loss = 0.0087, adv_loss = -0.6825, discri_loss = 0.5941, sp_cls = 0.0000
EarlyStopping counter: 2 / 20
epoch 64: loss = 9064.6379, Diff_loss = 9065.0418, preserve_loss = 0.0086, adv_loss = -0.6794, discri_loss = 0.5896, sp_cls = 0.0001
Validation loss decreased (9081.577979 --> 9064.905615).  Saving model ...
epoch 65: loss = 9022.6005, Diff_loss = 9023.0015, preserve_loss = 0.0087, adv_loss = -0.6794, discri_loss = 0.5941, sp_cls = 0.0000
EarlyStopping counter: 1 / 20
epoch 66: loss = 9017.6313, Diff_loss = 9018.0159, preserve_loss = 0.0088, adv_loss = -0.6733, discri_loss = 0.5823, sp_cls = 0.0000
EarlyStopping counter: 2 / 20
epoch 67: loss = 9010.0765, Diff_loss = 9010.4751, preserve_loss = 0.0086, adv_loss = -0.6717, discri_loss = 0.5816, sp_cls = 0.0001
EarlyStopping counter: 3 / 20
epoch 68: loss = 9000.1040, Diff_loss = 9000.4893, preserve_loss = 0.0087, adv_loss = -0.6695, discri_loss = 0.5780, sp_cls = 0.0000
Validation loss decreased (9064.905615 --> 9056.005225).  Saving model ...
epoch 69: loss = 8993.7790, Diff_loss = 8994.1766, preserve_loss = 0.0084, adv_loss = -0.6658, discri_loss = 0.5726, sp_cls = 0.0001
EarlyStopping counter: 1 / 20
epoch 70: loss = 9059.9905, Diff_loss = 9060.3744, preserve_loss = 0.0086, adv_loss = -0.6634, discri_loss = 0.5679, sp_cls = 0.0001
inference: loss = 8721.6189, Diff_loss = 8722.0772, preserve_loss = 0.0057, adv_loss = -0.5903
All results recorded in adata.
EarlyStopping counter: 2 / 20
epoch 71: loss = 9012.7524, Diff_loss = 9013.1263, preserve_loss = 0.0087, adv_loss = -0.6618, discri_loss = 0.5737, sp_cls = 0.0001
EarlyStopping counter: 3 / 20
epoch 72: loss = 8961.9563, Diff_loss = 8962.3410, preserve_loss = 0.0086, adv_loss = -0.6630, discri_loss = 0.5729, sp_cls = 0.0001
EarlyStopping counter: 4 / 20
epoch 73: loss = 8985.2390, Diff_loss = 8985.6230, preserve_loss = 0.0085, adv_loss = -0.6599, discri_loss = 0.5647, sp_cls = 0.0000
EarlyStopping counter: 5 / 20
epoch 74: loss = 8987.4197, Diff_loss = 8987.7920, preserve_loss = 0.0087, adv_loss = -0.6571, discri_loss = 0.5635, sp_cls = 0.0001
EarlyStopping counter: 6 / 20
epoch 75: loss = 9068.6133, Diff_loss = 9068.9961, preserve_loss = 0.0085, adv_loss = -0.6559, discri_loss = 0.5660, sp_cls = 0.0000
EarlyStopping counter: 7 / 20
epoch 76: loss = 9062.0297, Diff_loss = 9062.4074, preserve_loss = 0.0085, adv_loss = -0.6536, discri_loss = 0.5700, sp_cls = 0.0000
EarlyStopping counter: 8 / 20
epoch 77: loss = 8941.3636, Diff_loss = 8941.7495, preserve_loss = 0.0083, adv_loss = -0.6511, discri_loss = 0.5636, sp_cls = 0.0000
EarlyStopping counter: 9 / 20
epoch 78: loss = 9027.3745, Diff_loss = 9027.7659, preserve_loss = 0.0082, adv_loss = -0.6490, discri_loss = 0.5614, sp_cls = 0.0000
EarlyStopping counter: 10 / 20
epoch 79: loss = 9057.3223, Diff_loss = 9057.7145, preserve_loss = 0.0082, adv_loss = -0.6499, discri_loss = 0.5594, sp_cls = 0.0000
EarlyStopping counter: 11 / 20
epoch 80: loss = 8994.3617, Diff_loss = 8994.7550, preserve_loss = 0.0082, adv_loss = -0.6514, discri_loss = 0.5668, sp_cls = 0.0001
inference: loss = 8730.8671, Diff_loss = 8731.3334, preserve_loss = 0.0053, adv_loss = -0.5781
All results recorded in adata.
EarlyStopping counter: 12 / 20
epoch 81: loss = 9032.6604, Diff_loss = 9033.0449, preserve_loss = 0.0082, adv_loss = -0.6459, discri_loss = 0.5573, sp_cls = 0.0001
EarlyStopping counter: 13 / 20
epoch 82: loss = 9028.9772, Diff_loss = 9029.3750, preserve_loss = 0.0081, adv_loss = -0.6495, discri_loss = 0.5603, sp_cls = 0.0000
EarlyStopping counter: 14 / 20
epoch 83: loss = 8947.5489, Diff_loss = 8947.9501, preserve_loss = 0.0080, adv_loss = -0.6469, discri_loss = 0.5627, sp_cls = 0.0001
EarlyStopping counter: 15 / 20
epoch 84: loss = 9073.0040, Diff_loss = 9073.3996, preserve_loss = 0.0081, adv_loss = -0.6471, discri_loss = 0.5690, sp_cls = 0.0000
EarlyStopping counter: 16 / 20
epoch 85: loss = 9085.0505, Diff_loss = 9085.4529, preserve_loss = 0.0079, adv_loss = -0.6461, discri_loss = 0.5645, sp_cls = 0.0001
EarlyStopping counter: 17 / 20
epoch 86: loss = 9015.4215, Diff_loss = 9015.8088, preserve_loss = 0.0082, adv_loss = -0.6470, discri_loss = 0.5672, sp_cls = 0.0001
EarlyStopping counter: 18 / 20
epoch 87: loss = 8990.7144, Diff_loss = 8991.1198, preserve_loss = 0.0078, adv_loss = -0.6448, discri_loss = 0.5626, sp_cls = 0.0000
EarlyStopping counter: 19 / 20
epoch 88: loss = 8893.9434, Diff_loss = 8894.3357, preserve_loss = 0.0080, adv_loss = -0.6435, discri_loss = 0.5609, sp_cls = 0.0000
EarlyStopping counter: 20 / 20
Early stopping at epoch 88
Training finished!
inference: loss = 8721.8406, Diff_loss = 8722.3247, preserve_loss = 0.0054, adv_loss = -0.5940
All results recorded in adata.
>>> Trial 55 score=0.5367
    [Bio] NMI=0.5165, ARI=0.4247, label_ASW=0.5283, cLISI=0.9497, iso_ASW=0.5186, iso_F1=0.5462
    [Batch] sil=0.9781, iLISI=0.2835, kBET=0.0660, PCR=0.0000
    [Modality] sil=0.9986, iLISI=0.3086, kBET=0.1700, PCR=0.7870, graph_conn=0.9728
[I 2026-02-12 00:47:05,613] Trial 55 finished with value: 0.5366813732485468 and parameters: {'gamma': 59.70462856276077, 'lambda_adv': 1.3544411589604621, 'lr': 0.0003908570259668408, 'dropout_rate': 0.19314187249562112, 'latent_dim': 64, 'lambda_sp_cls': 0.10336647189969453, 'batch_size': 256}. Best is trial 15 with value: 0.5537243471958723.

============================================================
Trial 56: gamma=139.451, lambda_adv=3.045, lambda_sp_cls=0.524, lr=0.00062, dropout=0.23, latent_dim=20, denoise_hidden=512, batch_size=256
============================================================
using cuda
Training start!
epoch 1: loss = 16225.6137, Diff_loss = 15071.1287, preserve_loss = 8.2768, adv_loss = 0.0000, discri_loss = 0.0000, sp_cls = 0.5260
epoch 2: loss = 12823.6927, Diff_loss = 12818.3895, preserve_loss = 0.0379, adv_loss = 0.0000, discri_loss = 0.0000, sp_cls = 0.0294
epoch 3: loss = 12502.7788, Diff_loss = 12500.7673, preserve_loss = 0.0144, adv_loss = 0.0000, discri_loss = 0.0000, sp_cls = 0.0055
epoch 4: loss = 12018.7698, Diff_loss = 12016.9715, preserve_loss = 0.0129, adv_loss = 0.0000, discri_loss = 0.0000, sp_cls = 0.0022
epoch 5: loss = 11955.7611, Diff_loss = 11954.7531, preserve_loss = 0.0072, adv_loss = 0.0000, discri_loss = 0.0000, sp_cls = 0.0013
epoch 6: loss = 11702.0938, Diff_loss = 11701.4153, preserve_loss = 0.0049, adv_loss = 0.0000, discri_loss = 0.0000, sp_cls = 0.0007
epoch 7: loss = 11635.9771, Diff_loss = 11635.3136, preserve_loss = 0.0048, adv_loss = 0.0000, discri_loss = 0.0000, sp_cls = 0.0005
epoch 8: loss = 11456.9315, Diff_loss = 11456.3445, preserve_loss = 0.0042, adv_loss = 0.0000, discri_loss = 0.0000, sp_cls = 0.0004
epoch 9: loss = 11326.0470, Diff_loss = 11324.5266, preserve_loss = 0.0109, adv_loss = 0.0000, discri_loss = 0.0000, sp_cls = 0.0003
epoch 10: loss = 11207.7142, Diff_loss = 11205.8867, preserve_loss = 0.0131, adv_loss = 0.0000, discri_loss = 0.0000, sp_cls = 0.0004
epoch 11: loss = 11033.1500, Diff_loss = 11035.1364, preserve_loss = 0.0088, adv_loss = -1.0553, discri_loss = 1.0525, sp_cls = 0.0003
Validation loss decreased (inf --> 10571.680811).  Saving model ...
epoch 12: loss = 10713.7123, Diff_loss = 10715.7557, preserve_loss = 0.0073, adv_loss = -1.0078, discri_loss = 0.8988, sp_cls = 0.0002
Validation loss decreased (10571.680811 --> 10375.566016).  Saving model ...
epoch 13: loss = 10734.1183, Diff_loss = 10735.9703, preserve_loss = 0.0078, adv_loss = -0.9639, discri_loss = 0.8489, sp_cls = 0.0001
Validation loss decreased (10375.566016 --> 10238.141650).  Saving model ...
epoch 14: loss = 10319.2601, Diff_loss = 10321.0059, preserve_loss = 0.0077, adv_loss = -0.9253, discri_loss = 0.7994, sp_cls = 0.0001
Validation loss decreased (10238.141650 --> 10095.817041).  Saving model ...
epoch 15: loss = 10259.2388, Diff_loss = 10261.1781, preserve_loss = 0.0058, adv_loss = -0.9030, discri_loss = 0.7990, sp_cls = 0.0001
Validation loss decreased (10095.817041 --> 9973.375635).  Saving model ...
epoch 16: loss = 10217.4240, Diff_loss = 10219.3617, preserve_loss = 0.0053, adv_loss = -0.8810, discri_loss = 0.7789, sp_cls = 0.0000
Validation loss decreased (9973.375635 --> 9895.710889).  Saving model ...
epoch 17: loss = 10022.1480, Diff_loss = 10024.0468, preserve_loss = 0.0052, adv_loss = -0.8617, discri_loss = 0.7607, sp_cls = 0.0000
Validation loss decreased (9895.710889 --> 9819.566650).  Saving model ...
epoch 18: loss = 9967.0634, Diff_loss = 9968.8723, preserve_loss = 0.0054, adv_loss = -0.8419, discri_loss = 0.7549, sp_cls = 0.0000
Validation loss decreased (9819.566650 --> 9765.980811).  Saving model ...
epoch 19: loss = 9892.6567, Diff_loss = 9894.4874, preserve_loss = 0.0048, adv_loss = -0.8223, discri_loss = 0.7483, sp_cls = 0.0000
Validation loss decreased (9765.980811 --> 9713.039209).  Saving model ...
epoch 20: loss = 9818.4074, Diff_loss = 9820.2922, preserve_loss = 0.0044, adv_loss = -0.8209, discri_loss = 0.7533, sp_cls = 0.0000
Validation loss decreased (9713.039209 --> 9689.988330).  Saving model ...
epoch 21: loss = 9924.1985, Diff_loss = 9925.9505, preserve_loss = 0.0053, adv_loss = -0.8162, discri_loss = 0.7481, sp_cls = 0.0000
Validation loss decreased (9689.988330 --> 9606.685303).  Saving model ...
epoch 22: loss = 9792.0947, Diff_loss = 9793.9289, preserve_loss = 0.0046, adv_loss = -0.8127, discri_loss = 0.7468, sp_cls = 0.0000
Validation loss decreased (9606.685303 --> 9580.238428).  Saving model ...
epoch 23: loss = 9705.5125, Diff_loss = 9707.3003, preserve_loss = 0.0050, adv_loss = -0.8147, discri_loss = 0.7474, sp_cls = 0.0000
EarlyStopping counter: 1 / 20
epoch 24: loss = 9712.3074, Diff_loss = 9714.0410, preserve_loss = 0.0053, adv_loss = -0.8108, discri_loss = 0.7468, sp_cls = 0.0000
Validation loss decreased (9580.238428 --> 9515.841260).  Saving model ...
epoch 25: loss = 9612.8345, Diff_loss = 9614.6194, preserve_loss = 0.0049, adv_loss = -0.8099, discri_loss = 0.7446, sp_cls = 0.0000
Validation loss decreased (9515.841260 --> 9508.649072).  Saving model ...
epoch 26: loss = 9665.1321, Diff_loss = 9666.9165, preserve_loss = 0.0049, adv_loss = -0.8119, discri_loss = 0.7443, sp_cls = 0.0000
Validation loss decreased (9508.649072 --> 9482.604883).  Saving model ...
epoch 27: loss = 9621.8986, Diff_loss = 9623.6733, preserve_loss = 0.0049, adv_loss = -0.8079, discri_loss = 0.7327, sp_cls = 0.0000
Validation loss decreased (9482.604883 --> 9466.289111).  Saving model ...
epoch 28: loss = 9571.9672, Diff_loss = 9573.7268, preserve_loss = 0.0049, adv_loss = -0.8002, discri_loss = 0.7344, sp_cls = 0.0000
Validation loss decreased (9466.289111 --> 9433.982910).  Saving model ...
epoch 29: loss = 9518.6856, Diff_loss = 9520.4354, preserve_loss = 0.0050, adv_loss = -0.8018, discri_loss = 0.7305, sp_cls = 0.0000
Validation loss decreased (9433.982910 --> 9418.057617).  Saving model ...
epoch 30: loss = 9424.6685, Diff_loss = 9426.3857, preserve_loss = 0.0053, adv_loss = -0.8052, discri_loss = 0.7425, sp_cls = 0.0000
Validation loss decreased (9418.057617 --> 9394.924414).  Saving model ...
epoch 31: loss = 9491.6882, Diff_loss = 9493.3446, preserve_loss = 0.0057, adv_loss = -0.8051, discri_loss = 0.7385, sp_cls = 0.0000
Validation loss decreased (9394.924414 --> 9378.594385).  Saving model ...
epoch 32: loss = 9421.8374, Diff_loss = 9423.4801, preserve_loss = 0.0058, adv_loss = -0.8030, discri_loss = 0.7309, sp_cls = 0.0000
EarlyStopping counter: 1 / 20
epoch 33: loss = 9471.5315, Diff_loss = 9473.0727, preserve_loss = 0.0065, adv_loss = -0.8028, discri_loss = 0.7370, sp_cls = 0.0000
Validation loss decreased (9378.594385 --> 9375.497070).  Saving model ...
epoch 34: loss = 9405.9015, Diff_loss = 9407.4216, preserve_loss = 0.0066, adv_loss = -0.8037, discri_loss = 0.7366, sp_cls = 0.0000
Validation loss decreased (9375.497070 --> 9352.644775).  Saving model ...
epoch 35: loss = 9409.3601, Diff_loss = 9410.7935, preserve_loss = 0.0071, adv_loss = -0.7979, discri_loss = 0.7259, sp_cls = 0.0000
Validation loss decreased (9352.644775 --> 9327.232227).  Saving model ...
epoch 36: loss = 9383.9025, Diff_loss = 9385.3452, preserve_loss = 0.0070, adv_loss = -0.7963, discri_loss = 0.7296, sp_cls = 0.0000
Validation loss decreased (9327.232227 --> 9316.701416).  Saving model ...
epoch 37: loss = 9369.7600, Diff_loss = 9371.1027, preserve_loss = 0.0077, adv_loss = -0.7926, discri_loss = 0.7195, sp_cls = 0.0000
Validation loss decreased (9316.701416 --> 9310.175293).  Saving model ...
epoch 38: loss = 9300.5862, Diff_loss = 9301.8627, preserve_loss = 0.0081, adv_loss = -0.7924, discri_loss = 0.7246, sp_cls = 0.0000
Validation loss decreased (9310.175293 --> 9298.476709).  Saving model ...
epoch 39: loss = 9342.9914, Diff_loss = 9344.3779, preserve_loss = 0.0073, adv_loss = -0.7915, discri_loss = 0.7288, sp_cls = 0.0000
Validation loss decreased (9298.476709 --> 9273.446533).  Saving model ...
epoch 40: loss = 9287.7366, Diff_loss = 9289.0838, preserve_loss = 0.0077, adv_loss = -0.7940, discri_loss = 0.7280, sp_cls = 0.0000
inference: loss = 9045.5020, Diff_loss = 9047.1952, preserve_loss = 0.0042, adv_loss = -0.7471
All results recorded in adata.
[I 2026-02-12 00:56:13,000] Trial 56 pruned. 

============================================================
Trial 57: gamma=157.735, lambda_adv=2.145, lambda_sp_cls=0.253, lr=0.00044, dropout=0.21, latent_dim=64, denoise_hidden=512, batch_size=128
============================================================
using cuda
Training start!
epoch 1: loss = 15645.4559, Diff_loss = 14372.1498, preserve_loss = 8.0723, adv_loss = 0.0000, discri_loss = 0.0000, sp_cls = 0.0989
epoch 2: loss = 12620.9173, Diff_loss = 12613.1468, preserve_loss = 0.0493, adv_loss = 0.0000, discri_loss = 0.0000, sp_cls = 0.0019
epoch 3: loss = 12319.8297, Diff_loss = 12316.6913, preserve_loss = 0.0199, adv_loss = 0.0000, discri_loss = 0.0000, sp_cls = 0.0006
epoch 4: loss = 11861.9231, Diff_loss = 11860.1909, preserve_loss = 0.0110, adv_loss = 0.0000, discri_loss = 0.0000, sp_cls = 0.0003
epoch 5: loss = 11566.4568, Diff_loss = 11565.3743, preserve_loss = 0.0069, adv_loss = 0.0000, discri_loss = 0.0000, sp_cls = 0.0002
epoch 6: loss = 11569.0840, Diff_loss = 11568.2961, preserve_loss = 0.0050, adv_loss = 0.0000, discri_loss = 0.0000, sp_cls = 0.0001
epoch 7: loss = 11317.9241, Diff_loss = 11317.3307, preserve_loss = 0.0038, adv_loss = 0.0000, discri_loss = 0.0000, sp_cls = 0.0001
epoch 8: loss = 11062.3511, Diff_loss = 11061.8633, preserve_loss = 0.0031, adv_loss = 0.0000, discri_loss = 0.0000, sp_cls = 0.0001
epoch 9: loss = 10897.4691, Diff_loss = 10897.0038, preserve_loss = 0.0029, adv_loss = 0.0000, discri_loss = 0.0000, sp_cls = 0.0000
epoch 10: loss = 10843.5443, Diff_loss = 10843.0331, preserve_loss = 0.0032, adv_loss = 0.0000, discri_loss = 0.0000, sp_cls = 0.0000
epoch 11: loss = 10593.3355, Diff_loss = 10594.8642, preserve_loss = 0.0046, adv_loss = -1.0513, discri_loss = 0.9905, sp_cls = 0.0002
Validation loss decreased (inf --> 10284.060889).  Saving model ...
epoch 12: loss = 10406.1296, Diff_loss = 10407.3421, preserve_loss = 0.0056, adv_loss = -0.9738, discri_loss = 0.7962, sp_cls = 0.0001
Validation loss decreased (10284.060889 --> 10084.189294).  Saving model ...
epoch 13: loss = 10289.8410, Diff_loss = 10291.0036, preserve_loss = 0.0049, adv_loss = -0.8994, discri_loss = 0.6976, sp_cls = 0.0000
Validation loss decreased (10084.189294 --> 9936.705371).  Saving model ...
epoch 14: loss = 9940.5416, Diff_loss = 9941.7320, preserve_loss = 0.0038, adv_loss = -0.8361, discri_loss = 0.6418, sp_cls = 0.0001
Validation loss decreased (9936.705371 --> 9786.142126).  Saving model ...
epoch 15: loss = 9921.7975, Diff_loss = 9922.9825, preserve_loss = 0.0031, adv_loss = -0.7834, discri_loss = 0.6084, sp_cls = 0.0000
Validation loss decreased (9786.142126 --> 9708.204785).  Saving model ...
epoch 16: loss = 9897.1877, Diff_loss = 9898.2982, preserve_loss = 0.0031, adv_loss = -0.7431, discri_loss = 0.5846, sp_cls = 0.0000
Validation loss decreased (9708.204785 --> 9604.888672).  Saving model ...
epoch 17: loss = 9810.5139, Diff_loss = 9811.5844, preserve_loss = 0.0030, adv_loss = -0.7191, discri_loss = 0.5854, sp_cls = 0.0000
Validation loss decreased (9604.888672 --> 9542.053882).  Saving model ...
epoch 18: loss = 9675.1722, Diff_loss = 9676.1422, preserve_loss = 0.0033, adv_loss = -0.6951, discri_loss = 0.5660, sp_cls = 0.0002
Validation loss decreased (9542.053882 --> 9495.486951).  Saving model ...
epoch 19: loss = 9711.3740, Diff_loss = 9712.3646, preserve_loss = 0.0030, adv_loss = -0.6794, discri_loss = 0.5620, sp_cls = 0.0000
Validation loss decreased (9495.486951 --> 9465.412292).  Saving model ...
epoch 20: loss = 9563.1753, Diff_loss = 9564.1586, preserve_loss = 0.0029, adv_loss = -0.6714, discri_loss = 0.5663, sp_cls = 0.0000
Validation loss decreased (9465.412292 --> 9430.584546).  Saving model ...
epoch 21: loss = 9635.0455, Diff_loss = 9636.0222, preserve_loss = 0.0028, adv_loss = -0.6579, discri_loss = 0.5641, sp_cls = 0.0000
Validation loss decreased (9430.584546 --> 9389.723962).  Saving model ...
epoch 22: loss = 9574.1778, Diff_loss = 9575.1222, preserve_loss = 0.0029, adv_loss = -0.6512, discri_loss = 0.5587, sp_cls = 0.0000
Validation loss decreased (9389.723962 --> 9382.663586).  Saving model ...
epoch 23: loss = 9490.9600, Diff_loss = 9491.9053, preserve_loss = 0.0028, adv_loss = -0.6494, discri_loss = 0.5676, sp_cls = 0.0000
Validation loss decreased (9382.663586 --> 9362.628735).  Saving model ...
epoch 24: loss = 9492.3257, Diff_loss = 9493.2677, preserve_loss = 0.0028, adv_loss = -0.6464, discri_loss = 0.5658, sp_cls = 0.0000
Validation loss decreased (9362.628735 --> 9324.953394).  Saving model ...
epoch 25: loss = 9332.0435, Diff_loss = 9332.9743, preserve_loss = 0.0028, adv_loss = -0.6390, discri_loss = 0.5532, sp_cls = 0.0000
EarlyStopping counter: 1 / 20
epoch 26: loss = 9436.1057, Diff_loss = 9437.0484, preserve_loss = 0.0027, adv_loss = -0.6414, discri_loss = 0.5657, sp_cls = 0.0000
Validation loss decreased (9324.953394 --> 9290.836548).  Saving model ...
epoch 27: loss = 9455.6569, Diff_loss = 9456.6038, preserve_loss = 0.0027, adv_loss = -0.6379, discri_loss = 0.5516, sp_cls = 0.0000
Validation loss decreased (9290.836548 --> 9286.216846).  Saving model ...
epoch 28: loss = 9462.3294, Diff_loss = 9463.2741, preserve_loss = 0.0027, adv_loss = -0.6401, discri_loss = 0.5676, sp_cls = 0.0000
EarlyStopping counter: 1 / 20
epoch 29: loss = 9449.1567, Diff_loss = 9450.1109, preserve_loss = 0.0026, adv_loss = -0.6366, discri_loss = 0.5590, sp_cls = 0.0000
Validation loss decreased (9286.216846 --> 9283.286157).  Saving model ...
epoch 30: loss = 9289.1047, Diff_loss = 9290.0696, preserve_loss = 0.0026, adv_loss = -0.6420, discri_loss = 0.5669, sp_cls = 0.0000
Validation loss decreased (9283.286157 --> 9236.378540).  Saving model ...
epoch 31: loss = 9336.0319, Diff_loss = 9337.0215, preserve_loss = 0.0024, adv_loss = -0.6383, discri_loss = 0.5630, sp_cls = 0.0000
EarlyStopping counter: 1 / 20
epoch 32: loss = 9344.1474, Diff_loss = 9345.1025, preserve_loss = 0.0025, adv_loss = -0.6325, discri_loss = 0.5610, sp_cls = 0.0000
Validation loss decreased (9236.378540 --> 9234.410840).  Saving model ...
epoch 33: loss = 9352.3192, Diff_loss = 9353.2987, preserve_loss = 0.0024, adv_loss = -0.6368, discri_loss = 0.5609, sp_cls = 0.0000
Validation loss decreased (9234.410840 --> 9185.074841).  Saving model ...
epoch 34: loss = 9355.8729, Diff_loss = 9356.8509, preserve_loss = 0.0025, adv_loss = -0.6404, discri_loss = 0.5680, sp_cls = 0.0000
EarlyStopping counter: 1 / 20
epoch 35: loss = 9164.3074, Diff_loss = 9165.2831, preserve_loss = 0.0025, adv_loss = -0.6390, discri_loss = 0.5563, sp_cls = 0.0000
EarlyStopping counter: 2 / 20
epoch 36: loss = 9274.1937, Diff_loss = 9275.1976, preserve_loss = 0.0024, adv_loss = -0.6411, discri_loss = 0.5609, sp_cls = 0.0000
EarlyStopping counter: 3 / 20
epoch 37: loss = 9199.1477, Diff_loss = 9200.1411, preserve_loss = 0.0024, adv_loss = -0.6395, discri_loss = 0.5586, sp_cls = 0.0000
Validation loss decreased (9185.074841 --> 9179.642004).  Saving model ...
epoch 38: loss = 9217.3301, Diff_loss = 9218.3155, preserve_loss = 0.0024, adv_loss = -0.6374, discri_loss = 0.5580, sp_cls = 0.0000
Validation loss decreased (9179.642004 --> 9174.750977).  Saving model ...
epoch 39: loss = 9301.5120, Diff_loss = 9302.5035, preserve_loss = 0.0024, adv_loss = -0.6379, discri_loss = 0.5512, sp_cls = 0.0000
Validation loss decreased (9174.750977 --> 9156.229236).  Saving model ...
epoch 40: loss = 9122.4228, Diff_loss = 9123.4258, preserve_loss = 0.0023, adv_loss = -0.6386, discri_loss = 0.5609, sp_cls = 0.0000
inference: loss = 8913.8311, Diff_loss = 8914.7715, preserve_loss = 0.0014, adv_loss = -0.5436
All results recorded in adata.
[I 2026-02-12 01:13:27,359] Trial 57 pruned. 

============================================================
Trial 58: gamma=253.303, lambda_adv=0.628, lambda_sp_cls=0.367, lr=0.00037, dropout=0.21, latent_dim=32, denoise_hidden=512, batch_size=256
============================================================
using cuda
Training start!
epoch 1: loss = 19256.3703, Diff_loss = 15440.3512, preserve_loss = 15.0643, adv_loss = 0.0000, discri_loss = 0.0000, sp_cls = 0.4916
epoch 2: loss = 12961.7438, Diff_loss = 12940.2774, preserve_loss = 0.0847, adv_loss = 0.0000, discri_loss = 0.0000, sp_cls = 0.0463
epoch 3: loss = 12654.6818, Diff_loss = 12645.4346, preserve_loss = 0.0365, adv_loss = 0.0000, discri_loss = 0.0000, sp_cls = 0.0145
epoch 4: loss = 12448.0513, Diff_loss = 12443.2356, preserve_loss = 0.0190, adv_loss = 0.0000, discri_loss = 0.0000, sp_cls = 0.0072
epoch 5: loss = 12257.8277, Diff_loss = 12254.7834, preserve_loss = 0.0120, adv_loss = 0.0000, discri_loss = 0.0000, sp_cls = 0.0041
epoch 6: loss = 12245.5585, Diff_loss = 12243.4563, preserve_loss = 0.0083, adv_loss = 0.0000, discri_loss = 0.0000, sp_cls = 0.0026
epoch 7: loss = 11966.0694, Diff_loss = 11964.5672, preserve_loss = 0.0059, adv_loss = 0.0000, discri_loss = 0.0000, sp_cls = 0.0018
epoch 8: loss = 11790.8950, Diff_loss = 11789.7450, preserve_loss = 0.0045, adv_loss = 0.0000, discri_loss = 0.0000, sp_cls = 0.0013
epoch 9: loss = 11675.9349, Diff_loss = 11675.0520, preserve_loss = 0.0035, adv_loss = 0.0000, discri_loss = 0.0000, sp_cls = 0.0009
epoch 10: loss = 11543.4264, Diff_loss = 11542.7369, preserve_loss = 0.0027, adv_loss = 0.0000, discri_loss = 0.0000, sp_cls = 0.0006
epoch 11: loss = 11406.9428, Diff_loss = 11407.1250, preserve_loss = 0.0019, adv_loss = -1.0767, discri_loss = 1.1075, sp_cls = 0.0003
Validation loss decreased (inf --> 10955.348779).  Saving model ...
epoch 12: loss = 11182.5962, Diff_loss = 11182.8883, preserve_loss = 0.0015, adv_loss = -1.0636, discri_loss = 0.9895, sp_cls = 0.0002
Validation loss decreased (10955.348779 --> 10744.233398).  Saving model ...
epoch 13: loss = 10912.2017, Diff_loss = 10912.4973, preserve_loss = 0.0014, adv_loss = -1.0369, discri_loss = 0.9222, sp_cls = 0.0001
Validation loss decreased (10744.233398 --> 10552.008594).  Saving model ...
epoch 14: loss = 10856.2198, Diff_loss = 10856.4662, preserve_loss = 0.0015, adv_loss = -1.0084, discri_loss = 0.8670, sp_cls = 0.0001
Validation loss decreased (10552.008594 --> 10372.751953).  Saving model ...
epoch 15: loss = 10480.8102, Diff_loss = 10481.1540, preserve_loss = 0.0011, adv_loss = -0.9812, discri_loss = 0.8402, sp_cls = 0.0001
Validation loss decreased (10372.751953 --> 10214.992383).  Saving model ...
epoch 16: loss = 10384.7131, Diff_loss = 10385.0553, preserve_loss = 0.0010, adv_loss = -0.9574, discri_loss = 0.8184, sp_cls = 0.0000
Validation loss decreased (10214.992383 --> 10100.599854).  Saving model ...
epoch 17: loss = 10274.8873, Diff_loss = 10275.1837, preserve_loss = 0.0011, adv_loss = -0.9346, discri_loss = 0.7937, sp_cls = 0.0000
Validation loss decreased (10100.599854 --> 9971.743213).  Saving model ...
epoch 18: loss = 10092.8129, Diff_loss = 10093.1110, preserve_loss = 0.0011, adv_loss = -0.9134, discri_loss = 0.7765, sp_cls = 0.0000
Validation loss decreased (9971.743213 --> 9900.370557).  Saving model ...
epoch 19: loss = 10068.3721, Diff_loss = 10068.6559, preserve_loss = 0.0011, adv_loss = -0.8927, discri_loss = 0.7673, sp_cls = 0.0000
Validation loss decreased (9900.370557 --> 9792.055029).  Saving model ...
epoch 20: loss = 9918.0980, Diff_loss = 9918.3402, preserve_loss = 0.0012, adv_loss = -0.8833, discri_loss = 0.7661, sp_cls = 0.0000
Validation loss decreased (9792.055029 --> 9721.071680).  Saving model ...
epoch 21: loss = 9930.5205, Diff_loss = 9930.7027, preserve_loss = 0.0014, adv_loss = -0.8680, discri_loss = 0.7528, sp_cls = 0.0000
Validation loss decreased (9721.071680 --> 9693.647852).  Saving model ...
epoch 22: loss = 9826.0532, Diff_loss = 9826.2454, preserve_loss = 0.0014, adv_loss = -0.8554, discri_loss = 0.7463, sp_cls = 0.0000
Validation loss decreased (9693.647852 --> 9608.608496).  Saving model ...
epoch 23: loss = 9736.6305, Diff_loss = 9736.7750, preserve_loss = 0.0015, adv_loss = -0.8506, discri_loss = 0.7548, sp_cls = 0.0000
Validation loss decreased (9608.608496 --> 9603.955273).  Saving model ...
epoch 24: loss = 9701.1297, Diff_loss = 9701.1809, preserve_loss = 0.0019, adv_loss = -0.8436, discri_loss = 0.7427, sp_cls = 0.0000
Validation loss decreased (9603.955273 --> 9532.424756).  Saving model ...
epoch 25: loss = 9700.8134, Diff_loss = 9700.8292, preserve_loss = 0.0020, adv_loss = -0.8358, discri_loss = 0.7396, sp_cls = 0.0000
Validation loss decreased (9532.424756 --> 9471.829346).  Saving model ...
epoch 26: loss = 9613.1230, Diff_loss = 9613.0989, preserve_loss = 0.0022, adv_loss = -0.8294, discri_loss = 0.7325, sp_cls = 0.0000
Validation loss decreased (9471.829346 --> 9454.984277).  Saving model ...
epoch 27: loss = 9510.3607, Diff_loss = 9510.2609, preserve_loss = 0.0024, adv_loss = -0.8244, discri_loss = 0.7327, sp_cls = 0.0000
Validation loss decreased (9454.984277 --> 9414.170020).  Saving model ...
epoch 28: loss = 9612.0988, Diff_loss = 9611.9298, preserve_loss = 0.0027, adv_loss = -0.8179, discri_loss = 0.7286, sp_cls = 0.0000
Validation loss decreased (9414.170020 --> 9408.176123).  Saving model ...
epoch 29: loss = 9456.2770, Diff_loss = 9456.0636, preserve_loss = 0.0029, adv_loss = -0.8133, discri_loss = 0.7159, sp_cls = 0.0000
Validation loss decreased (9408.176123 --> 9348.568311).  Saving model ...
epoch 30: loss = 9552.6888, Diff_loss = 9552.4107, preserve_loss = 0.0031, adv_loss = -0.8075, discri_loss = 0.7178, sp_cls = 0.0000
Validation loss decreased (9348.568311 --> 9342.003320).  Saving model ...
epoch 31: loss = 9447.1195, Diff_loss = 9446.8416, preserve_loss = 0.0031, adv_loss = -0.8033, discri_loss = 0.7099, sp_cls = 0.0000
Validation loss decreased (9342.003320 --> 9325.495410).  Saving model ...
epoch 32: loss = 9383.1657, Diff_loss = 9382.8627, preserve_loss = 0.0032, adv_loss = -0.8005, discri_loss = 0.7140, sp_cls = 0.0000
Validation loss decreased (9325.495410 --> 9309.200439).  Saving model ...
epoch 33: loss = 9339.2689, Diff_loss = 9338.9330, preserve_loss = 0.0033, adv_loss = -0.7965, discri_loss = 0.7146, sp_cls = 0.0000
Validation loss decreased (9309.200439 --> 9287.290283).  Saving model ...
epoch 34: loss = 9305.8017, Diff_loss = 9305.5083, preserve_loss = 0.0031, adv_loss = -0.7941, discri_loss = 0.7112, sp_cls = 0.0000
EarlyStopping counter: 1 / 20
epoch 35: loss = 9358.8333, Diff_loss = 9358.4228, preserve_loss = 0.0036, adv_loss = -0.7920, discri_loss = 0.7060, sp_cls = 0.0000
Validation loss decreased (9287.290283 --> 9271.927881).  Saving model ...
epoch 36: loss = 9326.2705, Diff_loss = 9325.8875, preserve_loss = 0.0035, adv_loss = -0.7914, discri_loss = 0.7155, sp_cls = 0.0000
Validation loss decreased (9271.927881 --> 9271.537988).  Saving model ...
epoch 37: loss = 9282.3676, Diff_loss = 9281.9602, preserve_loss = 0.0036, adv_loss = -0.7905, discri_loss = 0.7076, sp_cls = 0.0000
Validation loss decreased (9271.537988 --> 9244.189551).  Saving model ...
epoch 38: loss = 9283.0558, Diff_loss = 9282.6212, preserve_loss = 0.0037, adv_loss = -0.7876, discri_loss = 0.7119, sp_cls = 0.0000
Validation loss decreased (9244.189551 --> 9232.739795).  Saving model ...
epoch 39: loss = 9303.2501, Diff_loss = 9302.7399, preserve_loss = 0.0040, adv_loss = -0.7899, discri_loss = 0.7170, sp_cls = 0.0000
Validation loss decreased (9232.739795 --> 9229.030176).  Saving model ...
epoch 40: loss = 9221.7443, Diff_loss = 9221.3329, preserve_loss = 0.0036, adv_loss = -0.7883, discri_loss = 0.7067, sp_cls = 0.0000
inference: loss = 9000.1082, Diff_loss = 9000.0109, preserve_loss = 0.0023, adv_loss = -0.7528
All results recorded in adata.
[I 2026-02-12 01:22:35,071] Trial 58 pruned. 

============================================================
Trial 59: gamma=209.154, lambda_adv=0.446, lambda_sp_cls=0.642, lr=0.00051, dropout=0.20, latent_dim=64, denoise_hidden=512, batch_size=256
============================================================
using cuda
Training start!
epoch 1: loss = 20176.5525, Diff_loss = 15254.0792, preserve_loss = 23.5345, adv_loss = 0.0000, discri_loss = 0.0000, sp_cls = 0.1943
epoch 2: loss = 12799.2211, Diff_loss = 12781.4443, preserve_loss = 0.0850, adv_loss = 0.0000, discri_loss = 0.0000, sp_cls = 0.0035
epoch 3: loss = 12462.7398, Diff_loss = 12455.3245, preserve_loss = 0.0354, adv_loss = 0.0000, discri_loss = 0.0000, sp_cls = 0.0011
epoch 4: loss = 12188.5630, Diff_loss = 12184.3987, preserve_loss = 0.0199, adv_loss = 0.0000, discri_loss = 0.0000, sp_cls = 0.0005
epoch 5: loss = 11957.0971, Diff_loss = 11954.3892, preserve_loss = 0.0129, adv_loss = 0.0000, discri_loss = 0.0000, sp_cls = 0.0003
epoch 6: loss = 11843.1500, Diff_loss = 11841.2377, preserve_loss = 0.0091, adv_loss = 0.0000, discri_loss = 0.0000, sp_cls = 0.0002
epoch 7: loss = 11698.7518, Diff_loss = 11697.2662, preserve_loss = 0.0071, adv_loss = 0.0000, discri_loss = 0.0000, sp_cls = 0.0001
epoch 8: loss = 11581.0105, Diff_loss = 11579.7047, preserve_loss = 0.0062, adv_loss = 0.0000, discri_loss = 0.0000, sp_cls = 0.0001
epoch 9: loss = 11289.8797, Diff_loss = 11288.7366, preserve_loss = 0.0055, adv_loss = 0.0000, discri_loss = 0.0000, sp_cls = 0.0001
epoch 10: loss = 11225.8456, Diff_loss = 11224.6929, preserve_loss = 0.0055, adv_loss = 0.0000, discri_loss = 0.0000, sp_cls = 0.0001
epoch 11: loss = 11076.7561, Diff_loss = 11076.0915, preserve_loss = 0.0055, adv_loss = -1.0674, discri_loss = 1.0081, sp_cls = 0.0001
Validation loss decreased (inf --> 10689.785889).  Saving model ...
epoch 12: loss = 10835.0326, Diff_loss = 10834.4425, preserve_loss = 0.0050, adv_loss = -1.0104, discri_loss = 0.8536, sp_cls = 0.0001
Validation loss decreased (10689.785889 --> 10493.620361).  Saving model ...
epoch 13: loss = 10752.5989, Diff_loss = 10752.1203, preserve_loss = 0.0043, adv_loss = -0.9485, discri_loss = 0.7619, sp_cls = 0.0001
Validation loss decreased (10493.620361 --> 10306.271631).  Saving model ...
epoch 14: loss = 10489.7574, Diff_loss = 10489.3955, preserve_loss = 0.0036, adv_loss = -0.8808, discri_loss = 0.6928, sp_cls = 0.0001
Validation loss decreased (10306.271631 --> 10178.761523).  Saving model ...
epoch 15: loss = 10359.0115, Diff_loss = 10358.7100, preserve_loss = 0.0032, adv_loss = -0.8248, discri_loss = 0.6452, sp_cls = 0.0001
Validation loss decreased (10178.761523 --> 10080.541797).  Saving model ...
epoch 16: loss = 10227.0046, Diff_loss = 10226.8494, preserve_loss = 0.0024, adv_loss = -0.7711, discri_loss = 0.6066, sp_cls = 0.0001
Validation loss decreased (10080.541797 --> 9962.092432).  Saving model ...
epoch 17: loss = 10089.5606, Diff_loss = 10089.4374, preserve_loss = 0.0022, adv_loss = -0.7347, discri_loss = 0.5947, sp_cls = 0.0000
Validation loss decreased (9962.092432 --> 9858.860693).  Saving model ...
epoch 18: loss = 9970.5865, Diff_loss = 9970.4913, preserve_loss = 0.0020, adv_loss = -0.7162, discri_loss = 0.5958, sp_cls = 0.0000
Validation loss decreased (9858.860693 --> 9769.981396).  Saving model ...
epoch 19: loss = 9856.5606, Diff_loss = 9856.3993, preserve_loss = 0.0023, adv_loss = -0.7018, discri_loss = 0.5995, sp_cls = 0.0000
Validation loss decreased (9769.981396 --> 9690.991699).  Saving model ...
epoch 20: loss = 9790.8233, Diff_loss = 9790.7896, preserve_loss = 0.0016, adv_loss = -0.6946, discri_loss = 0.6097, sp_cls = 0.0000
Validation loss decreased (9690.991699 --> 9621.545996).  Saving model ...
epoch 21: loss = 9764.2914, Diff_loss = 9764.2771, preserve_loss = 0.0015, adv_loss = -0.6933, discri_loss = 0.6205, sp_cls = 0.0000
Validation loss decreased (9621.545996 --> 9558.216162).  Saving model ...
epoch 22: loss = 9703.9958, Diff_loss = 9703.9891, preserve_loss = 0.0015, adv_loss = -0.6882, discri_loss = 0.6099, sp_cls = 0.0000
Validation loss decreased (9558.216162 --> 9508.863037).  Saving model ...
epoch 23: loss = 9623.9402, Diff_loss = 9623.9226, preserve_loss = 0.0015, adv_loss = -0.6786, discri_loss = 0.6024, sp_cls = 0.0000
Validation loss decreased (9508.863037 --> 9459.263623).  Saving model ...
epoch 24: loss = 9545.8747, Diff_loss = 9545.7961, preserve_loss = 0.0018, adv_loss = -0.6751, discri_loss = 0.6025, sp_cls = 0.0000
Validation loss decreased (9459.263623 --> 9438.452637).  Saving model ...
epoch 25: loss = 9578.6382, Diff_loss = 9578.5910, preserve_loss = 0.0017, adv_loss = -0.6747, discri_loss = 0.5998, sp_cls = 0.0000
Validation loss decreased (9438.452637 --> 9420.273828).  Saving model ...
epoch 26: loss = 9459.2885, Diff_loss = 9459.2463, preserve_loss = 0.0016, adv_loss = -0.6749, discri_loss = 0.6125, sp_cls = 0.0000
Validation loss decreased (9420.273828 --> 9386.401074).  Saving model ...
epoch 27: loss = 9554.1980, Diff_loss = 9554.1593, preserve_loss = 0.0016, adv_loss = -0.6685, discri_loss = 0.6026, sp_cls = 0.0000
Validation loss decreased (9386.401074 --> 9348.053662).  Saving model ...
epoch 28: loss = 9493.8983, Diff_loss = 9493.8511, preserve_loss = 0.0017, adv_loss = -0.6701, discri_loss = 0.5989, sp_cls = 0.0000
Validation loss decreased (9348.053662 --> 9330.515137).  Saving model ...
epoch 29: loss = 9336.8476, Diff_loss = 9336.7633, preserve_loss = 0.0018, adv_loss = -0.6666, discri_loss = 0.5901, sp_cls = 0.0000
Validation loss decreased (9330.515137 --> 9282.576953).  Saving model ...
epoch 30: loss = 9504.0257, Diff_loss = 9503.7443, preserve_loss = 0.0028, adv_loss = -0.6698, discri_loss = 0.6099, sp_cls = 0.0001
EarlyStopping counter: 1 / 20
epoch 31: loss = 9459.9774, Diff_loss = 9459.8999, preserve_loss = 0.0018, adv_loss = -0.6700, discri_loss = 0.6022, sp_cls = 0.0000
EarlyStopping counter: 2 / 20
epoch 32: loss = 9341.4470, Diff_loss = 9341.3833, preserve_loss = 0.0017, adv_loss = -0.6704, discri_loss = 0.6152, sp_cls = 0.0000
Validation loss decreased (9282.576953 --> 9267.166162).  Saving model ...
epoch 33: loss = 9366.0350, Diff_loss = 9365.9697, preserve_loss = 0.0017, adv_loss = -0.6704, discri_loss = 0.6048, sp_cls = 0.0000
Validation loss decreased (9267.166162 --> 9265.426611).  Saving model ...
epoch 34: loss = 9256.8927, Diff_loss = 9256.8454, preserve_loss = 0.0017, adv_loss = -0.6689, discri_loss = 0.6092, sp_cls = 0.0000
EarlyStopping counter: 1 / 20
epoch 35: loss = 9275.1185, Diff_loss = 9275.0563, preserve_loss = 0.0017, adv_loss = -0.6731, discri_loss = 0.6143, sp_cls = 0.0000
Validation loss decreased (9265.426611 --> 9233.713184).  Saving model ...
epoch 36: loss = 9254.3422, Diff_loss = 9254.2806, preserve_loss = 0.0017, adv_loss = -0.6828, discri_loss = 0.6266, sp_cls = 0.0000
Validation loss decreased (9233.713184 --> 9221.810352).  Saving model ...
epoch 37: loss = 9245.5121, Diff_loss = 9245.4514, preserve_loss = 0.0018, adv_loss = -0.6865, discri_loss = 0.6319, sp_cls = 0.0000
Validation loss decreased (9221.810352 --> 9206.154395).  Saving model ...
epoch 38: loss = 9260.7589, Diff_loss = 9260.7089, preserve_loss = 0.0017, adv_loss = -0.6829, discri_loss = 0.6135, sp_cls = 0.0000
EarlyStopping counter: 1 / 20
epoch 39: loss = 9181.6684, Diff_loss = 9181.6269, preserve_loss = 0.0017, adv_loss = -0.6834, discri_loss = 0.6228, sp_cls = 0.0000
Validation loss decreased (9206.154395 --> 9198.669043).  Saving model ...
epoch 40: loss = 9224.1476, Diff_loss = 9224.0962, preserve_loss = 0.0017, adv_loss = -0.6848, discri_loss = 0.6224, sp_cls = 0.0000
inference: loss = 8922.6521, Diff_loss = 8922.6676, preserve_loss = 0.0013, adv_loss = -0.6441
All results recorded in adata.
[I 2026-02-12 01:31:55,145] Trial 59 pruned. 

============================================================
Trial 60: gamma=76.085, lambda_adv=0.940, lambda_sp_cls=1.130, lr=0.00057, dropout=0.20, latent_dim=64, denoise_hidden=512, batch_size=256
============================================================
using cuda
Training start!
epoch 1: loss = 16749.3288, Diff_loss = 14803.7382, preserve_loss = 25.5689, adv_loss = 0.0000, discri_loss = 0.0000, sp_cls = 0.1659
epoch 2: loss = 12630.9823, Diff_loss = 12620.4687, preserve_loss = 0.1382, adv_loss = 0.0000, discri_loss = 0.0000, sp_cls = 0.0020
epoch 3: loss = 12454.1168, Diff_loss = 12449.5697, preserve_loss = 0.0598, adv_loss = 0.0000, discri_loss = 0.0000, sp_cls = 0.0007
epoch 4: loss = 12107.4196, Diff_loss = 12104.8644, preserve_loss = 0.0336, adv_loss = 0.0000, discri_loss = 0.0000, sp_cls = 0.0003
epoch 5: loss = 12008.1472, Diff_loss = 12006.4841, preserve_loss = 0.0219, adv_loss = 0.0000, discri_loss = 0.0000, sp_cls = 0.0002
epoch 6: loss = 11704.4698, Diff_loss = 11703.3168, preserve_loss = 0.0152, adv_loss = 0.0000, discri_loss = 0.0000, sp_cls = 0.0001
epoch 7: loss = 11668.3354, Diff_loss = 11667.4748, preserve_loss = 0.0113, adv_loss = 0.0000, discri_loss = 0.0000, sp_cls = 0.0001
epoch 8: loss = 11425.6400, Diff_loss = 11424.9691, preserve_loss = 0.0088, adv_loss = 0.0000, discri_loss = 0.0000, sp_cls = 0.0001
epoch 9: loss = 11337.6636, Diff_loss = 11337.1177, preserve_loss = 0.0072, adv_loss = 0.0000, discri_loss = 0.0000, sp_cls = 0.0000
epoch 10: loss = 11262.6524, Diff_loss = 11262.1150, preserve_loss = 0.0071, adv_loss = 0.0000, discri_loss = 0.0000, sp_cls = 0.0000
epoch 11: loss = 10977.4930, Diff_loss = 10978.0816, preserve_loss = 0.0055, adv_loss = -1.0681, discri_loss = 1.0218, sp_cls = 0.0000
Validation loss decreased (inf --> 10603.787109).  Saving model ...
epoch 12: loss = 10798.9558, Diff_loss = 10799.4438, preserve_loss = 0.0061, adv_loss = -1.0141, discri_loss = 0.8696, sp_cls = 0.0000
Validation loss decreased (10603.787109 --> 10421.794189).  Saving model ...
epoch 13: loss = 10701.5085, Diff_loss = 10701.7294, preserve_loss = 0.0088, adv_loss = -0.9476, discri_loss = 0.7766, sp_cls = 0.0000
Validation loss decreased (10421.794189 --> 10221.679248).  Saving model ...
epoch 14: loss = 10376.4620, Diff_loss = 10376.2466, preserve_loss = 0.0138, adv_loss = -0.8910, discri_loss = 0.7073, sp_cls = 0.0001
Validation loss decreased (10221.679248 --> 10089.442676).  Saving model ...
